{"type": "FeatureCollection", "features": [{"id": "0", "type": "Feature", "properties": {}, "geometry": {"type": "MultiPolygon", "coordinates": [[[[-117.7997, 34.0207], [-117.7924, 34.0251], [-117.7913, 34.0353], [-117.7767, 34.0302], [-117.771, 34.023], [-117.7622, 34.0236], [-117.7545, 34.0298], [-117.752, 34.0238], [-117.7474, 34.0225], [-117.7448, 34.0291], [-117.7397, 34.0261], [-117.7285, 34.0316], [-117.7285, 34.0534], [-117.7209, 34.0537], [-117.7216, 34.0597], [-117.7168, 34.0606], [-117.7149, 34.0647], [-117.7148, 34.0912], [-117.7068, 34.0893], [-117.7029, 34.0912], [-117.7023, 34.0839], [-117.6977, 34.082], [-117.6883, 34.0867], [-117.6861, 34.0959], [-117.6903, 34.099], [-117.7009, 34.0958], [-117.699, 34.0999], [-117.7035, 34.1026], [-117.7098, 34.098], [-117.7377, 34.0997], [-117.7408, 34.097], [-117.7393, 34.0933], [-117.7454, 34.0928], [-117.7442, 34.104], [-117.7027, 34.1035], [-117.6992, 34.1063], [-117.7006, 34.1098], [-117.7449, 34.11], [-117.7874, 34.1248], [-117.8135, 34.1277], [-117.8113, 34.1216], [-117.799, 34.1219], [-117.7957, 34.1189], [-117.7864, 34.1183], [-117.7528, 34.1042], [-117.7528, 34.1007], [-117.7782, 34.1075], [-117.7831, 34.1043], [-117.7809, 34.1007], [-117.7669, 34.0968], [-117.7674, 34.0907], [-117.7556, 34.0871], [-117.7569, 34.0824], [-117.7616, 34.0858], [-117.7657, 34.0819], [-117.7626, 34.075], [-117.7561, 34.0764], [-117.7566, 34.0722], [-117.7839, 34.0669], [-117.78, 34.0746], [-117.7858, 34.0773], [-117.792, 34.0699], [-117.7919, 34.065], [-117.8032, 34.0631], [-117.8093, 34.0569], [-117.8047, 34.0532], [-117.7973, 34.0579], [-117.773, 34.06], [-117.7686, 34.0583], [-117.7706, 34.0575], [-117.7778, 34.0574], [-117.7791, 34.0521], [-117.7544, 34.0513], [-117.7538, 34.0371], [-117.7679, 34.0293], [-117.7783, 34.0394], [-117.7908, 34.0394], [-117.7944, 34.0459], [-117.8057, 34.0483], [-117.816, 34.0612], [-117.8224, 34.0597], [-117.8219, 34.056], [-117.818, 34.0546], [-117.8244, 34.0527], [-117.824, 34.0481], [-117.8027, 34.0418], [-117.8104, 34.036], [-117.8053, 34.0327], [-117.8003, 34.037], [-117.8004, 34.0286], [-117.8046, 34.0242], [-117.7997, 34.0207]], [[-117.7359, 34.0863], [-117.7323, 34.0894], [-117.7282, 34.0867], [-117.7237, 34.0891], [-117.7222, 34.07], [-117.7281, 34.0641], [-117.7282, 34.0571], [-117.7324, 34.0592], [-117.7289, 34.063], [-117.7322, 34.0663], [-117.7359, 34.0863]], [[-117.7237, 34.092], [-117.7246, 34.093], [-117.7238, 34.0928], [-117.7237, 34.092]], [[-117.733, 34.0918], [-117.734, 34.093], [-117.7315, 34.0926], [-117.733, 34.0918]], [[-117.7338, 34.0591], [-117.7362, 34.059], [-117.7349, 34.0594], [-117.7338, 34.0591]], [[-117.7455, 34.0516], [-117.7369, 34.0517], [-117.7356, 34.0391], [-117.7447, 34.0305], [-117.7453, 34.0317], [-117.7455, 34.0516]], [[-117.7396, 34.0586], [-117.7406, 34.0589], [-117.7389, 34.0594], [-117.7396, 34.0586]], [[-117.7488, 34.0828], [-117.7458, 34.0874], [-117.742, 34.0864], [-117.7454, 34.0796], [-117.7402, 34.0733], [-117.741, 34.0662], [-117.7481, 34.0659], [-117.7488, 34.0828]], [[-117.7451, 34.0588], [-117.7422, 34.059], [-117.7433, 34.0588], [-117.7451, 34.0588]], [[-117.7561, 34.0929], [-117.7579, 34.0947], [-117.7539, 34.094], [-117.7561, 34.0929]], [[-117.7567, 34.0583], [-117.7579, 34.0585], [-117.7566, 34.0589], [-117.7567, 34.0583]], [[-117.7611, 34.0579], [-117.7627, 34.0584], [-117.7594, 34.0585], [-117.7611, 34.0579]], [[-117.7603, 34.0962], [-117.759, 34.0951], [-117.7599, 34.0952], [-117.7603, 34.0962]], [[-117.7658, 34.0579], [-117.7685, 34.0583], [-117.7664, 34.0591], [-117.7658, 34.0579]]], [[[-117.7776, 34.0184], [-117.7736, 34.0223], [-117.7783, 34.0256], [-117.7823, 34.0218], [-117.7776, 34.0184]]], [[[-117.7922, 34.05], [-117.7831, 34.0496], [-117.7812, 34.0545], [-117.792, 34.0567], [-117.7944, 34.0535], [-117.7922, 34.05]]], [[[-117.7876, 34.1026], [-117.7838, 34.1051], [-117.7851, 34.109], [-117.7971, 34.1091], [-117.7965, 34.1038], [-117.7876, 34.1026]]], [[[-118.6109, 34.1454], [-118.6009, 34.1496], [-118.6014, 34.1647], [-118.5856, 34.1627], [-118.567, 34.1688], [-118.5478, 34.1695], [-118.519, 34.1586], [-118.3985, 34.1397], [-118.3922, 34.1301], [-118.3873, 34.1322], [-118.3884, 34.1375], [-118.3731, 34.1378], [-118.354, 34.1285], [-118.3438, 34.1201], [-118.3397, 34.1131], [-118.3428, 34.1053], [-118.3669, 34.1055], [-118.3696, 34.0999], [-118.4077, 34.0899], [-118.4191, 34.0818], [-118.4361, 34.0861], [-118.4433, 34.0794], [-118.4438, 34.073], [-118.4514, 34.074], [-118.4505, 34.0778], [-118.4537, 34.0803], [-118.4585, 34.0785], [-118.4584, 34.0727], [-118.4705, 34.0785], [-118.4732, 34.0677], [-118.4798, 34.0621], [-118.4895, 34.0602], [-118.4913, 34.0635], [-118.4962, 34.0637], [-118.5015, 34.0566], [-118.5135, 34.0542], [-118.5193, 34.0471], [-118.5278, 34.0532], [-118.5406, 34.0525], [-118.5468, 34.0503], [-118.5482, 34.0459], [-118.5533, 34.0478], [-118.558, 34.0432], [-118.5635, 34.0427], [-118.5686, 34.0456], [-118.5722, 34.0414], [-118.5573, 34.0349], [-118.5503, 34.0382], [-118.536, 34.0322], [-118.5312, 34.0365], [-118.5404, 34.0422], [-118.5392, 34.0449], [-118.5248, 34.0417], [-118.5224, 34.026], [-118.5184, 34.0243], [-118.5139, 34.0265], [-118.5021, 34.0174], [-118.5016, 34.0121], [-118.4783, 33.9911], [-118.4586, 33.9637], [-118.4537, 33.9628], [-118.449, 33.967], [-118.4549, 33.9766], [-118.4536, 33.9814], [-118.4444, 33.9789], [-118.4435, 33.9755], [-118.45, 33.9731], [-118.447, 33.9687], [-118.4343, 33.9755], [-118.4343, 33.9704], [-118.4284, 33.9635], [-118.4504, 33.9623], [-118.4534, 33.9584], [-118.4507, 33.955], [-118.4415, 33.9527], [-118.4343, 33.9559], [-118.4296, 33.9523], [-118.4249, 33.9563], [-118.4117, 33.9565], [-118.4096, 33.9619], [-118.4173, 33.9636], [-118.4215, 33.9695], [-118.4106, 33.9765], [-118.4042, 33.9743], [-118.399, 33.9795], [-118.3968, 33.9747], [-118.4007, 33.9636], [-118.407, 33.9628], [-118.4084, 33.9586], [-118.3956, 33.9509], [-118.3946, 33.9464], [-118.3795, 33.9383], [-118.3857, 33.9344], [-118.4187, 33.9345], [-118.4199, 33.9182], [-118.4161, 33.9153], [-118.4024, 33.9162], [-118.3967, 33.9123], [-118.3915, 33.9157], [-118.3829, 33.9126], [-118.3831, 33.908], [-118.3966, 33.9094], [-118.4002, 33.9057], [-118.4137, 33.9039], [-118.4211, 33.9096], [-118.4251, 33.9057], [-118.404, 33.8626], [-118.4014, 33.8508], [-118.3966, 33.8486], [-118.3974, 33.8448], [-118.393, 33.8414], [-118.3903, 33.8133], [-118.3949, 33.8058], [-118.3944, 33.7991], [-118.3892, 33.7967], [-118.3848, 33.8004], [-118.3728, 33.7991], [-118.3701, 33.7933], [-118.38, 33.7899], [-118.3804, 33.7859], [-118.3761, 33.7829], [-118.3802, 33.78], [-118.3884, 33.782], [-118.3891, 33.7874], [-118.3849, 33.7909], [-118.3884, 33.7946], [-118.3966, 33.7935], [-118.3984, 33.7896], [-118.4079, 33.7849], [-118.4079, 33.7857], [-118.4059, 33.7888], [-118.3998, 33.7923], [-118.4052, 33.7965], [-118.4087, 33.7921], [-118.4197, 33.789], [-118.4273, 33.7773], [-118.4178, 33.7696], [-118.4176, 33.7571], [-118.4059, 33.7424], [-118.3962, 33.7393], [-118.3824, 33.7412], [-118.367, 33.7365], [-118.3667, 33.7424], [-118.3894, 33.7484], [-118.3918, 33.7543], [-118.3863, 33.758], [-118.3878, 33.7727], [-118.3829, 33.7686], [-118.3853, 33.7649], [-118.3822, 33.7561], [-118.3668, 33.7605], [-118.3675, 33.7665], [-118.3621, 33.7699], [-118.368, 33.777], [-118.3652, 33.7797], [-118.3683, 33.7854], [-118.3655, 33.7886], [-118.3547, 33.7791], [-118.3478, 33.781], [-118.3543, 33.7902], [-118.3623, 33.7952], [-118.3613, 33.8004], [-118.3674, 33.8051], [-118.3814, 33.8059], [-118.3865, 33.8033], [-118.3822, 33.8139], [-118.3698, 33.8096], [-118.365, 33.8128], [-118.3672, 33.8167], [-118.3809, 33.8213], [-118.3815, 33.8295], [-118.3759, 33.8248], [-118.3643, 33.8232], [-118.3629, 33.8179], [-118.3549, 33.8135], [-118.3556, 33.8109], [-118.3634, 33.8122], [-118.3652, 33.8081], [-118.3555, 33.8027], [-118.3527, 33.7922], [-118.3454, 33.7924], [-118.3468, 33.7988], [-118.3378, 33.7923], [-118.3372, 33.7905], [-118.3447, 33.7894], [-118.3474, 33.7743], [-118.3404, 33.7695], [-118.335, 33.7716], [-118.3279, 33.7688], [-118.323, 33.7642], [-118.3188, 33.7667], [-118.3205, 33.7713], [-118.3124, 33.7732], [-118.317, 33.7602], [-118.3135, 33.7543], [-118.3145, 33.747], [-118.3249, 33.7551], [-118.3301, 33.7677], [-118.3355, 33.7649], [-118.3337, 33.7524], [-118.3237, 33.7454], [-118.3299, 33.7437], [-118.3282, 33.7387], [-118.3127, 33.7403], [-118.3115, 33.733], [-118.2968, 33.7342], [-118.2968, 33.7307], [-118.3134, 33.7299], [-118.3168, 33.7228], [-118.3129, 33.7187], [-118.2991, 33.718], [-118.2923, 33.7235], [-118.2924, 33.7107], [-118.2976, 33.7099], [-118.3016, 33.7149], [-118.306, 33.7113], [-118.2926, 33.7032], [-118.284, 33.7061], [-118.284, 33.7323], [-118.2759, 33.7337], [-118.2762, 33.7475], [-118.2889, 33.7568], [-118.2891, 33.7652], [-118.2932, 33.7678], [-118.2979, 33.7637], [-118.2922, 33.7471], [-118.3051, 33.7469], [-118.3033, 33.7526], [-118.308, 33.7608], [-118.3055, 33.7841], [-118.3015, 33.7857], [-118.3014, 33.7809], [-118.2961, 33.7794], [-118.2929, 33.7875], [-118.2874, 33.789], [-118.2883, 33.7843], [-118.2763, 33.7691], [-118.2704, 33.7709], [-118.2696, 33.7759], [-118.2677, 33.7703], [-118.2635, 33.769], [-118.2583, 33.7721], [-118.2578, 33.7765], [-118.2406, 33.7775], [-118.2371, 33.7803], [-118.2277, 33.7784], [-118.2241, 33.7819], [-118.2282, 33.7858], [-118.2375, 33.7826], [-118.2477, 33.7845], [-118.2414, 33.7894], [-118.2418, 33.7934], [-118.2592, 33.7946], [-118.2599, 33.7973], [-118.2597, 33.8207], [-118.2487, 33.8213], [-118.2468, 33.8254], [-118.2505, 33.828], [-118.2379, 33.8284], [-118.2363, 33.8338], [-118.2562, 33.8343], [-118.2635, 33.8393], [-118.2682, 33.8354], [-118.286, 33.8354], [-118.2866, 33.8568], [-118.2707, 33.8631], [-118.2692, 33.8467], [-118.2645, 33.8398], [-118.2559, 33.8437], [-118.2339, 33.8431], [-118.2295, 33.8469], [-118.2316, 33.8727], [-118.2241, 33.8708], [-118.2191, 33.8735], [-118.2152, 33.8629], [-118.2082, 33.8612], [-118.2086, 33.8585], [-118.2112, 33.8522], [-118.2187, 33.848], [-118.2171, 33.8435], [-118.2203, 33.8353], [-118.2319, 33.8353], [-118.2351, 33.8316], [-118.2316, 33.8282], [-118.227, 33.8293], [-118.2261, 33.8222], [-118.2196, 33.8198], [-118.2199, 33.7958], [-118.2242, 33.796], [-118.2265, 33.7928], [-118.2253, 33.7877], [-118.2204, 33.7863], [-118.2234, 33.7833], [-118.2214, 33.7796], [-118.207, 33.7806], [-118.21, 33.7862], [-118.2062, 33.7895], [-118.2056, 33.8032], [-118.2025, 33.8009], [-118.2054, 33.7563], [-118.1917, 33.7485], [-118.1878, 33.7538], [-118.1984, 33.7606], [-118.1887, 33.757], [-118.186, 33.7627], [-118.1494, 33.7568], [-118.1398, 33.7582], [-118.1215, 33.7528], [-118.117, 33.755], [-118.1124, 33.7518], [-118.1185, 33.7506], [-118.1186, 33.7459], [-118.1144, 33.744], [-118.1096, 33.7461], [-118.1073, 33.7404], [-118.1019, 33.7399], [-118.0987, 33.7451], [-118.1103, 33.7627], [-118.1155, 33.763], [-118.1179, 33.7589], [-118.1377, 33.7664], [-118.1307, 33.7676], [-118.1309, 33.7732], [-118.1193, 33.7706], [-118.1191, 33.7638], [-118.1119, 33.7651], [-118.1092, 33.7754], [-118.1122, 33.7849], [-118.0954, 33.7873], [-118.0942, 33.8311], [-118.0906, 33.8277], [-118.0783, 33.8278], [-118.0754, 33.816], [-118.0678, 33.8167], [-118.0682, 33.8336], [-118.0599, 33.8374], [-118.0589, 33.8521], [-118.0636, 33.8554], [-118.0681, 33.8512], [-118.0686, 33.8519], [-118.0679, 33.8548], [-118.0642, 33.8583], [-118.0664, 33.8619], [-118.0824, 33.8622], [-118.0781, 33.8651], [-118.0779, 33.884], [-118.077, 33.8786], [-118.0727, 33.8763], [-118.0688, 33.8781], [-118.0666, 33.8849], [-118.0596, 33.8865], [-118.0547, 33.8841], [-118.0509, 33.8866], [-118.0479, 33.8843], [-118.0546, 33.8812], [-118.0531, 33.8777], [-118.0479, 33.8769], [-118.0508, 33.8746], [-118.0558, 33.877], [-118.0681, 33.874], [-118.0671, 33.8641], [-118.0562, 33.8626], [-118.053, 33.8657], [-118.055, 33.8695], [-118.0423, 33.8721], [-118.0448, 33.8843], [-118.0361, 33.8846], [-118.0338, 33.8885], [-118.038, 33.8917], [-118.051, 33.8892], [-118.0564, 33.8915], [-118.0598, 33.8891], [-118.0638, 33.8916], [-118.0597, 33.8948], [-118.0621, 33.8989], [-118.0511, 33.8986], [-118.0468, 33.8949], [-118.0429, 33.8966], [-118.0421, 33.9009], [-118.0232, 33.8986], [-118.0113, 33.8919], [-118.0254, 33.8898], [-118.0304, 33.8916], [-118.033, 33.8862], [-118.0008, 33.8847], [-118.0025, 33.8586], [-117.9959, 33.8561], [-117.9935, 33.8592], [-117.9946, 33.8793], [-117.9914, 33.8849], [-117.9968, 33.891], [-117.9927, 33.8994], [-117.9961, 33.9025], [-118.0074, 33.9024], [-118.0076, 33.9153], [-118.0035, 33.9128], [-117.977, 33.9154], [-117.9767, 33.9191], [-117.9816, 33.9229], [-117.9812, 33.9339], [-117.9848, 33.9362], [-117.989, 33.9345], [-117.9888, 33.9388], [-117.9724, 33.9363], [-117.9681, 33.9283], [-117.9624, 33.9313], [-117.9665, 33.9431], [-117.9857, 33.9452], [-117.9899, 33.9426], [-117.9919, 33.9478], [-118.0015, 33.9505], [-117.9986, 33.9535], [-118.0005, 33.9569], [-118.0118, 33.9543], [-118.0283, 33.9651], [-118.0289, 33.9839], [-118.0351, 33.9912], [-118.0461, 33.9919], [-118.0514, 33.9952], [-118.0508, 34.0093], [-118.0455, 34.0088], [-118.0342, 34.0178], [-118.0303, 34.0241], [-118.0349, 34.0275], [-118.0308, 34.0302], [-118.028, 34.0256], [-118.0217, 34.028], [-118.0155, 34.0243], [-118.0059, 34.034], [-117.9981, 34.0368], [-117.9882, 34.0314], [-117.9846, 34.0368], [-117.9808, 34.0346], [-117.9918, 34.0192], [-117.9834, 34.0143], [-117.9811, 34.0055], [-117.9773, 34.0032], [-117.9783, 33.9969], [-117.9728, 33.994], [-117.9755, 33.9845], [-117.9858, 33.98], [-117.9848, 33.9751], [-117.9581, 33.9793], [-117.9383, 33.9887], [-117.9282, 33.9882], [-117.9298, 33.9808], [-117.9254, 33.9754], [-117.9186, 33.9777], [-117.9042, 33.9696], [-117.8968, 33.9699], [-117.8943, 33.9739], [-117.9009, 33.9764], [-117.9004, 33.9845], [-117.895, 33.9843], [-117.8933, 33.9787], [-117.8842, 33.9788], [-117.881, 33.9833], [-117.8673, 33.9837], [-117.8471, 33.9967], [-117.8331, 33.9948], [-117.8265, 33.9998], [-117.8309, 34.0039], [-117.8409, 34.0045], [-117.8571, 34.0001], [-117.8683, 33.9902], [-117.8738, 33.9887], [-117.8803, 33.9927], [-117.8847, 33.9911], [-117.8836, 33.9991], [-117.8739, 33.9985], [-117.867, 34.0026], [-117.8701, 34.0067], [-117.8783, 34.0051], [-117.8832, 34.0073], [-117.8584, 34.0188], [-117.8564, 34.0225], [-117.8629, 34.0251], [-117.8822, 34.0147], [-117.8883, 34.0236], [-117.8996, 34.022], [-117.8988, 34.0248], [-117.8933, 34.0243], [-117.8814, 34.0315], [-117.8673, 34.0333], [-117.865, 34.0368], [-117.8688, 34.0403], [-117.8805, 34.0383], [-117.9001, 34.0291], [-117.9092, 34.0331], [-117.9092, 34.0369], [-117.9138, 34.0388], [-117.9078, 34.0404], [-117.9037, 34.0465], [-117.9022, 34.0719], [-117.8962, 34.0728], [-117.8945, 34.0775], [-117.894, 34.068], [-117.9026, 34.0629], [-117.9012, 34.0579], [-117.8894, 34.0573], [-117.8858, 34.0609], [-117.883, 34.0575], [-117.8731, 34.0566], [-117.8707, 34.0614], [-117.8771, 34.0631], [-117.8783, 34.0667], [-117.877, 34.069], [-117.871, 34.0658], [-117.8683, 34.0698], [-117.8725, 34.0728], [-117.8769, 34.0698], [-117.8783, 34.076], [-117.8769, 34.0781], [-117.8707, 34.0759], [-117.8605, 34.081], [-117.8594, 34.0958], [-117.8291, 34.096], [-117.825, 34.0982], [-117.8244, 34.1029], [-117.8018, 34.103], [-117.7982, 34.1064], [-117.8021, 34.1103], [-117.8239, 34.1104], [-117.8245, 34.126], [-117.8193, 34.1232], [-117.8157, 34.1271], [-117.8189, 34.1306], [-117.8235, 34.1295], [-117.8276, 34.1397], [-117.8421, 34.1378], [-117.8656, 34.1432], [-117.8741, 34.1397], [-117.8788, 34.1432], [-117.8834, 34.1393], [-117.8921, 34.1403], [-117.8944, 34.1366], [-117.9029, 34.1373], [-117.908, 34.1411], [-117.9202, 34.1343], [-117.9237, 34.1372], [-117.9289, 34.1346], [-117.936, 34.1366], [-117.9386, 34.1084], [-117.9693, 34.1129], [-117.9869, 34.099], [-117.9858, 34.09], [-117.9776, 34.0862], [-117.9997, 34.0793], [-117.9996, 34.0949], [-118.006, 34.0986], [-118.0045, 34.1074], [-117.9934, 34.1112], [-117.9979, 34.1156], [-117.9978, 34.1369], [-117.9894, 34.1367], [-117.9933, 34.1253], [-117.9882, 34.122], [-117.9779, 34.1236], [-117.9732, 34.1292], [-117.9643, 34.1307], [-117.9622, 34.1368], [-117.941, 34.1355], [-117.933, 34.142], [-117.9336, 34.1463], [-117.9435, 34.1485], [-117.9519, 34.145], [-117.9674, 34.1468], [-117.9713, 34.143], [-117.998, 34.1437], [-118.0, 34.153], [-118.01, 34.1549], [-118.014, 34.1507], [-118.0076, 34.1479], [-118.0075, 34.1441], [-118.0226, 34.1433], [-118.0246, 34.1476], [-118.0178, 34.1482], [-118.0164, 34.1524], [-118.0287, 34.1564], [-118.0325, 34.1539], [-118.0329, 34.1452], [-118.047, 34.1355], [-118.0549, 34.1379], [-118.0694, 34.1328], [-118.0682, 34.1544], [-118.0379, 34.1589], [-118.0361, 34.1629], [-118.0418, 34.1692], [-118.0487, 34.1732], [-118.0567, 34.1695], [-118.0685, 34.1703], [-118.0768, 34.1627], [-118.0895, 34.1752], [-118.0961, 34.1778], [-118.1014, 34.1768], [-118.1027, 34.1728], [-118.1083, 34.1728], [-118.1085, 34.18], [-118.1124, 34.1823], [-118.1165, 34.1801], [-118.1173, 34.1726], [-118.1276, 34.1727], [-118.1274, 34.1914], [-118.1421, 34.1964], [-118.139, 34.2032], [-118.1433, 34.2065], [-118.1496, 34.1993], [-118.1587, 34.2017], [-118.1631, 34.1995], [-118.1647, 34.1611], [-118.1694, 34.1607], [-118.1751, 34.1789], [-118.1796, 34.1784], [-118.1899, 34.1696], [-118.1866, 34.164], [-118.1807, 34.166], [-118.175, 34.1533], [-118.1703, 34.1501], [-118.1651, 34.1505], [-118.1602, 34.1561], [-118.1556, 34.1525], [-118.1565, 34.1495], [-118.1625, 34.1491], [-118.1649, 34.1459], [-118.1613, 34.1413], [-118.1546, 34.1418], [-118.1546, 34.1193], [-118.1654, 34.1191], [-118.1684, 34.1229], [-118.1727, 34.1228], [-118.1741, 34.1336], [-118.1805, 34.1329], [-118.1812, 34.1251], [-118.185, 34.1335], [-118.183, 34.137], [-118.167, 34.1403], [-118.1684, 34.1463], [-118.1916, 34.1411], [-118.2188, 34.1437], [-118.2244, 34.147], [-118.222, 34.1506], [-118.2254, 34.1538], [-118.2409, 34.1499], [-118.2231, 34.1691], [-118.2212, 34.1877], [-118.2251, 34.1968], [-118.2226, 34.2013], [-118.2156, 34.2031], [-118.2159, 34.2076], [-118.1827, 34.1933], [-118.1796, 34.1854], [-118.1743, 34.1876], [-118.1724, 34.2007], [-118.1768, 34.2013], [-118.1796, 34.198], [-118.2385, 34.227], [-118.2444, 34.2227], [-118.246, 34.2326], [-118.2743, 34.2499], [-118.2871, 34.2521], [-118.2997, 34.2627], [-118.3212, 34.2634], [-118.333, 34.2674], [-118.3354, 34.2637], [-118.3426, 34.2628], [-118.3511, 34.251], [-118.3652, 34.2488], [-118.3654, 34.2433], [-118.3501, 34.2439], [-118.3432, 34.2476], [-118.3384, 34.2566], [-118.3318, 34.2582], [-118.3283, 34.256], [-118.3052, 34.2559], [-118.2905, 34.2452], [-118.2791, 34.2437], [-118.2661, 34.2365], [-118.2704, 34.2329], [-118.2682, 34.2286], [-118.2624, 34.2292], [-118.2624, 34.2341], [-118.2531, 34.2286], [-118.2522, 34.2192], [-118.2444, 34.215], [-118.2428, 34.2086], [-118.2317, 34.203], [-118.2332, 34.1706], [-118.2373, 34.1649], [-118.2457, 34.1594], [-118.2546, 34.1673], [-118.2705, 34.1688], [-118.2744, 34.1648], [-118.3455, 34.2161], [-118.3504, 34.2165], [-118.3508, 34.2206], [-118.3611, 34.2286], [-118.3643, 34.242], [-118.3685, 34.2434], [-118.3731, 34.241], [-118.3837, 34.2519], [-118.3884, 34.253], [-118.3864, 34.2586], [-118.3916, 34.2597], [-118.4053, 34.2734], [-118.4022, 34.2756], [-118.3921, 34.2683], [-118.3859, 34.277], [-118.3822, 34.2709], [-118.3477, 34.269], [-118.3363, 34.2702], [-118.3352, 34.2755], [-118.3746, 34.2782], [-118.3854, 34.2856], [-118.3951, 34.2802], [-118.4207, 34.3042], [-118.4262, 34.3038], [-118.4272, 34.2994], [-118.4317, 34.3027], [-118.4212, 34.3102], [-118.4158, 34.3039], [-118.4114, 34.3033], [-118.4086, 34.3062], [-118.41, 34.3108], [-118.4239, 34.3215], [-118.4362, 34.3164], [-118.4414, 34.3212], [-118.4405, 34.3274], [-118.4469, 34.3298], [-118.4646, 34.3231], [-118.4672, 34.3263], [-118.4725, 34.326], [-118.4736, 34.3215], [-118.4682, 34.3194], [-118.4774, 34.3101], [-118.4495, 34.2868], [-118.4519, 34.2825], [-118.4977, 34.283], [-118.4972, 34.3108], [-118.5026, 34.3141], [-118.5071, 34.308], [-118.5066, 34.2661], [-118.5108, 34.2686], [-118.5243, 34.2683], [-118.5279, 34.261], [-118.5405, 34.2586], [-118.5446, 34.261], [-118.6098, 34.259], [-118.6105, 34.2491], [-118.6064, 34.2461], [-118.6109, 34.2428], [-118.6074, 34.2308], [-118.6103, 34.2234], [-118.626, 34.2222], [-118.6279, 34.212], [-118.6366, 34.2087], [-118.6359, 34.2023], [-118.6286, 34.1972], [-118.6569, 34.1985], [-118.6614, 34.1948], [-118.6586, 34.1766], [-118.6429, 34.1626], [-118.6387, 34.162], [-118.6462, 34.1581], [-118.6472, 34.1539], [-118.6543, 34.1545], [-118.6547, 34.1497], [-118.6454, 34.1461], [-118.6385, 34.1548], [-118.6321, 34.1491], [-118.6109, 34.1454]], [[-117.8333, 34.1257], [-117.8329, 34.1104], [-117.8559, 34.1104], [-117.8599, 34.1077], [-117.8707, 34.1104], [-117.8622, 34.1162], [-117.8633, 34.1204], [-117.8688, 34.1205], [-117.8681, 34.125], [-117.8574, 34.126], [-117.8563, 34.13], [-117.8606, 34.1325], [-117.8582, 34.1336], [-117.8515, 34.1325], [-117.855, 34.1293], [-117.8522, 34.1254], [-117.8333, 34.1257]], [[-117.8355, 34.1035], [-117.8334, 34.1027], [-117.8351, 34.1031], [-117.8355, 34.1035]], [[-117.8338, 34.1325], [-117.8358, 34.1311], [-117.8453, 34.1324], [-117.8421, 34.1346], [-117.8338, 34.1325]], [[-117.8396, 34.1032], [-117.8389, 34.103], [-117.8399, 34.1031], [-117.8396, 34.1032]], [[-117.8437, 34.1021], [-117.8457, 34.103], [-117.8418, 34.103], [-117.8437, 34.1021]], [[-117.8482, 34.1033], [-117.8475, 34.1031], [-117.8481, 34.103], [-117.8482, 34.1033]], [[-117.8485, 34.1321], [-117.8496, 34.1324], [-117.8483, 34.1328], [-117.8485, 34.1321]], [[-117.8522, 34.1023], [-117.8545, 34.1031], [-117.8506, 34.103], [-117.8522, 34.1023]], [[-117.8677, 34.1009], [-117.8682, 34.1054], [-117.8562, 34.103], [-117.8645, 34.1029], [-117.8677, 34.1009]], [[-117.8678, 34.0976], [-117.8682, 34.0965], [-117.8689, 34.0976], [-117.8678, 34.0976]], [[-117.8691, 34.0891], [-117.868, 34.0911], [-117.8682, 34.0892], [-117.8691, 34.0891]], [[-117.868, 34.0933], [-117.8682, 34.0926], [-117.8681, 34.0949], [-117.868, 34.0933]], [[-117.8838, 34.1255], [-117.8772, 34.125], [-117.8789, 34.1208], [-117.8745, 34.1103], [-117.8771, 34.1077], [-117.8868, 34.1115], [-117.8838, 34.1255]], [[-117.8767, 34.0808], [-117.8771, 34.0798], [-117.8773, 34.0804], [-117.8767, 34.0808]], [[-117.8843, 34.0852], [-117.8849, 34.1006], [-117.8881, 34.1035], [-117.8772, 34.1052], [-117.877, 34.084], [-117.8843, 34.0852]], [[-117.8789, 34.132], [-117.88, 34.1324], [-117.8789, 34.1328], [-117.8789, 34.132]], [[-117.8836, 34.1319], [-117.8848, 34.1324], [-117.8835, 34.1326], [-117.8836, 34.1319]], [[-117.8853, 34.0718], [-117.8858, 34.0616], [-117.8871, 34.0672], [-117.8853, 34.0718]], [[-117.8969, 34.0013], [-117.8921, 34.008], [-117.8907, 33.9935], [-117.9133, 33.9909], [-117.9278, 33.9976], [-117.926, 34.0057], [-117.9218, 34.0073], [-117.9188, 34.0043], [-117.8969, 34.0013]], [[-117.8941, 34.0155], [-117.8957, 34.0153], [-117.8931, 34.0173], [-117.8941, 34.0155]], [[-117.9035, 34.1038], [-117.8946, 34.1056], [-117.8914, 34.1031], [-117.8946, 34.0995], [-117.8939, 34.0899], [-117.9033, 34.0901], [-117.9053, 34.0924], [-117.9035, 34.1038]], [[-117.8968, 34.0822], [-117.8946, 34.0805], [-117.8983, 34.0827], [-117.8968, 34.0822]], [[-117.9019, 34.1298], [-117.8946, 34.1302], [-117.8946, 34.1078], [-117.8983, 34.1104], [-117.9033, 34.1089], [-117.9019, 34.1298]], [[-117.9057, 34.0166], [-117.8989, 34.0154], [-117.9049, 34.0095], [-117.9122, 34.0108], [-117.9083, 34.0176], [-117.9153, 34.0212], [-117.9122, 34.026], [-117.9057, 34.0166]], [[-117.9009, 34.083], [-117.9001, 34.0827], [-117.9033, 34.0807], [-117.9009, 34.083]], [[-117.9096, 33.9849], [-117.9094, 33.9805], [-117.9152, 33.9831], [-117.9191, 33.9801], [-117.9216, 33.9829], [-117.9142, 33.9876], [-117.9096, 33.9849]], [[-117.9209, 34.0898], [-117.9235, 34.0929], [-117.9296, 34.0933], [-117.9303, 34.1033], [-117.9117, 34.104], [-117.9104, 34.0925], [-117.9209, 34.0898]], [[-117.912, 34.0519], [-117.9125, 34.0508], [-117.9124, 34.0529], [-117.912, 34.0519]], [[-117.9117, 34.0776], [-117.9122, 34.0763], [-117.9125, 34.0771], [-117.9117, 34.0776]], [[-117.9115, 34.0847], [-117.9119, 34.0839], [-117.9125, 34.0849], [-117.9115, 34.0847]], [[-117.9123, 34.0547], [-117.9125, 34.0542], [-117.9124, 34.0565], [-117.9123, 34.0547]], [[-117.9163, 34.0463], [-117.9125, 34.0491], [-117.9126, 34.047], [-117.9163, 34.0463]], [[-117.9184, 34.0721], [-117.9121, 34.0749], [-117.9124, 34.0647], [-117.9133, 34.0644], [-117.9127, 34.0685], [-117.9184, 34.0721]], [[-117.9122, 34.081], [-117.912, 34.0813], [-117.9121, 34.0804], [-117.9122, 34.081]], [[-117.9299, 34.1106], [-117.9301, 34.1308], [-117.9288, 34.1326], [-117.9233, 34.13], [-117.9201, 34.133], [-117.9133, 34.1299], [-117.9113, 34.1123], [-117.9299, 34.1106]], [[-117.9213, 34.0679], [-117.9206, 34.0681], [-117.9201, 34.0647], [-117.9213, 34.0679]], [[-117.9208, 34.0521], [-117.9213, 34.0509], [-117.9211, 34.0536], [-117.9208, 34.0521]], [[-117.9208, 34.056], [-117.9212, 34.0548], [-117.9211, 34.0569], [-117.9208, 34.056]], [[-117.922, 34.0482], [-117.9212, 34.0497], [-117.9211, 34.0494], [-117.922, 34.0482]], [[-117.9303, 34.074], [-117.9307, 34.0844], [-117.9211, 34.0882], [-117.9208, 34.0824], [-117.9268, 34.0813], [-117.9303, 34.074]], [[-117.945, 34.0259], [-117.9403, 34.0286], [-117.9395, 34.033], [-117.9311, 34.0324], [-117.9302, 34.0264], [-117.9223, 34.0248], [-117.9239, 34.0167], [-117.9393, 34.0208], [-117.945, 34.0259]], [[-117.9213, 34.0753], [-117.9212, 34.0747], [-117.9218, 34.0748], [-117.9213, 34.0753]], [[-117.9451, 34.0439], [-117.9299, 34.0583], [-117.9318, 34.0533], [-117.9281, 34.0474], [-117.9309, 34.0396], [-117.9455, 34.0401], [-117.9451, 34.0439]], [[-117.9541, 34.0152], [-117.9467, 34.0103], [-117.933, 34.0071], [-117.9349, 34.0046], [-117.96, 34.0141], [-117.9541, 34.0152]], [[-117.939, 34.0633], [-117.9337, 34.065], [-117.948, 34.054], [-117.939, 34.0633]], [[-117.9414, 34.0977], [-117.9388, 34.1053], [-117.9387, 34.0935], [-117.9565, 34.0907], [-117.9561, 34.096], [-117.9414, 34.0977]], [[-117.9478, 34.0778], [-117.9458, 34.0851], [-117.9395, 34.0791], [-117.9397, 34.0741], [-117.9434, 34.0775], [-117.9478, 34.0778]], [[-117.9452, 34.001], [-117.9516, 33.991], [-117.9586, 33.9927], [-117.9599, 33.9867], [-117.967, 33.9849], [-117.9657, 33.9899], [-117.9599, 33.9924], [-117.956, 34.0034], [-117.9452, 34.001]], [[-117.9515, 34.075], [-117.945, 34.0699], [-117.9467, 34.0663], [-117.9547, 34.0726], [-117.9515, 34.075]], [[-117.9633, 34.0647], [-117.9586, 34.0661], [-117.9522, 34.0613], [-117.9546, 34.0589], [-117.9633, 34.0647]], [[-117.9581, 34.0455], [-117.9535, 34.0488], [-117.9539, 34.0427], [-117.9581, 34.0455]], [[-117.9569, 34.0354], [-117.9569, 34.0358], [-117.9568, 34.0357], [-117.9569, 34.0354]], [[-117.9623, 34.0822], [-117.9582, 34.0793], [-117.96, 34.0765], [-117.9623, 34.0822]], [[-117.9677, 34.0357], [-117.9596, 34.0295], [-117.9651, 34.0312], [-117.9677, 34.0357]], [[-117.9633, 34.0572], [-117.9601, 34.0538], [-117.9633, 34.0504], [-117.9643, 34.0509], [-117.9633, 34.0572]], [[-117.9737, 34.0303], [-117.9689, 34.0276], [-117.9644, 34.0236], [-117.9623, 34.0148], [-117.966, 34.0138], [-117.982, 34.0216], [-117.9737, 34.0303]], [[-117.9766, 34.075], [-117.9696, 34.075], [-117.9658, 34.0717], [-117.9684, 34.0692], [-117.9766, 34.075]], [[-117.9737, 34.0106], [-117.9676, 34.0102], [-117.9696, 34.004], [-117.9737, 34.0106]], [[-117.9724, 34.1009], [-117.9661, 34.0958], [-117.9692, 34.0931], [-117.9793, 34.0956], [-117.9724, 34.1009]], [[-117.9686, 34.09], [-117.9691, 34.089], [-117.9692, 34.091], [-117.9686, 34.09]], [[-117.9743, 34.0489], [-117.9717, 34.0471], [-117.9743, 34.0468], [-117.9743, 34.0489]], [[-117.9715, 34.136], [-117.9791, 34.1354], [-117.9828, 34.1316], [-117.9797, 34.1364], [-117.9715, 34.136]], [[-117.9791, 34.066], [-117.9745, 34.0641], [-117.979, 34.0595], [-117.9821, 34.0613], [-117.9791, 34.066]], [[-117.985, 34.0424], [-117.9854, 34.0421], [-117.9861, 34.0425], [-117.985, 34.0424]], [[-117.99, 33.9246], [-117.9911, 33.927], [-117.9899, 33.928], [-117.9894, 33.9266], [-117.99, 33.9246]], [[-117.9894, 33.9339], [-117.9893, 33.934], [-117.9895, 33.9336], [-117.9894, 33.9339]], [[-117.99, 33.9209], [-117.9904, 33.9207], [-117.99, 33.9242], [-117.99, 33.9209]], [[-118.0102, 34.0491], [-118.0119, 34.056], [-118.0015, 34.073], [-117.9964, 34.0629], [-117.991, 34.0615], [-117.9881, 34.057], [-117.9939, 34.0521], [-118.0031, 34.0544], [-118.008, 34.0453], [-118.0054, 34.0416], [-118.025, 34.0324], [-118.0296, 34.0369], [-118.034, 34.0369], [-118.027, 34.0434], [-118.019, 34.041], [-118.0102, 34.0491]], [[-117.997, 33.9346], [-117.9967, 33.9341], [-117.9975, 33.934], [-117.997, 33.9346]], [[-117.9985, 33.9263], [-117.9972, 33.9216], [-118.0073, 33.9184], [-118.0079, 33.9239], [-117.9985, 33.9263]], [[-118.0366, 33.954], [-118.0302, 33.9575], [-117.9974, 33.9388], [-118.019, 33.9388], [-118.0205, 33.942], [-118.0159, 33.945], [-118.0167, 33.949], [-118.0211, 33.95], [-118.027, 33.9469], [-118.0366, 33.954]], [[-117.9994, 34.0464], [-117.9991, 34.0467], [-117.9948, 34.044], [-117.9994, 34.0464]], [[-118.0024, 33.9329], [-118.0027, 33.9328], [-118.0025, 33.9329], [-118.0024, 33.9329]], [[-118.0046, 33.9318], [-118.0037, 33.9321], [-118.004, 33.9319], [-118.0046, 33.9318]], [[-118.008, 33.8906], [-118.0092, 33.8914], [-118.0084, 33.8915], [-118.008, 33.8906]], [[-118.004, 34.1368], [-118.0055, 34.1167], [-118.014, 34.1133], [-118.0149, 34.1237], [-118.0251, 34.127], [-118.0239, 34.1365], [-118.004, 34.1368]], [[-118.0101, 34.0912], [-118.0095, 34.0917], [-118.0095, 34.0915], [-118.0101, 34.0912]], [[-118.0112, 34.0883], [-118.0121, 34.0863], [-118.012, 34.0868], [-118.0112, 34.0883]], [[-118.0164, 33.9223], [-118.0157, 33.9192], [-118.0209, 33.9209], [-118.0164, 33.9223]], [[-118.0421, 33.9175], [-118.0346, 33.9133], [-118.0163, 33.9143], [-118.0162, 33.9034], [-118.0295, 33.9063], [-118.0422, 33.9037], [-118.0512, 33.9062], [-118.0521, 33.9119], [-118.0588, 33.9133], [-118.0575, 33.9141], [-118.0461, 33.9134], [-118.0421, 33.9175]], [[-118.0118, 34.1063], [-118.0148, 34.0993], [-118.0227, 34.0952], [-118.0254, 34.1044], [-118.0118, 34.1063]], [[-118.0132, 34.0844], [-118.0142, 34.0818], [-118.0139, 34.0826], [-118.0132, 34.0844]], [[-118.0182, 33.9301], [-118.0215, 33.9278], [-118.0347, 33.9365], [-118.0348, 33.9396], [-118.0338, 33.9401], [-118.0182, 33.9301]], [[-118.0156, 34.0789], [-118.0153, 34.0794], [-118.0152, 34.0785], [-118.0156, 34.0789]], [[-118.0188, 34.0523], [-118.0183, 34.0521], [-118.0186, 34.0518], [-118.0188, 34.0523]], [[-118.0223, 33.9205], [-118.0225, 33.9206], [-118.0221, 33.9206], [-118.0223, 33.9205]], [[-118.0206, 34.0688], [-118.0208, 34.0686], [-118.022, 34.0691], [-118.0206, 34.0688]], [[-118.0245, 33.9209], [-118.0249, 33.9208], [-118.0248, 33.921], [-118.0245, 33.9209]], [[-118.0251, 34.112], [-118.0265, 34.1183], [-118.0229, 34.1185], [-118.0225, 34.1123], [-118.0251, 34.112]], [[-118.0334, 33.927], [-118.0336, 33.9226], [-118.0396, 33.9243], [-118.0431, 33.9214], [-118.0445, 33.9281], [-118.0334, 33.927]], [[-118.0368, 34.0893], [-118.0319, 34.089], [-118.0354, 34.0855], [-118.0368, 34.0893]], [[-118.059, 34.0482], [-118.0466, 34.0481], [-118.0585, 34.0356], [-118.0526, 34.0284], [-118.0482, 34.0316], [-118.0511, 34.0375], [-118.0433, 34.0412], [-118.0379, 34.0483], [-118.0335, 34.0486], [-118.0429, 34.0363], [-118.0413, 34.0289], [-118.037, 34.0269], [-118.0521, 34.0112], [-118.0573, 34.0118], [-118.0602, 34.0065], [-118.0624, 34.0072], [-118.0655, 34.018], [-118.0714, 34.0215], [-118.0815, 34.0198], [-118.0839, 34.0155], [-118.1007, 34.0199], [-118.097, 34.0286], [-118.0828, 34.0311], [-118.0768, 34.0352], [-118.0788, 34.0432], [-118.0862, 34.0466], [-118.078, 34.05], [-118.0775, 34.0589], [-118.0688, 34.0593], [-118.0669, 34.0445], [-118.0621, 34.0443], [-118.059, 34.0482]], [[-118.0343, 34.1031], [-118.0329, 34.0964], [-118.0453, 34.0947], [-118.0472, 34.1039], [-118.0343, 34.1031]], [[-118.0389, 33.9461], [-118.041, 33.9422], [-118.0429, 33.9463], [-118.0389, 33.9461]], [[-118.0369, 34.1251], [-118.0353, 34.1107], [-118.0484, 34.1113], [-118.0414, 34.1143], [-118.0425, 34.1247], [-118.0369, 34.1251]], [[-118.0391, 33.9627], [-118.0503, 33.9509], [-118.0505, 33.9455], [-118.0598, 33.943], [-118.0632, 33.9456], [-118.0684, 33.9437], [-118.0739, 33.9457], [-118.0775, 33.9426], [-118.0753, 33.9387], [-118.0861, 33.939], [-118.0862, 33.9437], [-118.0805, 33.942], [-118.077, 33.9447], [-118.0835, 33.9504], [-118.0791, 33.9614], [-118.0657, 33.9612], [-118.0637, 33.9666], [-118.051, 33.9643], [-118.0556, 33.9586], [-118.0509, 33.955], [-118.0391, 33.9627]], [[-118.0355, 34.134], [-118.0356, 34.1312], [-118.0373, 34.1321], [-118.0355, 34.134]], [[-118.0393, 34.081], [-118.0389, 34.0802], [-118.0401, 34.0804], [-118.0393, 34.081]], [[-118.0578, 33.9909], [-118.0537, 33.9942], [-118.0541, 33.9894], [-118.0416, 33.9824], [-118.047, 33.9828], [-118.0578, 33.9909]], [[-118.0585, 33.9783], [-118.0465, 33.9755], [-118.0465, 33.9713], [-118.0552, 33.9721], [-118.0585, 33.9783]], [[-118.0608, 33.939], [-118.0519, 33.9382], [-118.0575, 33.9243], [-118.0502, 33.9207], [-118.0681, 33.9208], [-118.0684, 33.9304], [-118.0642, 33.9276], [-118.0597, 33.9304], [-118.0608, 33.939]], [[-118.059, 34.0591], [-118.0469, 34.059], [-118.0469, 34.0556], [-118.0598, 34.0555], [-118.059, 34.0591]], [[-118.0529, 34.09], [-118.0475, 34.0871], [-118.0493, 34.0817], [-118.0528, 34.0832], [-118.0529, 34.09]], [[-118.0491, 34.0737], [-118.0488, 34.0702], [-118.0551, 34.0665], [-118.0583, 34.0662], [-118.0534, 34.0706], [-118.0542, 34.0745], [-118.0673, 34.0776], [-118.0491, 34.0737]], [[-118.0509, 34.1207], [-118.0501, 34.123], [-118.0495, 34.1203], [-118.0509, 34.1207]], [[-118.0538, 34.0935], [-118.0531, 34.0909], [-118.0542, 34.0924], [-118.0538, 34.0935]], [[-118.0546, 34.0977], [-118.054, 34.0954], [-118.055, 34.0966], [-118.0546, 34.0977]], [[-118.0603, 33.9064], [-118.0596, 33.9061], [-118.0622, 33.9057], [-118.0603, 33.9064]], [[-118.0557, 34.103], [-118.0551, 34.1011], [-118.0554, 34.1017], [-118.0557, 34.103]], [[-118.0623, 33.8989], [-118.0623, 33.8989], [-118.0623, 33.8989], [-118.0623, 33.8989]], [[-118.0578, 34.1135], [-118.0575, 34.1117], [-118.058, 34.1124], [-118.0578, 34.1135]], [[-118.0586, 34.1173], [-118.0582, 34.1154], [-118.0589, 34.1162], [-118.0586, 34.1173]], [[-118.0784, 33.8973], [-118.0668, 33.8991], [-118.0684, 33.8943], [-118.0644, 33.8916], [-118.0781, 33.8914], [-118.0784, 33.8973]], [[-118.0594, 34.1198], [-118.0592, 34.1204], [-118.0589, 34.1192], [-118.0594, 34.1198]], [[-118.0629, 33.999], [-118.0647, 33.9951], [-118.0762, 34.0022], [-118.0696, 34.0032], [-118.0629, 33.999]], [[-118.0727, 33.906], [-118.0699, 33.9102], [-118.0654, 33.906], [-118.067, 33.9056], [-118.0727, 33.906]], [[-118.0637, 33.9845], [-118.0638, 33.9843], [-118.0637, 33.9849], [-118.0637, 33.9845]], [[-118.0677, 33.8497], [-118.0677, 33.8497], [-118.0676, 33.8497], [-118.0677, 33.8497]], [[-118.063, 34.0847], [-118.0689, 34.0867], [-118.0695, 34.1017], [-118.0646, 34.1024], [-118.063, 34.0847]], [[-118.0667, 33.9386], [-118.0683, 33.9363], [-118.07, 33.9385], [-118.0667, 33.9386]], [[-118.0678, 33.9331], [-118.0683, 33.9323], [-118.0689, 33.9335], [-118.0678, 33.9331]], [[-118.0707, 33.9774], [-118.0683, 33.9798], [-118.069, 33.9782], [-118.0707, 33.9774]], [[-118.0763, 33.9934], [-118.0702, 33.9893], [-118.0813, 33.9769], [-118.0844, 33.9805], [-118.0763, 33.9934]], [[-118.0711, 33.9771], [-118.0709, 33.9772], [-118.0713, 33.9768], [-118.0711, 33.9771]], [[-118.0687, 34.1167], [-118.0684, 34.1226], [-118.0678, 34.109], [-118.0687, 34.1167]], [[-118.0686, 34.1263], [-118.0686, 34.1263], [-118.0686, 34.1263], [-118.0686, 34.1263]], [[-118.0787, 33.8511], [-118.0779, 33.855], [-118.0755, 33.8519], [-118.0787, 33.8511]], [[-118.0774, 33.8425], [-118.0765, 33.8427], [-118.0765, 33.8424], [-118.0774, 33.8425]], [[-118.0867, 34.0766], [-118.0797, 34.0774], [-118.071, 34.0682], [-118.0842, 34.066], [-118.0867, 34.0766]], [[-118.0774, 33.8353], [-118.077, 33.8352], [-118.0771, 33.8352], [-118.0774, 33.8353]], [[-118.0771, 33.928], [-118.0771, 33.9209], [-118.0951, 33.9208], [-118.0939, 33.9337], [-118.0771, 33.928]], [[-118.0795, 34.1001], [-118.0757, 34.0904], [-118.0777, 34.0844], [-118.0866, 34.0841], [-118.087, 34.1], [-118.0795, 34.1001]], [[-118.0775, 34.1253], [-118.0777, 34.1079], [-118.0866, 34.1069], [-118.0868, 34.1222], [-118.0775, 34.1253]], [[-118.077, 34.159], [-118.0768, 34.1598], [-118.0766, 34.1596], [-118.077, 34.159]], [[-118.0902, 34.1374], [-118.0789, 34.1391], [-118.0773, 34.1328], [-118.0884, 34.1315], [-118.0902, 34.1374]], [[-118.0841, 33.862], [-118.0843, 33.862], [-118.0842, 33.862], [-118.0841, 33.862]], [[-118.0772, 34.1587], [-118.0772, 34.1586], [-118.0772, 34.1586], [-118.0772, 34.1587]], [[-118.0875, 33.8549], [-118.0855, 33.8512], [-118.0909, 33.8456], [-118.0867, 33.8391], [-118.0896, 33.8422], [-118.0933, 33.8486], [-118.103, 33.8482], [-118.104, 33.8507], [-118.1039, 33.8532], [-118.1003, 33.85], [-118.0958, 33.8515], [-118.0954, 33.8611], [-118.0933, 33.8556], [-118.0875, 33.8549]], [[-118.0858, 33.8623], [-118.0854, 33.8622], [-118.0864, 33.8621], [-118.0858, 33.8623]], [[-118.0872, 33.837], [-118.0863, 33.8348], [-118.094, 33.8328], [-118.0991, 33.836], [-118.103, 33.8324], [-118.1035, 33.8444], [-118.0931, 33.8356], [-118.0872, 33.837]], [[-118.0834, 33.9723], [-118.0925, 33.9513], [-118.0981, 33.9554], [-118.0959, 33.9621], [-118.0888, 33.9743], [-118.0834, 33.9723]], [[-118.0951, 33.8838], [-118.0868, 33.8839], [-118.0877, 33.868], [-118.0979, 33.8693], [-118.0951, 33.8838]], [[-118.096, 33.8967], [-118.087, 33.8986], [-118.0868, 33.8914], [-118.0955, 33.8913], [-118.096, 33.8967]], [[-118.095, 33.9115], [-118.087, 33.9134], [-118.0871, 33.9058], [-118.0951, 33.9058], [-118.095, 33.9115]], [[-118.0863, 34.0084], [-118.0865, 34.0067], [-118.1026, 34.0127], [-118.0863, 34.0084]], [[-118.0892, 33.9883], [-118.0898, 33.9873], [-118.0899, 33.9879], [-118.0892, 33.9883]], [[-118.0932, 34.1548], [-118.0881, 34.1549], [-118.0855, 34.1558], [-118.0882, 34.1532], [-118.0932, 34.1548]], [[-118.093, 34.1689], [-118.0858, 34.1637], [-118.0857, 34.1609], [-118.094, 34.1621], [-118.093, 34.1689]], [[-118.0934, 34.0026], [-118.0957, 33.9985], [-118.0919, 33.9955], [-118.099, 33.9963], [-118.1078, 33.9907], [-118.1106, 33.9957], [-118.1071, 34.0027], [-118.1159, 34.0078], [-118.0934, 34.0026]], [[-118.0952, 33.862], [-118.0952, 33.862], [-118.0952, 33.8619], [-118.0952, 33.862]], [[-118.0942, 33.9489], [-118.095, 33.9402], [-118.101, 33.9384], [-118.101, 33.9433], [-118.1074, 33.9468], [-118.1042, 33.9523], [-118.0942, 33.9489]], [[-118.097, 34.0594], [-118.0948, 34.0567], [-118.0949, 34.0505], [-118.101, 34.0511], [-118.1049, 34.045], [-118.1019, 34.0411], [-118.0962, 34.0427], [-118.0975, 34.0359], [-118.1046, 34.032], [-118.1099, 34.0217], [-118.1176, 34.0231], [-118.1197, 34.0276], [-118.1138, 34.0336], [-118.1144, 34.0374], [-118.1254, 34.0374], [-118.1216, 34.0561], [-118.1185, 34.0591], [-118.097, 34.0594]], [[-118.1049, 34.0766], [-118.0998, 34.0712], [-118.0951, 34.075], [-118.095, 34.0664], [-118.1185, 34.0661], [-118.1186, 34.0751], [-118.1049, 34.0766]], [[-118.0951, 34.0761], [-118.0951, 34.0762], [-118.095, 34.0762], [-118.0951, 34.0761]], [[-118.1045, 34.0979], [-118.0954, 34.0995], [-118.095, 34.0837], [-118.1037, 34.0832], [-118.1045, 34.0979]], [[-118.0983, 33.9748], [-118.1004, 33.9709], [-118.102, 33.974], [-118.0983, 33.9748]], [[-118.0958, 34.1216], [-118.0954, 34.1069], [-118.1269, 34.1025], [-118.1294, 34.1055], [-118.1233, 34.1121], [-118.0958, 34.1216]], [[-118.1036, 33.7989], [-118.103, 33.7978], [-118.1035, 33.7965], [-118.1038, 33.7973], [-118.1036, 33.7989]], [[-118.1125, 33.862], [-118.1068, 33.8636], [-118.1044, 33.8711], [-118.1016, 33.8692], [-118.1041, 33.8606], [-118.1125, 33.862]], [[-118.1035, 33.8038], [-118.1035, 33.8057], [-118.1031, 33.8049], [-118.1035, 33.8038]], [[-118.1027, 33.8207], [-118.1034, 33.8194], [-118.1037, 33.8203], [-118.1027, 33.8207]], [[-118.1042, 33.7937], [-118.1064, 33.7923], [-118.1037, 33.7946], [-118.1042, 33.7937]], [[-118.1037, 33.8027], [-118.1035, 33.8007], [-118.1036, 33.8011], [-118.1037, 33.8027]], [[-118.1033, 33.8252], [-118.103, 33.8246], [-118.1034, 33.8237], [-118.1035, 33.8241], [-118.1033, 33.8252]], [[-118.1037, 33.7995], [-118.1037, 33.7996], [-118.1037, 33.7994], [-118.1037, 33.7995]], [[-118.104, 33.8072], [-118.1036, 33.8064], [-118.104, 33.8073], [-118.104, 33.8072]], [[-118.1036, 33.814], [-118.1037, 33.814], [-118.1036, 33.8183], [-118.1036, 33.814]], [[-118.1034, 33.8294], [-118.1037, 33.8301], [-118.1036, 33.8303], [-118.1034, 33.8294]], [[-118.1035, 33.8263], [-118.1035, 33.8262], [-118.1036, 33.8264], [-118.1035, 33.8263]], [[-118.1432, 34.1318], [-118.1302, 34.1324], [-118.1259, 34.1375], [-118.0998, 34.1386], [-118.0969, 34.1292], [-118.12, 34.121], [-118.1253, 34.1142], [-118.1446, 34.1075], [-118.1465, 34.1219], [-118.1432, 34.1318]], [[-118.1039, 33.8562], [-118.1036, 33.8558], [-118.1041, 33.8546], [-118.1039, 33.8562]], [[-118.1077, 33.9307], [-118.1069, 33.9342], [-118.1028, 33.9346], [-118.1035, 33.929], [-118.1077, 33.9307]], [[-118.1125, 33.9152], [-118.1035, 33.9084], [-118.108, 33.9023], [-118.1045, 33.8984], [-118.1044, 33.8911], [-118.1095, 33.8902], [-118.1133, 33.8924], [-118.1089, 33.8969], [-118.1154, 33.9134], [-118.1125, 33.9152]], [[-118.1113, 33.8851], [-118.1044, 33.884], [-118.105, 33.8738], [-118.1134, 33.876], [-118.1113, 33.8851]], [[-118.1046, 33.9205], [-118.1121, 33.9177], [-118.1132, 33.925], [-118.1186, 33.9264], [-118.1182, 33.9277], [-118.1046, 33.9205]], [[-118.1038, 33.9651], [-118.1035, 33.9652], [-118.1041, 33.9642], [-118.1038, 33.9651]], [[-118.109, 33.9854], [-118.1134, 33.9802], [-118.1082, 33.978], [-118.1038, 33.9827], [-118.1041, 33.9748], [-118.1085, 33.9736], [-118.1134, 33.9773], [-118.1196, 33.9732], [-118.1188, 33.9799], [-118.1224, 33.9834], [-118.1175, 33.9904], [-118.109, 33.9854]], [[-118.1116, 33.7923], [-118.1102, 33.7922], [-118.1105, 33.7922], [-118.1116, 33.7923]], [[-118.1024, 34.1645], [-118.1078, 34.1588], [-118.103, 34.1545], [-118.1041, 34.1493], [-118.1087, 34.1497], [-118.1089, 34.1649], [-118.1024, 34.1645]], [[-118.1151, 33.7999], [-118.1123, 33.8003], [-118.1123, 33.7996], [-118.1151, 33.7999]], [[-118.1123, 33.8308], [-118.1117, 33.83], [-118.1122, 33.8278], [-118.1124, 33.8287], [-118.1123, 33.8308]], [[-118.1122, 33.8179], [-118.1121, 33.816], [-118.1122, 33.8164], [-118.1122, 33.8179]], [[-118.1121, 33.8218], [-118.1121, 33.8194], [-118.1122, 33.8199], [-118.1121, 33.8218]], [[-118.1124, 33.8239], [-118.1122, 33.8247], [-118.1122, 33.8234], [-118.1124, 33.8239]], [[-118.1124, 33.8264], [-118.1122, 33.827], [-118.1122, 33.8258], [-118.1124, 33.8264]], [[-118.1124, 33.838], [-118.1121, 33.8387], [-118.112, 33.8368], [-118.1124, 33.838]], [[-118.1122, 33.8427], [-118.112, 33.8403], [-118.1126, 33.8415], [-118.1122, 33.8427]], [[-118.1122, 33.8353], [-118.1123, 33.8338], [-118.1125, 33.8343], [-118.1122, 33.8353]], [[-118.1097, 33.9707], [-118.1097, 33.9705], [-118.1097, 33.9707], [-118.1097, 33.9707]], [[-118.1125, 33.8542], [-118.1126, 33.8546], [-118.1126, 33.8546], [-118.1125, 33.8542]], [[-118.1153, 33.7923], [-118.1141, 33.7923], [-118.1147, 33.7921], [-118.1153, 33.7923]], [[-118.1129, 33.8693], [-118.1129, 33.8695], [-118.1128, 33.8695], [-118.1129, 33.8693]], [[-118.1151, 33.9421], [-118.1112, 33.9405], [-118.1177, 33.9367], [-118.1176, 33.9397], [-118.1151, 33.9421]], [[-118.1117, 34.0148], [-118.1112, 34.0145], [-118.112, 34.0145], [-118.1117, 34.0148]], [[-118.1136, 33.9582], [-118.1235, 33.9547], [-118.1311, 33.9584], [-118.1238, 33.9564], [-118.1188, 33.9624], [-118.1136, 33.9582]], [[-118.1179, 33.7851], [-118.1183, 33.7853], [-118.1181, 33.7854], [-118.1179, 33.7851]], [[-118.1185, 33.7921], [-118.1209, 33.7923], [-118.1198, 33.7925], [-118.1185, 33.7921]], [[-118.1181, 34.0939], [-118.1121, 34.0962], [-118.1122, 34.0843], [-118.1135, 34.088], [-118.113, 34.0919], [-118.1181, 34.0939]], [[-118.1196, 33.7995], [-118.1204, 33.7996], [-118.1192, 33.8], [-118.1196, 33.7995]], [[-118.1195, 33.8064], [-118.1208, 33.8068], [-118.1195, 33.8075], [-118.1195, 33.8064]], [[-118.1147, 34.0151], [-118.1174, 34.0158], [-118.1162, 34.0158], [-118.1147, 34.0151]], [[-118.1225, 33.9135], [-118.1182, 33.9134], [-118.121, 33.9109], [-118.1225, 33.9135]], [[-118.1206, 33.8165], [-118.1208, 33.8154], [-118.121, 33.8179], [-118.1206, 33.8165]], [[-118.1209, 33.8146], [-118.1209, 33.8147], [-118.1208, 33.8142], [-118.1209, 33.8146]], [[-118.1207, 33.8194], [-118.1209, 33.8216], [-118.1207, 33.821], [-118.1207, 33.8194]], [[-118.1203, 33.8413], [-118.1207, 33.8404], [-118.1212, 33.8415], [-118.1203, 33.8413]], [[-118.1207, 33.8333], [-118.1209, 33.8352], [-118.1205, 33.834], [-118.1207, 33.8333]], [[-118.1207, 33.8235], [-118.1208, 33.8232], [-118.1209, 33.8239], [-118.1207, 33.8235]], [[-118.1204, 33.8377], [-118.1207, 33.8368], [-118.1208, 33.8387], [-118.1204, 33.8377]], [[-118.1211, 33.8265], [-118.1209, 33.8269], [-118.1207, 33.8262], [-118.1211, 33.8265]], [[-118.1208, 33.8309], [-118.1208, 33.8286], [-118.121, 33.8293], [-118.1208, 33.8309]], [[-118.126, 33.7846], [-118.1235, 33.7846], [-118.1245, 33.783], [-118.126, 33.7846]], [[-118.1212, 33.9229], [-118.1203, 33.9208], [-118.1239, 33.9207], [-118.1212, 33.9229]], [[-118.121, 33.8958], [-118.121, 33.8959], [-118.121, 33.8958], [-118.121, 33.8958]], [[-118.1209, 33.898], [-118.121, 33.8978], [-118.1212, 33.8983], [-118.1209, 33.898]], [[-118.1197, 34.0164], [-118.1181, 34.016], [-118.1187, 34.016], [-118.1197, 34.0164]], [[-118.1214, 33.9082], [-118.1211, 33.9088], [-118.1209, 33.907], [-118.1214, 33.9082]], [[-118.1215, 33.8949], [-118.1215, 33.8949], [-118.1215, 33.895], [-118.1215, 33.8949]], [[-118.1208, 33.9246], [-118.1209, 33.9244], [-118.1209, 33.9245], [-118.1208, 33.9246]], [[-118.1219, 33.9715], [-118.122, 33.9659], [-118.1306, 33.9653], [-118.1343, 33.9681], [-118.1219, 33.9715]], [[-118.1257, 33.9478], [-118.1225, 33.946], [-118.1264, 33.9465], [-118.1257, 33.9478]], [[-118.128, 34.1647], [-118.1176, 34.1656], [-118.1177, 34.158], [-118.128, 34.158], [-118.128, 34.1647]], [[-118.1278, 34.1497], [-118.126, 34.151], [-118.1204, 34.1496], [-118.1234, 34.1494], [-118.1278, 34.1497]], [[-118.1295, 33.8306], [-118.1289, 33.8298], [-118.1296, 33.8278], [-118.1298, 33.8281], [-118.1295, 33.8306]], [[-118.13, 33.8054], [-118.1297, 33.7997], [-118.1386, 33.7975], [-118.138, 33.8022], [-118.1319, 33.8005], [-118.13, 33.8054]], [[-118.1303, 33.9948], [-118.1252, 33.9934], [-118.1321, 33.982], [-118.136, 33.9835], [-118.1303, 33.9948]], [[-118.1297, 33.9208], [-118.1289, 33.9217], [-118.1271, 33.9206], [-118.1297, 33.9208]], [[-118.1299, 33.8142], [-118.1297, 33.8148], [-118.1296, 33.8145], [-118.1299, 33.8142]], [[-118.1296, 33.8217], [-118.1295, 33.8191], [-118.1296, 33.8198], [-118.1296, 33.8217]], [[-118.1296, 33.8258], [-118.1295, 33.8264], [-118.1294, 33.8262], [-118.1296, 33.8258]], [[-118.1259, 34.0019], [-118.1262, 34.002], [-118.1253, 34.0024], [-118.1259, 34.0019]], [[-118.13, 33.8172], [-118.1297, 33.8183], [-118.1297, 33.8165], [-118.13, 33.8172]], [[-118.1298, 33.8237], [-118.1296, 33.8242], [-118.1295, 33.8229], [-118.1298, 33.8237]], [[-118.1298, 33.8347], [-118.1296, 33.8352], [-118.1293, 33.8345], [-118.1298, 33.8347]], [[-118.1308, 33.7774], [-118.1372, 33.779], [-118.132, 33.7792], [-118.1308, 33.7774]], [[-118.1286, 33.8705], [-118.1295, 33.8692], [-118.1295, 33.8697], [-118.1286, 33.8705]], [[-118.1301, 33.8379], [-118.1296, 33.8389], [-118.1295, 33.8367], [-118.1301, 33.8379]], [[-118.1296, 33.8423], [-118.1295, 33.8403], [-118.1296, 33.8408], [-118.1296, 33.8423]], [[-118.1267, 34.0102], [-118.1255, 34.0102], [-118.1261, 34.0101], [-118.1267, 34.0102]], [[-118.1285, 33.9134], [-118.1279, 33.913], [-118.1281, 33.9128], [-118.1285, 33.9134]], [[-118.1294, 33.8544], [-118.1294, 33.8553], [-118.1293, 33.8547], [-118.1294, 33.8544]], [[-118.1297, 33.8524], [-118.1295, 33.8531], [-118.1294, 33.8515], [-118.1297, 33.8524]], [[-118.1295, 33.8672], [-118.1295, 33.8647], [-118.1298, 33.8653], [-118.1295, 33.8672]], [[-118.1298, 33.8931], [-118.1299, 33.8932], [-118.1298, 33.8931], [-118.1298, 33.8931]], [[-118.1301, 34.0734], [-118.1274, 34.0747], [-118.1263, 34.0719], [-118.1276, 34.0659], [-118.1298, 34.0662], [-118.1301, 34.0734]], [[-118.133, 33.9003], [-118.1321, 33.9006], [-118.1309, 33.8998], [-118.133, 33.9003]], [[-118.1349, 34.0481], [-118.1272, 34.059], [-118.133, 34.0485], [-118.1335, 34.0404], [-118.1361, 34.0399], [-118.1349, 34.0481]], [[-118.131, 33.9135], [-118.1366, 33.9076], [-118.136, 33.9134], [-118.131, 33.9135]], [[-118.1272, 34.0868], [-118.1275, 34.0821], [-118.1302, 34.0819], [-118.1272, 34.0868]], [[-118.1346, 33.9268], [-118.1346, 33.927], [-118.134, 33.9271], [-118.1346, 33.9268]], [[-118.1349, 33.9003], [-118.1373, 33.9002], [-118.1368, 33.9003], [-118.1349, 33.9003]], [[-118.1343, 34.0329], [-118.1328, 34.0289], [-118.1384, 34.0275], [-118.1458, 34.032], [-118.1343, 34.0329]], [[-118.1382, 33.8078], [-118.1383, 33.8048], [-118.1407, 33.8071], [-118.1382, 33.8078]], [[-118.1385, 33.8381], [-118.1381, 33.8389], [-118.1376, 33.8379], [-118.1385, 33.8381]], [[-118.138, 33.8284], [-118.1381, 33.8283], [-118.1381, 33.8284], [-118.138, 33.8284]], [[-118.1385, 33.8415], [-118.1382, 33.8422], [-118.1378, 33.8413], [-118.1385, 33.8415]], [[-118.1384, 33.8267], [-118.1384, 33.8272], [-118.1384, 33.8266], [-118.1384, 33.8267]], [[-118.1388, 33.866], [-118.1382, 33.8671], [-118.1382, 33.8651], [-118.1388, 33.866]], [[-118.1378, 33.8855], [-118.1383, 33.8828], [-118.1386, 33.8835], [-118.1378, 33.8855]], [[-118.1379, 33.8802], [-118.1382, 33.8795], [-118.1386, 33.8803], [-118.1379, 33.8802]], [[-118.1384, 33.8696], [-118.1383, 33.8698], [-118.1383, 33.8694], [-118.1384, 33.8696]], [[-118.1353, 34.0037], [-118.1425, 34.0001], [-118.1489, 34.0064], [-118.1423, 34.0057], [-118.1353, 34.0037]], [[-118.1374, 33.9362], [-118.1432, 33.9266], [-118.1393, 33.9218], [-118.1458, 33.9252], [-118.1374, 33.9362]], [[-118.1394, 33.9777], [-118.1378, 33.9765], [-118.1401, 33.9768], [-118.1394, 33.9777]], [[-118.1444, 33.9571], [-118.1402, 33.9544], [-118.1433, 33.95], [-118.1483, 33.9528], [-118.1591, 33.9483], [-118.1534, 33.9438], [-118.1574, 33.9419], [-118.1572, 33.9382], [-118.1482, 33.9337], [-118.1516, 33.9314], [-118.1732, 33.9328], [-118.1721, 33.9068], [-118.1798, 33.907], [-118.1819, 33.9], [-118.1888, 33.8999], [-118.182, 33.9096], [-118.185, 33.9166], [-118.176, 33.9214], [-118.181, 33.9257], [-118.1768, 33.9306], [-118.1777, 33.9434], [-118.1717, 33.951], [-118.1743, 33.954], [-118.1793, 33.954], [-118.1714, 33.9571], [-118.1682, 33.9544], [-118.1719, 33.9383], [-118.1668, 33.9347], [-118.163, 33.9372], [-118.1592, 33.9525], [-118.1548, 33.9561], [-118.1444, 33.9571]], [[-118.1395, 33.9928], [-118.1407, 33.99], [-118.1431, 33.9913], [-118.1415, 33.9917], [-118.1395, 33.9928]], [[-118.1475, 33.8289], [-118.1437, 33.8211], [-118.1472, 33.8169], [-118.1438, 33.8117], [-118.1636, 33.8152], [-118.1637, 33.8288], [-118.1475, 33.8289]], [[-118.1387, 34.0587], [-118.1457, 34.0436], [-118.1706, 34.0478], [-118.1687, 34.0555], [-118.1643, 34.0554], [-118.1619, 34.0586], [-118.1645, 34.0651], [-118.1703, 34.0684], [-118.1621, 34.0709], [-118.1604, 34.0613], [-118.1465, 34.0564], [-118.1387, 34.0587]], [[-118.137, 34.1506], [-118.1368, 34.1507], [-118.1367, 34.1503], [-118.137, 34.1506]], [[-118.136, 34.1858], [-118.136, 34.1829], [-118.1463, 34.1867], [-118.136, 34.1858]], [[-118.1395, 34.0742], [-118.1388, 34.0654], [-118.1506, 34.0656], [-118.1471, 34.0684], [-118.1474, 34.0734], [-118.1395, 34.0742]], [[-118.1465, 34.1795], [-118.1366, 34.1754], [-118.1365, 34.1726], [-118.1462, 34.1726], [-118.1465, 34.1795]], [[-118.1367, 34.1653], [-118.137, 34.1577], [-118.1372, 34.1591], [-118.1367, 34.1653]], [[-118.1474, 34.0838], [-118.1391, 34.0848], [-118.1388, 34.0814], [-118.1474, 34.0807], [-118.1474, 34.0838]], [[-118.1468, 33.7682], [-118.1463, 33.7681], [-118.1476, 33.768], [-118.1468, 33.7682]], [[-118.1478, 34.1004], [-118.139, 34.1012], [-118.1391, 34.0952], [-118.145, 34.0958], [-118.1478, 34.1004]], [[-118.1466, 33.7977], [-118.147, 33.797], [-118.1479, 33.7992], [-118.1466, 33.7977]], [[-118.1474, 33.7789], [-118.1472, 33.7789], [-118.1475, 33.7788], [-118.1474, 33.7789]], [[-118.1472, 33.7939], [-118.1472, 33.7941], [-118.1471, 33.7935], [-118.1472, 33.7939]], [[-118.1491, 33.9409], [-118.1469, 33.9432], [-118.1437, 33.9413], [-118.1453, 33.9399], [-118.1491, 33.9409]], [[-118.1472, 33.7959], [-118.1471, 33.7948], [-118.1472, 33.7954], [-118.1472, 33.7959]], [[-118.1462, 33.8659], [-118.147, 33.8641], [-118.147, 33.8674], [-118.1462, 33.8659]], [[-118.1475, 33.8456], [-118.1471, 33.836], [-118.1555, 33.8361], [-118.1555, 33.8435], [-118.1475, 33.8456]], [[-118.1469, 33.849], [-118.1474, 33.8481], [-118.1496, 33.8504], [-118.1469, 33.849]], [[-118.1465, 33.8836], [-118.1469, 33.8828], [-118.1471, 33.8855], [-118.1465, 33.8836]], [[-118.1469, 33.8705], [-118.1469, 33.8688], [-118.147, 33.8695], [-118.1469, 33.8705]], [[-118.1473, 33.8808], [-118.1471, 33.8814], [-118.1469, 33.8796], [-118.1473, 33.8808]], [[-118.2013, 34.0153], [-118.1887, 34.0151], [-118.1716, 34.011], [-118.1811, 34.0103], [-118.1915, 34.0148], [-118.1957, 34.0123], [-118.1936, 34.0078], [-118.1753, 34.0019], [-118.1799, 33.9994], [-118.1779, 33.9951], [-118.1718, 33.9956], [-118.1713, 34.0005], [-118.1444, 33.9914], [-118.1484, 33.9875], [-118.1573, 33.9878], [-118.1561, 33.9927], [-118.1613, 33.9959], [-118.166, 33.9898], [-118.1796, 33.9902], [-118.1811, 33.9969], [-118.189, 34.0017], [-118.2155, 34.0032], [-118.2157, 34.0184], [-118.208, 34.0102], [-118.2013, 34.0153]], [[-118.1584, 33.9816], [-118.1478, 33.9804], [-118.1493, 33.9778], [-118.1547, 33.9779], [-118.1587, 33.9787], [-118.1584, 33.9816]], [[-118.1452, 34.1394], [-118.1453, 34.1394], [-118.1453, 34.1394], [-118.1452, 34.1394]], [[-118.1457, 34.165], [-118.146, 34.1615], [-118.1463, 34.1627], [-118.1457, 34.165]], [[-118.1571, 33.8009], [-118.1556, 33.7935], [-118.1639, 33.7936], [-118.1632, 33.8007], [-118.1571, 33.8009]], [[-118.1659, 33.9259], [-118.1527, 33.9203], [-118.1651, 33.9195], [-118.1659, 33.9259]], [[-118.1574, 33.8078], [-118.1579, 33.8079], [-118.1556, 33.8089], [-118.1574, 33.8078]], [[-118.157, 33.7863], [-118.1574, 33.7863], [-118.1567, 33.7865], [-118.157, 33.7863]], [[-118.1643, 33.8668], [-118.159, 33.8655], [-118.1556, 33.8681], [-118.1556, 33.8639], [-118.1642, 33.8638], [-118.1643, 33.8668]], [[-118.1529, 34.0129], [-118.1521, 34.0136], [-118.1524, 34.0096], [-118.1529, 34.0129]], [[-118.1555, 33.8698], [-118.1555, 33.8698], [-118.1555, 33.8698], [-118.1555, 33.8698]], [[-118.1556, 33.8701], [-118.1561, 33.871], [-118.1557, 33.8709], [-118.1556, 33.8701]], [[-118.1556, 33.8829], [-118.1556, 33.8829], [-118.1555, 33.8833], [-118.1556, 33.8829]], [[-118.1561, 33.8803], [-118.1557, 33.8811], [-118.1556, 33.8794], [-118.1561, 33.8803]], [[-118.1556, 33.8842], [-118.1556, 33.8842], [-118.1557, 33.8846], [-118.1556, 33.8842]], [[-118.1556, 33.9], [-118.1556, 33.9], [-118.1556, 33.9], [-118.1556, 33.9]], [[-118.1556, 33.9107], [-118.1557, 33.9105], [-118.1558, 33.9109], [-118.1556, 33.9107]], [[-118.1612, 33.7867], [-118.1597, 33.7863], [-118.1617, 33.7863], [-118.1612, 33.7867]], [[-118.1545, 34.0369], [-118.155, 34.0371], [-118.1549, 34.0371], [-118.1545, 34.0369]], [[-118.1617, 33.7787], [-118.1625, 33.7789], [-118.1606, 33.7789], [-118.1617, 33.7787]], [[-118.1612, 33.8085], [-118.1604, 33.8081], [-118.1617, 33.8078], [-118.1612, 33.8085]], [[-118.1953, 34.104], [-118.1831, 34.1109], [-118.1742, 34.1083], [-118.155, 34.1123], [-118.1599, 34.0991], [-118.1695, 34.0995], [-118.1785, 34.0898], [-118.2022, 34.0876], [-118.1997, 34.0916], [-118.2023, 34.0953], [-118.1953, 34.104]], [[-118.1532, 34.1925], [-118.1549, 34.1884], [-118.1542, 34.1904], [-118.1532, 34.1925]], [[-118.1573, 34.0906], [-118.1563, 34.0802], [-118.1619, 34.0789], [-118.165, 34.0864], [-118.1573, 34.0906]], [[-118.1551, 34.1768], [-118.1547, 34.176], [-118.1553, 34.1744], [-118.1551, 34.1768]], [[-118.1551, 34.1654], [-118.1551, 34.1654], [-118.1552, 34.1654], [-118.1551, 34.1654]], [[-118.1551, 34.1793], [-118.155, 34.1793], [-118.1553, 34.1777], [-118.1551, 34.1793]], [[-118.1551, 34.1878], [-118.1551, 34.1879], [-118.1552, 34.1876], [-118.1551, 34.1878]], [[-118.1643, 33.8433], [-118.1641, 33.8423], [-118.1643, 33.8425], [-118.1643, 33.8433]], [[-118.1642, 33.8702], [-118.1644, 33.8709], [-118.1638, 33.8709], [-118.1642, 33.8702]], [[-118.1644, 33.8825], [-118.1643, 33.8794], [-118.1652, 33.881], [-118.1644, 33.8825]], [[-118.1645, 33.8846], [-118.1644, 33.8848], [-118.1643, 33.8844], [-118.1645, 33.8846]], [[-118.165, 33.9125], [-118.164, 33.9124], [-118.1647, 33.9104], [-118.165, 33.9125]], [[-118.1644, 33.9089], [-118.1643, 33.9087], [-118.1647, 33.9075], [-118.1644, 33.9089]], [[-118.1663, 33.9004], [-118.165, 33.9001], [-118.1663, 33.8997], [-118.1663, 33.9004]], [[-118.1704, 33.982], [-118.1669, 33.9828], [-118.1704, 33.9606], [-118.1743, 33.9632], [-118.1699, 33.9682], [-118.1729, 33.9729], [-118.1693, 33.9757], [-118.1704, 33.982]], [[-118.171, 33.8144], [-118.1719, 33.8125], [-118.1724, 33.8138], [-118.171, 33.8144]], [[-118.172, 33.8], [-118.1716, 33.7988], [-118.172, 33.7978], [-118.172, 33.7981], [-118.172, 33.8]], [[-118.1719, 33.7936], [-118.172, 33.7939], [-118.1719, 33.7937], [-118.1719, 33.7936]], [[-118.1712, 33.8288], [-118.1719, 33.8226], [-118.1722, 33.8257], [-118.172, 33.8273], [-118.1712, 33.8288]], [[-118.1723, 33.796], [-118.1721, 33.7965], [-118.1721, 33.7945], [-118.1723, 33.796]], [[-118.1723, 33.8081], [-118.172, 33.8089], [-118.1719, 33.8087], [-118.1723, 33.8081]], [[-118.1721, 33.8107], [-118.1721, 33.811], [-118.172, 33.8104], [-118.1721, 33.8107]], [[-118.1726, 33.9012], [-118.1704, 33.9], [-118.1713, 33.8996], [-118.1726, 33.9012]], [[-118.1719, 33.8393], [-118.1719, 33.8393], [-118.1719, 33.8392], [-118.1719, 33.8393]], [[-118.1721, 33.8382], [-118.172, 33.837], [-118.1723, 33.8376], [-118.1721, 33.8382]], [[-118.1728, 33.8565], [-118.172, 33.8408], [-118.1735, 33.8524], [-118.1728, 33.8565]], [[-118.1721, 33.8403], [-118.1721, 33.8405], [-118.1721, 33.8404], [-118.1721, 33.8403]], [[-118.1694, 34.0111], [-118.1697, 34.0111], [-118.1688, 34.0114], [-118.1694, 34.0111]], [[-118.1744, 33.7786], [-118.1747, 33.7787], [-118.1746, 33.7791], [-118.1744, 33.7786]], [[-118.1732, 33.8644], [-118.173, 33.8651], [-118.1727, 33.8641], [-118.1732, 33.8644]], [[-118.1727, 33.8709], [-118.1729, 33.8678], [-118.1731, 33.8686], [-118.1727, 33.8709]], [[-118.1729, 33.8661], [-118.173, 33.8669], [-118.1729, 33.8663], [-118.1729, 33.8661]], [[-118.1731, 33.884], [-118.173, 33.8789], [-118.1734, 33.88], [-118.1731, 33.884]], [[-118.1708, 34.0801], [-118.1707, 34.08], [-118.1716, 34.0791], [-118.1708, 34.0801]], [[-118.1745, 34.0297], [-118.1759, 34.0271], [-118.183, 34.0301], [-118.1824, 34.0304], [-118.1745, 34.0297]], [[-118.1806, 33.8139], [-118.1803, 33.8133], [-118.1808, 33.8108], [-118.18, 33.8079], [-118.1807, 33.808], [-118.1815, 33.8113], [-118.1806, 33.8139]], [[-118.1807, 33.797], [-118.1806, 33.7941], [-118.1811, 33.7954], [-118.1807, 33.797]], [[-118.1808, 33.7998], [-118.1807, 33.8004], [-118.1807, 33.7981], [-118.1808, 33.7998]], [[-118.1808, 33.8147], [-118.1811, 33.8153], [-118.1808, 33.8152], [-118.1808, 33.8147]], [[-118.1807, 33.8228], [-118.1807, 33.8236], [-118.1807, 33.8234], [-118.1807, 33.8228]], [[-118.1806, 33.8282], [-118.1806, 33.8287], [-118.1805, 33.8285], [-118.1806, 33.8282]], [[-118.1809, 33.8258], [-118.1806, 33.8267], [-118.1806, 33.8249], [-118.1809, 33.8258]], [[-118.1808, 33.8365], [-118.1805, 33.8376], [-118.1804, 33.8373], [-118.1808, 33.8365]], [[-118.1807, 33.8412], [-118.1808, 33.8416], [-118.1806, 33.8421], [-118.1807, 33.8412]], [[-118.1818, 33.8699], [-118.1817, 33.8701], [-118.1814, 33.8693], [-118.1818, 33.8699]], [[-118.1825, 33.9832], [-118.1789, 33.9825], [-118.1794, 33.981], [-118.1825, 33.9832]], [[-118.201, 33.884], [-118.1896, 33.8858], [-118.1887, 33.8925], [-118.1855, 33.894], [-118.187, 33.8883], [-118.1818, 33.8854], [-118.1813, 33.8799], [-118.1869, 33.8819], [-118.1904, 33.8777], [-118.1991, 33.8777], [-118.201, 33.884]], [[-118.183, 33.9742], [-118.1814, 33.9737], [-118.1816, 33.9734], [-118.183, 33.9742]], [[-118.1815, 34.0594], [-118.1817, 34.0595], [-118.1812, 34.0594], [-118.1815, 34.0594]], [[-118.1824, 34.0821], [-118.1847, 34.074], [-118.1923, 34.0726], [-118.1895, 34.0773], [-118.1824, 34.0821]], [[-118.2033, 33.9402], [-118.1862, 33.9383], [-118.1864, 33.9354], [-118.2011, 33.9357], [-118.2033, 33.9402]], [[-118.1888, 34.0676], [-118.1843, 34.0675], [-118.1851, 34.0661], [-118.1888, 34.0676]], [[-118.1893, 33.8508], [-118.1894, 33.8502], [-118.1905, 33.8501], [-118.1893, 33.8508]], [[-118.1881, 33.9474], [-118.1873, 33.9486], [-118.1872, 33.9459], [-118.1881, 33.9474]], [[-118.1998, 33.861], [-118.196, 33.8646], [-118.1972, 33.8705], [-118.1902, 33.8714], [-118.1894, 33.858], [-118.1998, 33.861]], [[-118.1893, 33.9584], [-118.1886, 33.9562], [-118.2066, 33.9596], [-118.1893, 33.9584]], [[-118.1907, 33.9273], [-118.1912, 33.9277], [-118.1895, 33.9274], [-118.1907, 33.9273]], [[-118.1936, 33.9955], [-118.1895, 33.9913], [-118.215, 33.9929], [-118.2151, 33.997], [-118.1936, 33.9955]], [[-118.1969, 33.8431], [-118.1933, 33.8246], [-118.2016, 33.8209], [-118.2026, 33.808], [-118.2057, 33.8056], [-118.2066, 33.8245], [-118.2113, 33.8351], [-118.209, 33.8431], [-118.1969, 33.8431]], [[-118.1922, 33.967], [-118.1928, 33.9673], [-118.1919, 33.9676], [-118.1922, 33.967]], [[-118.2, 33.976], [-118.1919, 33.9748], [-118.196, 33.9744], [-118.2, 33.976]], [[-118.1986, 34.1291], [-118.1928, 34.1296], [-118.1892, 34.1218], [-118.1996, 34.1238], [-118.1986, 34.1291]], [[-118.202, 34.0618], [-118.192, 34.0538], [-118.193, 34.0525], [-118.1987, 34.055], [-118.202, 34.0618]], [[-118.1964, 33.947], [-118.1961, 33.9471], [-118.1952, 33.9467], [-118.1964, 33.947]], [[-118.1998, 33.9678], [-118.1959, 33.9675], [-118.1987, 33.9655], [-118.1998, 33.9678]], [[-118.2025, 33.9096], [-118.1974, 33.9086], [-118.2017, 33.9066], [-118.2025, 33.9096]], [[-118.1981, 33.8998], [-118.1986, 33.8999], [-118.1983, 33.8999], [-118.1981, 33.8998]], [[-118.1996, 33.8503], [-118.2023, 33.8498], [-118.2025, 33.8533], [-118.1996, 33.8503]], [[-118.2, 33.8924], [-118.2002, 33.8924], [-118.1991, 33.8924], [-118.2, 33.8924]], [[-118.2017, 33.9003], [-118.1995, 33.8998], [-118.2004, 33.8996], [-118.2017, 33.9003]], [[-118.1999, 33.9169], [-118.1999, 33.9171], [-118.1994, 33.9164], [-118.1999, 33.9169]], [[-118.1969, 34.0805], [-118.1967, 34.0808], [-118.1973, 34.0797], [-118.1969, 34.0805]], [[-118.2024, 33.8924], [-118.2026, 33.8925], [-118.2025, 33.8925], [-118.2024, 33.8924]], [[-118.2024, 33.9487], [-118.2012, 33.9474], [-118.2026, 33.9476], [-118.2024, 33.9487]], [[-118.202, 33.985], [-118.2051, 33.9835], [-118.2187, 33.9854], [-118.2106, 33.9861], [-118.202, 33.985]], [[-118.206, 33.8706], [-118.2055, 33.8686], [-118.21, 33.8701], [-118.206, 33.8706]], [[-118.2203, 34.1203], [-118.2031, 34.117], [-118.2027, 34.1088], [-118.2188, 34.0911], [-118.2339, 34.1063], [-118.2315, 34.1144], [-118.2203, 34.1203]], [[-118.2158, 33.8848], [-118.2106, 33.8851], [-118.2085, 33.8782], [-118.2129, 33.878], [-118.211, 33.8825], [-118.2158, 33.8848]], [[-118.2046, 34.0852], [-118.207, 34.0775], [-118.2076, 34.0779], [-118.2046, 34.0852]], [[-118.2081, 34.0352], [-118.2079, 34.0352], [-118.2078, 34.0351], [-118.2081, 34.0352]], [[-118.2114, 34.1306], [-118.2059, 34.1299], [-118.2079, 34.1255], [-118.214, 34.1266], [-118.2114, 34.1306]], [[-118.2124, 33.9486], [-118.2113, 33.9492], [-118.2113, 33.9482], [-118.2124, 33.9486]], [[-118.2097, 34.0519], [-118.2097, 34.0519], [-118.2096, 34.0519], [-118.2097, 34.0519]], [[-118.211, 34.0281], [-118.211, 34.0282], [-118.2109, 34.0281], [-118.211, 34.0281]], [[-118.2165, 34.0548], [-118.2162, 34.0552], [-118.2153, 34.0553], [-118.2165, 34.0548]], [[-118.2207, 33.9087], [-118.2203, 33.9047], [-118.2222, 33.9064], [-118.2207, 33.9087]], [[-118.226, 33.9426], [-118.2197, 33.9422], [-118.2197, 33.9374], [-118.2253, 33.9399], [-118.226, 33.9426]], [[-118.229, 34.0399], [-118.2177, 34.0393], [-118.227, 34.0368], [-118.229, 34.0399]], [[-118.2216, 33.9127], [-118.221, 33.9128], [-118.2209, 33.9101], [-118.2216, 33.9127]], [[-118.2306, 34.0603], [-118.2247, 34.0638], [-118.2186, 34.0622], [-118.2245, 34.0581], [-118.2306, 34.0603]], [[-118.2223, 33.9228], [-118.2223, 33.9198], [-118.2239, 33.9197], [-118.2223, 33.9228]], [[-118.222, 33.9498], [-118.2227, 33.9497], [-118.2218, 33.9501], [-118.222, 33.9498]], [[-118.2354, 34.1381], [-118.2228, 34.1385], [-118.2195, 34.1363], [-118.2214, 34.1293], [-118.233, 34.1219], [-118.2457, 34.1197], [-118.2493, 34.1229], [-118.2486, 34.1299], [-118.2393, 34.1309], [-118.2354, 34.1381]], [[-118.2184, 34.2087], [-118.2208, 34.2086], [-118.2246, 34.2119], [-118.2223, 34.2122], [-118.2184, 34.2087]], [[-118.226, 34.014], [-118.2228, 34.0117], [-118.2239, 34.0068], [-118.2257, 34.008], [-118.226, 34.014]], [[-118.223, 34.0308], [-118.2254, 34.0263], [-118.226, 34.0312], [-118.223, 34.0308]], [[-118.2324, 33.8835], [-118.2279, 33.8848], [-118.227, 33.8801], [-118.2324, 33.8797], [-118.2324, 33.8835]], [[-118.2245, 34.0223], [-118.2256, 34.021], [-118.2264, 34.023], [-118.2245, 34.0223]], [[-118.2332, 33.9533], [-118.2284, 33.9535], [-118.2266, 33.9503], [-118.2344, 33.9486], [-118.2332, 33.9533]], [[-118.2242, 34.0801], [-118.2273, 34.0743], [-118.2317, 34.0746], [-118.2405, 34.0688], [-118.2471, 34.0708], [-118.2514, 34.0783], [-118.2448, 34.0917], [-118.237, 34.0848], [-118.2242, 34.0801]], [[-118.2289, 33.8997], [-118.2293, 33.8996], [-118.229, 33.8997], [-118.2289, 33.8997]], [[-118.2303, 33.8996], [-118.2294, 33.8996], [-118.2301, 33.8994], [-118.2303, 33.8996]], [[-118.2349, 33.9636], [-118.2296, 33.9634], [-118.2285, 33.9616], [-118.2321, 33.9635], [-118.2349, 33.9636]], [[-118.2296, 33.9711], [-118.2296, 33.971], [-118.2297, 33.9711], [-118.2296, 33.9711]], [[-118.2297, 34.0002], [-118.2297, 33.993], [-118.2367, 33.9929], [-118.2389, 34.0002], [-118.2297, 34.0002]], [[-118.2288, 34.0513], [-118.2288, 34.0513], [-118.2285, 34.0515], [-118.2288, 34.0513]], [[-118.23, 33.9855], [-118.2317, 33.9853], [-118.2332, 33.9854], [-118.2345, 33.9851], [-118.2367, 33.9855], [-118.2365, 33.9857], [-118.2346, 33.9855], [-118.23, 33.9855]], [[-118.2291, 34.0442], [-118.2291, 34.0442], [-118.2295, 34.0435], [-118.2291, 34.0442]], [[-118.2334, 33.8997], [-118.2332, 33.8997], [-118.2325, 33.8996], [-118.2334, 33.8997]], [[-118.2316, 33.9711], [-118.2325, 33.971], [-118.232, 33.9711], [-118.2316, 33.9711]], [[-118.2274, 34.2132], [-118.2283, 34.2132], [-118.2285, 34.2134], [-118.2281, 34.2133], [-118.2274, 34.2132]], [[-118.2358, 33.9396], [-118.2351, 33.9326], [-118.2421, 33.9306], [-118.2421, 33.9395], [-118.2358, 33.9396]], [[-118.2346, 33.9711], [-118.2382, 33.971], [-118.2376, 33.971], [-118.2346, 33.9711]], [[-118.2325, 34.0911], [-118.233, 34.0912], [-118.2355, 34.0933], [-118.2381, 34.0965], [-118.2439, 34.0993], [-118.25, 34.1067], [-118.2471, 34.1089], [-118.2325, 34.0911]], [[-118.2355, 34.0236], [-118.2343, 34.0228], [-118.2361, 34.0219], [-118.2355, 34.0236]], [[-118.2593, 33.8638], [-118.2468, 33.8639], [-118.2442, 33.8747], [-118.2402, 33.8725], [-118.2382, 33.8505], [-118.2444, 33.8505], [-118.2444, 33.8589], [-118.2491, 33.8614], [-118.2533, 33.8589], [-118.2528, 33.8504], [-118.2609, 33.8502], [-118.2623, 33.8612], [-118.2593, 33.8638]], [[-118.2361, 34.0159], [-118.2347, 34.0077], [-118.2394, 34.0076], [-118.2434, 34.0168], [-118.2361, 34.0159]], [[-118.2344, 34.0302], [-118.2376, 34.0315], [-118.2375, 34.0315], [-118.2344, 34.0302]], [[-118.2312, 34.2148], [-118.2317, 34.2154], [-118.2316, 34.2154], [-118.2312, 34.2148]], [[-118.2444, 33.8812], [-118.2409, 33.8797], [-118.2445, 33.877], [-118.2451, 33.878], [-118.2444, 33.8812]], [[-118.2409, 33.971], [-118.2394, 33.9711], [-118.2401, 33.971], [-118.2409, 33.971]], [[-118.2443, 33.8926], [-118.2419, 33.8921], [-118.2453, 33.892], [-118.2443, 33.8926]], [[-118.2433, 34.0261], [-118.2391, 34.0237], [-118.2423, 34.0242], [-118.2433, 34.0261]], [[-118.2355, 34.2167], [-118.2357, 34.2173], [-118.235, 34.2166], [-118.2355, 34.2167]], [[-118.2444, 33.8999], [-118.2427, 33.8995], [-118.244, 33.8991], [-118.2444, 33.8999]], [[-118.2507, 33.9111], [-118.2434, 33.9125], [-118.2431, 33.907], [-118.25, 33.9065], [-118.2507, 33.9111]], [[-118.2429, 33.964], [-118.2429, 33.9639], [-118.2433, 33.9639], [-118.2429, 33.964]], [[-118.243, 33.971], [-118.2432, 33.971], [-118.2432, 33.971], [-118.243, 33.971]], [[-118.2481, 33.8996], [-118.2482, 33.8997], [-118.2478, 33.8996], [-118.2481, 33.8996]], [[-118.2441, 34.1392], [-118.244, 34.1372], [-118.2468, 34.1375], [-118.2441, 34.1392]], [[-118.2559, 33.8291], [-118.2513, 33.828], [-118.2571, 33.8274], [-118.2559, 33.8291]], [[-118.2531, 33.7842], [-118.2538, 33.7841], [-118.253, 33.7846], [-118.2531, 33.7842]], [[-118.2496, 34.0314], [-118.2494, 34.0316], [-118.2498, 34.0313], [-118.2496, 34.0314]], [[-118.2597, 33.8828], [-118.2534, 33.883], [-118.2532, 33.8711], [-118.2617, 33.8709], [-118.2597, 33.8828]], [[-118.2518, 33.9564], [-118.2517, 33.9537], [-118.2522, 33.955], [-118.2518, 33.9564]], [[-118.2478, 34.1551], [-118.2505, 34.1501], [-118.2509, 34.1547], [-118.2478, 34.1551]], [[-118.2551, 33.8903], [-118.262, 33.8905], [-118.2611, 33.8916], [-118.2551, 33.8903]], [[-118.2548, 34.1181], [-118.2507, 34.1158], [-118.2592, 34.109], [-118.261, 34.1129], [-118.2548, 34.1181]], [[-118.2591, 33.913], [-118.2582, 33.9111], [-118.2598, 33.9057], [-118.2613, 33.9111], [-118.2591, 33.913]], [[-118.2546, 34.0888], [-118.2544, 34.0891], [-118.2543, 34.0889], [-118.2546, 34.0888]], [[-118.2587, 33.8988], [-118.2603, 33.899], [-118.2597, 33.8993], [-118.2587, 33.8988]], [[-118.2597, 33.9508], [-118.258, 33.9477], [-118.2587, 33.9467], [-118.2608, 33.947], [-118.2597, 33.9508]], [[-118.2617, 33.9211], [-118.2588, 33.9199], [-118.2593, 33.9197], [-118.2617, 33.9211]], [[-118.2587, 34.0639], [-118.2563, 34.0626], [-118.2582, 34.0611], [-118.2592, 34.0615], [-118.2587, 34.0639]], [[-118.2601, 33.9272], [-118.2607, 33.9269], [-118.2607, 33.9276], [-118.2601, 33.9272]], [[-118.2607, 33.9344], [-118.2608, 33.9346], [-118.2606, 33.9346], [-118.2607, 33.9344]], [[-118.2612, 33.9655], [-118.2608, 33.9664], [-118.2604, 33.9656], [-118.2612, 33.9655]], [[-118.2612, 33.9546], [-118.2607, 33.9556], [-118.2609, 33.954], [-118.2612, 33.9546]], [[-118.2613, 33.9692], [-118.2609, 33.9699], [-118.2607, 33.968], [-118.2613, 33.9692]], [[-118.261, 33.9982], [-118.2609, 33.9986], [-118.2607, 33.9981], [-118.261, 33.9982]], [[-118.2674, 33.7873], [-118.2672, 33.7832], [-118.2703, 33.7832], [-118.2674, 33.7873]], [[-118.2681, 33.7955], [-118.268, 33.7946], [-118.2707, 33.7944], [-118.2681, 33.7955]], [[-118.2682, 33.8036], [-118.2868, 33.7997], [-118.2863, 33.8047], [-118.2682, 33.8036]], [[-118.2715, 33.8204], [-118.268, 33.8205], [-118.2684, 33.8119], [-118.2719, 33.8118], [-118.2715, 33.8204]], [[-118.2699, 33.8284], [-118.2683, 33.828], [-118.2721, 33.8279], [-118.2699, 33.8284]], [[-118.2686, 34.1199], [-118.2626, 34.1219], [-118.2672, 34.1173], [-118.2686, 34.1199]], [[-118.2788, 34.1027], [-118.2727, 34.1056], [-118.2635, 34.1033], [-118.2657, 34.0822], [-118.2772, 34.095], [-118.2788, 34.1027]], [[-118.269, 33.8825], [-118.271, 33.8722], [-118.2753, 33.8749], [-118.2865, 33.8733], [-118.2869, 33.878], [-118.2764, 33.8785], [-118.269, 33.8825]], [[-118.2698, 33.8983], [-118.2695, 33.8894], [-118.2784, 33.8884], [-118.2807, 33.8983], [-118.2698, 33.8983]], [[-118.2707, 33.8706], [-118.2708, 33.8706], [-118.2708, 33.8709], [-118.2707, 33.8706]], [[-118.3091, 34.172], [-118.3117, 34.1649], [-118.2961, 34.1517], [-118.2901, 34.1526], [-118.2909, 34.1582], [-118.282, 34.156], [-118.278, 34.1497], [-118.2841, 34.1517], [-118.2882, 34.1455], [-118.2827, 34.1437], [-118.2778, 34.1489], [-118.2653, 34.1295], [-118.2777, 34.123], [-118.278, 34.1176], [-118.2934, 34.1144], [-118.2985, 34.1085], [-118.3173, 34.1089], [-118.3168, 34.1209], [-118.3227, 34.1233], [-118.3274, 34.1081], [-118.3411, 34.1292], [-118.3582, 34.1379], [-118.3571, 34.1485], [-118.3382, 34.1484], [-118.332, 34.1531], [-118.3248, 34.1532], [-118.3246, 34.1607], [-118.3151, 34.1701], [-118.3091, 34.172]], [[-118.2763, 33.828], [-118.2728, 33.8279], [-118.2745, 33.8277], [-118.2763, 33.828]], [[-118.2695, 33.9979], [-118.2695, 33.9989], [-118.2694, 33.9986], [-118.2695, 33.9979]], [[-118.2738, 33.926], [-118.2737, 33.927], [-118.2729, 33.9259], [-118.2738, 33.926]], [[-118.2723, 34.0441], [-118.2707, 34.0437], [-118.2721, 34.0423], [-118.2723, 34.0441]], [[-118.2684, 34.156], [-118.269, 34.1506], [-118.2715, 34.1551], [-118.2684, 34.156]], [[-118.2742, 33.9399], [-118.2737, 33.9408], [-118.2733, 33.94], [-118.2742, 33.9399]], [[-118.274, 33.9216], [-118.274, 33.9217], [-118.274, 33.9216], [-118.274, 33.9216]], [[-118.2834, 33.8283], [-118.2778, 33.8279], [-118.2794, 33.8272], [-118.2834, 33.8283]], [[-118.2815, 33.8206], [-118.279, 33.8163], [-118.2811, 33.8114], [-118.2832, 33.8164], [-118.2815, 33.8206]], [[-118.28, 33.7953], [-118.2865, 33.7937], [-118.2868, 33.7963], [-118.2836, 33.7946], [-118.28, 33.7953]], [[-118.2818, 34.0881], [-118.274, 34.0783], [-118.2755, 34.077], [-118.2859, 34.0872], [-118.2818, 34.0881]], [[-118.2782, 33.9121], [-118.2778, 33.9113], [-118.2784, 33.9099], [-118.2782, 33.9121]], [[-118.2783, 33.9083], [-118.2784, 33.9057], [-118.2792, 33.9066], [-118.2783, 33.9083]], [[-118.2864, 33.8656], [-118.286, 33.8657], [-118.2857, 33.8638], [-118.2864, 33.8656]], [[-118.2871, 33.9232], [-118.2846, 33.9202], [-118.2871, 33.9202], [-118.2871, 33.9232]], [[-118.2875, 33.8981], [-118.2855, 33.8981], [-118.2874, 33.8958], [-118.2875, 33.8981]], [[-118.2873, 33.8876], [-118.2872, 33.8881], [-118.2871, 33.8859], [-118.2873, 33.8876]], [[-118.288, 33.8909], [-118.2874, 33.892], [-118.2873, 33.8898], [-118.288, 33.8909]], [[-118.2872, 33.909], [-118.2871, 33.9056], [-118.2877, 33.9063], [-118.2872, 33.909]], [[-118.2878, 33.8949], [-118.2874, 33.8956], [-118.2876, 33.8942], [-118.2878, 33.8949]], [[-118.2872, 33.912], [-118.2872, 33.9091], [-118.2872, 33.9101], [-118.2872, 33.912]], [[-118.2869, 33.9272], [-118.287, 33.9243], [-118.2873, 33.9253], [-118.2869, 33.9272]], [[-118.2871, 33.9414], [-118.2869, 33.9347], [-118.2872, 33.9347], [-118.2871, 33.9414]], [[-118.2871, 33.9522], [-118.2866, 33.9511], [-118.2872, 33.9497], [-118.2871, 33.9522]], [[-118.2871, 33.9555], [-118.2871, 33.9535], [-118.2874, 33.9563], [-118.2871, 33.9555]], [[-118.2872, 33.9666], [-118.2871, 33.9638], [-118.2871, 33.9638], [-118.2873, 33.9646], [-118.2872, 33.9666]], [[-118.2874, 33.9696], [-118.2872, 33.9705], [-118.2871, 33.9685], [-118.2874, 33.9696]], [[-118.2873, 33.9949], [-118.2871, 33.9956], [-118.2868, 33.9949], [-118.2873, 33.9949]], [[-118.2871, 33.9991], [-118.287, 33.9998], [-118.2871, 33.997], [-118.2871, 33.9991]], [[-118.2949, 33.8235], [-118.2932, 33.8214], [-118.2942, 33.8204], [-118.2948, 33.8214], [-118.2949, 33.8235]], [[-118.2942, 33.8078], [-118.2942, 33.8078], [-118.2942, 33.8078], [-118.2942, 33.8078]], [[-118.2948, 33.8048], [-118.2947, 33.8049], [-118.2944, 33.8043], [-118.2948, 33.8048]], [[-118.2948, 33.8457], [-118.2939, 33.8441], [-118.2947, 33.8353], [-118.2958, 33.8395], [-118.2948, 33.8457]], [[-118.2951, 33.8161], [-118.2945, 33.8167], [-118.2947, 33.8162], [-118.2951, 33.8161]], [[-118.2951, 33.8269], [-118.2947, 33.8279], [-118.295, 33.8254], [-118.2951, 33.8269]], [[-118.2946, 33.8694], [-118.2947, 33.8701], [-118.2939, 33.8693], [-118.2946, 33.8694]], [[-118.295, 33.8491], [-118.2949, 33.8462], [-118.2953, 33.8471], [-118.295, 33.8491]], [[-118.295, 33.8535], [-118.2949, 33.8508], [-118.2951, 33.8514], [-118.295, 33.8535]], [[-118.2949, 33.8633], [-118.2948, 33.8633], [-118.2949, 33.8633], [-118.2949, 33.8633]], [[-118.2963, 33.8982], [-118.2958, 33.8982], [-118.2959, 33.898], [-118.2963, 33.8982]], [[-118.2963, 33.9072], [-118.2964, 33.9085], [-118.2961, 33.9077], [-118.2963, 33.9072]], [[-118.2961, 33.9127], [-118.2963, 33.9095], [-118.2999, 33.9128], [-118.2961, 33.9127]], [[-118.2984, 33.921], [-118.296, 33.9202], [-118.3047, 33.9198], [-118.2984, 33.921]], [[-118.2964, 33.9691], [-118.2961, 33.9697], [-118.2958, 33.969], [-118.2964, 33.9691]], [[-118.2978, 33.9277], [-118.2967, 33.9273], [-118.2979, 33.9269], [-118.2978, 33.9277]], [[-118.2962, 33.9651], [-118.2961, 33.9656], [-118.2961, 33.9658], [-118.2962, 33.9651]], [[-118.2959, 33.9978], [-118.296, 33.9987], [-118.2958, 33.9982], [-118.2959, 33.9978]], [[-118.3031, 33.7941], [-118.3019, 33.7944], [-118.3016, 33.7932], [-118.3031, 33.7941]], [[-118.3027, 33.8107], [-118.3032, 33.8024], [-118.3036, 33.8092], [-118.3027, 33.8107]], [[-118.303, 33.8013], [-118.303, 33.8012], [-118.303, 33.8012], [-118.303, 33.8013]], [[-118.3031, 33.8265], [-118.3026, 33.8188], [-118.3051, 33.8206], [-118.3031, 33.8265]], [[-118.3049, 33.8539], [-118.3027, 33.848], [-118.3049, 33.8454], [-118.3056, 33.8519], [-118.3049, 33.8539]], [[-118.3034, 33.8378], [-118.3036, 33.8353], [-118.3046, 33.8352], [-118.3034, 33.8378]], [[-118.3032, 33.8639], [-118.3047, 33.8619], [-118.3054, 33.8675], [-118.3032, 33.8639]], [[-118.3027, 33.9275], [-118.3022, 33.9275], [-118.3022, 33.9274], [-118.3027, 33.9275]], [[-118.3038, 33.8764], [-118.3041, 33.8765], [-118.3038, 33.8766], [-118.3038, 33.8764]], [[-118.3038, 33.8862], [-118.304, 33.8838], [-118.3054, 33.8861], [-118.3038, 33.8862]], [[-118.3047, 33.9131], [-118.3037, 33.9128], [-118.3046, 33.9125], [-118.3047, 33.9131]], [[-118.3048, 33.8937], [-118.3047, 33.8939], [-118.3046, 33.8937], [-118.3048, 33.8937]], [[-118.3048, 33.8982], [-118.3048, 33.8955], [-118.3056, 33.8968], [-118.3048, 33.8982]], [[-118.3046, 33.9519], [-118.3047, 33.9496], [-118.3052, 33.9506], [-118.3046, 33.9519]], [[-118.3045, 33.9558], [-118.3046, 33.9535], [-118.3051, 33.9544], [-118.3045, 33.9558]], [[-118.3046, 33.9665], [-118.3045, 33.9645], [-118.3049, 33.9656], [-118.3046, 33.9665]], [[-118.3048, 33.9693], [-118.3046, 33.97], [-118.3046, 33.9681], [-118.3048, 33.9693]], [[-118.315, 33.8155], [-118.3124, 33.8145], [-118.3114, 33.8029], [-118.3159, 33.8042], [-118.315, 33.8155]], [[-118.3168, 33.7958], [-118.312, 33.7953], [-118.312, 33.7932], [-118.3157, 33.7931], [-118.3168, 33.7958]], [[-118.3362, 33.7888], [-118.3298, 33.7859], [-118.3137, 33.7858], [-118.3142, 33.7803], [-118.3347, 33.7737], [-118.3402, 33.7789], [-118.3362, 33.7888]], [[-118.3135, 33.8236], [-118.3134, 33.8241], [-118.3134, 33.8223], [-118.3135, 33.8236]], [[-118.3137, 33.8263], [-118.3134, 33.8273], [-118.3134, 33.8253], [-118.3137, 33.8263]], [[-118.3137, 33.8457], [-118.3133, 33.8398], [-118.3143, 33.8401], [-118.3137, 33.8457]], [[-118.3138, 33.8675], [-118.3135, 33.8683], [-118.3129, 33.8673], [-118.3138, 33.8675]], [[-118.3138, 33.8522], [-118.3135, 33.8528], [-118.3133, 33.8509], [-118.3138, 33.8522]], [[-118.312, 33.9264], [-118.3136, 33.924], [-118.3164, 33.9273], [-118.312, 33.9264]], [[-118.3138, 33.8487], [-118.3138, 33.8488], [-118.3138, 33.8488], [-118.3138, 33.8487]], [[-118.3139, 33.864], [-118.3136, 33.8647], [-118.3135, 33.8632], [-118.3139, 33.864]], [[-118.3136, 33.8766], [-118.3138, 33.8766], [-118.3135, 33.8793], [-118.3136, 33.8766]], [[-118.3137, 33.8833], [-118.3136, 33.883], [-118.3137, 33.8831], [-118.3137, 33.8833]], [[-118.3233, 33.9224], [-118.3176, 33.9203], [-118.3136, 33.9235], [-118.313, 33.9205], [-118.3213, 33.9198], [-118.3233, 33.9224]], [[-118.3137, 33.951], [-118.3133, 33.9519], [-118.3128, 33.9508], [-118.3137, 33.951]], [[-118.3137, 33.9655], [-118.3133, 33.9665], [-118.3129, 33.9656], [-118.3137, 33.9655]], [[-118.3139, 33.9544], [-118.3133, 33.9555], [-118.3134, 33.9535], [-118.3139, 33.9544]], [[-118.3139, 33.9689], [-118.3133, 33.9702], [-118.3134, 33.968], [-118.3139, 33.9689]], [[-118.3146, 33.9128], [-118.3173, 33.9127], [-118.3167, 33.9128], [-118.3146, 33.9128]], [[-118.3134, 34.0], [-118.3137, 33.9967], [-118.3142, 33.9982], [-118.3134, 34.0]], [[-118.3205, 34.0217], [-118.3134, 34.022], [-118.3134, 34.0145], [-118.3186, 34.0184], [-118.3205, 34.0217]], [[-118.3132, 34.0362], [-118.3132, 34.0361], [-118.3132, 34.0361], [-118.3132, 34.0362]], [[-118.3134, 34.0291], [-118.3138, 34.0292], [-118.3136, 34.0293], [-118.3134, 34.0291]], [[-118.3162, 34.058], [-118.3136, 34.0581], [-118.3136, 34.056], [-118.3162, 34.058]], [[-118.3157, 34.0367], [-118.3149, 34.0364], [-118.3164, 34.0363], [-118.3157, 34.0367]], [[-118.3214, 33.9129], [-118.3175, 33.9127], [-118.3221, 33.9101], [-118.3214, 33.9129]], [[-118.3147, 34.0943], [-118.3151, 34.0944], [-118.3145, 34.0944], [-118.3147, 34.0943]], [[-118.3211, 33.9282], [-118.3194, 33.9273], [-118.3219, 33.9252], [-118.3211, 33.9282]], [[-118.3181, 34.0798], [-118.3168, 34.0798], [-118.3175, 34.0796], [-118.3181, 34.0798]], [[-118.3221, 33.8792], [-118.3211, 33.8777], [-118.3222, 33.8765], [-118.322, 33.8773], [-118.3221, 33.8792]], [[-118.3222, 33.828], [-118.3225, 33.8245], [-118.324, 33.8247], [-118.3222, 33.828]], [[-118.3187, 34.0726], [-118.3173, 34.0727], [-118.3177, 34.0727], [-118.3187, 34.0726]], [[-118.3169, 34.0944], [-118.3169, 34.0944], [-118.3169, 34.0944], [-118.3169, 34.0944]], [[-118.3224, 33.868], [-118.3221, 33.8685], [-118.3218, 33.8676], [-118.3224, 33.868]], [[-118.3309, 33.8692], [-118.3308, 33.8617], [-118.3451, 33.8615], [-118.3481, 33.857], [-118.3444, 33.8544], [-118.3222, 33.8547], [-118.3231, 33.8401], [-118.3269, 33.8504], [-118.3322, 33.8492], [-118.3337, 33.8399], [-118.3372, 33.8392], [-118.3404, 33.8402], [-118.3419, 33.8508], [-118.3495, 33.8503], [-118.3481, 33.8691], [-118.3309, 33.8692]], [[-118.318, 34.0652], [-118.3179, 34.0652], [-118.3179, 34.0652], [-118.318, 34.0652]], [[-118.3224, 33.8645], [-118.3222, 33.8655], [-118.3222, 33.8627], [-118.3224, 33.8645]], [[-118.3197, 34.0362], [-118.3202, 34.0363], [-118.3187, 34.0362], [-118.3197, 34.0362]], [[-118.3346, 33.8066], [-118.3308, 33.7981], [-118.3239, 33.8005], [-118.3244, 33.7931], [-118.3293, 33.797], [-118.3339, 33.7963], [-118.3452, 33.8086], [-118.3346, 33.8066]], [[-118.3237, 33.8174], [-118.3237, 33.8174], [-118.3237, 33.8174], [-118.3237, 33.8174]], [[-118.3241, 33.8083], [-118.324, 33.8085], [-118.3239, 33.8083], [-118.3241, 33.8083]], [[-118.3195, 34.0292], [-118.3193, 34.0291], [-118.3195, 34.0291], [-118.3195, 34.0292]], [[-118.3226, 33.9076], [-118.3222, 33.9083], [-118.3221, 33.9067], [-118.3226, 33.9076]], [[-118.3246, 33.8155], [-118.3243, 33.8159], [-118.3244, 33.8156], [-118.3246, 33.8155]], [[-118.3225, 33.9364], [-118.3221, 33.9376], [-118.3222, 33.9353], [-118.3225, 33.9364]], [[-118.3221, 33.9412], [-118.3221, 33.9392], [-118.3223, 33.9398], [-118.3221, 33.9412]], [[-118.3223, 33.9516], [-118.3221, 33.9521], [-118.3221, 33.9501], [-118.3223, 33.9516]], [[-118.3221, 33.9558], [-118.3221, 33.9537], [-118.3223, 33.9543], [-118.3221, 33.9558]], [[-118.3265, 33.9699], [-118.3222, 33.9708], [-118.3222, 33.9637], [-118.3262, 33.9643], [-118.3265, 33.9699]], [[-118.3263, 33.9853], [-118.3223, 33.9854], [-118.3247, 33.9838], [-118.3263, 33.9853]], [[-118.3206, 34.0798], [-118.3228, 34.0799], [-118.3226, 34.0799], [-118.3206, 34.0798]], [[-118.3216, 34.0728], [-118.3209, 34.0726], [-118.3224, 34.0726], [-118.3216, 34.0728]], [[-118.3226, 34.0001], [-118.3226, 33.9968], [-118.3265, 33.9967], [-118.3226, 34.0001]], [[-118.3259, 34.0157], [-118.3227, 34.0146], [-118.3306, 34.0146], [-118.3259, 34.0157]], [[-118.3226, 34.0363], [-118.3226, 34.0363], [-118.3223, 34.0362], [-118.3226, 34.0363]], [[-118.3227, 34.0291], [-118.3226, 34.0291], [-118.3229, 34.029], [-118.3227, 34.0291]], [[-118.3219, 34.0655], [-118.322, 34.0655], [-118.322, 34.0655], [-118.3219, 34.0655]], [[-118.3271, 34.0217], [-118.3279, 34.0219], [-118.3253, 34.0219], [-118.3271, 34.0217]], [[-118.3253, 34.0724], [-118.3257, 34.0725], [-118.3245, 34.0726], [-118.3253, 34.0724]], [[-118.326, 34.0358], [-118.3268, 34.0361], [-118.3253, 34.0364], [-118.326, 34.0358]], [[-118.3267, 34.0292], [-118.3269, 34.0292], [-118.3258, 34.0292], [-118.3267, 34.0292]], [[-118.3254, 34.0654], [-118.3259, 34.0654], [-118.3257, 34.0656], [-118.3254, 34.0654]], [[-118.3241, 34.1716], [-118.3377, 34.1588], [-118.3411, 34.1658], [-118.3241, 34.1716]], [[-118.3307, 33.8766], [-118.3343, 33.8765], [-118.333, 33.8768], [-118.3307, 33.8766]], [[-118.331, 33.891], [-118.3308, 33.8815], [-118.3345, 33.8839], [-118.3394, 33.8824], [-118.3394, 33.891], [-118.331, 33.891]], [[-118.3332, 33.8197], [-118.3328, 33.8086], [-118.3341, 33.8125], [-118.3466, 33.818], [-118.3474, 33.8208], [-118.3467, 33.8219], [-118.3332, 33.8197]], [[-118.3266, 34.1788], [-118.3252, 34.179], [-118.3259, 34.1785], [-118.3266, 34.1788]], [[-118.3284, 34.0363], [-118.3284, 34.0364], [-118.3282, 34.0363], [-118.3284, 34.0363]], [[-118.3322, 33.9127], [-118.331, 33.9057], [-118.3394, 33.9057], [-118.3394, 33.9127], [-118.3322, 33.9127]], [[-118.3284, 34.0515], [-118.3286, 34.0516], [-118.3282, 34.0515], [-118.3284, 34.0515]], [[-118.3319, 33.9274], [-118.331, 33.9199], [-118.3393, 33.9202], [-118.3394, 33.9272], [-118.3319, 33.9274]], [[-118.333, 33.8267], [-118.3382, 33.8277], [-118.3372, 33.8282], [-118.333, 33.8267]], [[-118.3312, 33.9407], [-118.3309, 33.9347], [-118.3394, 33.9347], [-118.3394, 33.9382], [-118.3312, 33.9407]], [[-118.3329, 33.8988], [-118.3318, 33.8983], [-118.3331, 33.898], [-118.3329, 33.8988]], [[-118.3325, 33.9562], [-118.331, 33.949], [-118.3394, 33.9492], [-118.3395, 33.9563], [-118.3325, 33.9562]], [[-118.3303, 34.0221], [-118.3296, 34.0219], [-118.3303, 34.0218], [-118.3303, 34.0221]], [[-118.3306, 34.0652], [-118.3333, 34.0656], [-118.3294, 34.0653], [-118.3306, 34.0652]], [[-118.337, 34.0545], [-118.3296, 34.0519], [-118.3397, 34.052], [-118.337, 34.0545]], [[-118.3305, 34.188], [-118.3291, 34.1896], [-118.3268, 34.1881], [-118.3277, 34.1879], [-118.3305, 34.188]], [[-118.3296, 34.0726], [-118.3329, 34.0719], [-118.3342, 34.0725], [-118.3312, 34.074], [-118.3296, 34.0726]], [[-118.3281, 34.1944], [-118.3405, 34.1954], [-118.3444, 34.2039], [-118.3281, 34.1944]], [[-118.3312, 34.0601], [-118.3311, 34.0599], [-118.3313, 34.06], [-118.3312, 34.0601]], [[-118.3289, 34.1779], [-118.3315, 34.177], [-118.3304, 34.1779], [-118.3289, 34.1779]], [[-118.3317, 34.0798], [-118.3318, 34.0791], [-118.3334, 34.0798], [-118.3317, 34.0798]], [[-118.3321, 34.0871], [-118.3346, 34.0872], [-118.3338, 34.0877], [-118.3321, 34.0871]], [[-118.3375, 33.8987], [-118.3362, 33.8982], [-118.3385, 33.8983], [-118.3375, 33.8987]], [[-118.3392, 33.9756], [-118.3353, 33.9708], [-118.3349, 33.9637], [-118.3399, 33.9637], [-118.3392, 33.9756]], [[-118.3351, 33.9843], [-118.3504, 33.9792], [-118.3539, 33.9801], [-118.3542, 33.9852], [-118.3351, 33.9843]], [[-118.3506, 34.0008], [-118.3368, 34.0027], [-118.3353, 33.9927], [-118.3513, 33.9926], [-118.3534, 33.9979], [-118.3506, 34.0008]], [[-118.3331, 34.1764], [-118.3353, 34.1757], [-118.3344, 34.1764], [-118.3331, 34.1764]], [[-118.3363, 34.0801], [-118.3355, 34.0799], [-118.3365, 34.0796], [-118.3363, 34.0801]], [[-118.3411, 33.8276], [-118.3411, 33.8276], [-118.3411, 33.8276], [-118.3411, 33.8276]], [[-118.3368, 34.0728], [-118.3362, 34.0726], [-118.337, 34.0725], [-118.3368, 34.0728]], [[-118.3338, 34.1882], [-118.3338, 34.1882], [-118.3338, 34.1882], [-118.3338, 34.1882]], [[-118.337, 34.1752], [-118.3383, 34.1741], [-118.3397, 34.1742], [-118.337, 34.1752]], [[-118.3396, 34.0798], [-118.3395, 34.0799], [-118.3394, 34.0798], [-118.3396, 34.0798]], [[-118.3397, 34.0725], [-118.3397, 34.0725], [-118.3396, 34.0725], [-118.3397, 34.0725]], [[-118.3436, 34.0086], [-118.3432, 34.0082], [-118.3466, 34.0084], [-118.3436, 34.0086]], [[-118.3403, 34.1741], [-118.3425, 34.173], [-118.3434, 34.173], [-118.3423, 34.1733], [-118.3403, 34.1741]], [[-118.3449, 34.0362], [-118.3439, 34.0361], [-118.3441, 34.036], [-118.3449, 34.0362]], [[-118.3445, 34.0221], [-118.3444, 34.0219], [-118.3448, 34.0218], [-118.3445, 34.0221]], [[-118.3494, 33.8441], [-118.3492, 33.8449], [-118.3486, 33.8434], [-118.3494, 33.8441]], [[-118.3481, 33.8898], [-118.3479, 33.8897], [-118.3482, 33.8896], [-118.3481, 33.8898]], [[-118.3496, 33.8473], [-118.3491, 33.8463], [-118.3492, 33.8457], [-118.3496, 33.8473]], [[-118.348, 33.9085], [-118.3479, 33.9065], [-118.3481, 33.9071], [-118.348, 33.9085]], [[-118.3484, 33.9112], [-118.3481, 33.9119], [-118.3479, 33.9116], [-118.3484, 33.9112]], [[-118.3486, 33.9216], [-118.3482, 33.9224], [-118.3479, 33.9218], [-118.3486, 33.9216]], [[-118.3445, 34.1883], [-118.3445, 34.1884], [-118.3426, 34.1882], [-118.3445, 34.1883]], [[-118.3482, 33.9262], [-118.3483, 33.9243], [-118.3484, 33.9246], [-118.3482, 33.9262]], [[-118.3447, 34.1812], [-118.3431, 34.1811], [-118.3438, 34.1808], [-118.3447, 34.1812]], [[-118.3479, 33.9546], [-118.3479, 33.9544], [-118.3479, 33.9548], [-118.3479, 33.9546]], [[-118.3445, 34.1728], [-118.3446, 34.1729], [-118.3443, 34.1729], [-118.3445, 34.1728]], [[-118.3482, 34.0287], [-118.3483, 34.0293], [-118.3476, 34.029], [-118.3482, 34.0287]], [[-118.3482, 34.0537], [-118.3542, 34.0517], [-118.3613, 34.0535], [-118.361, 34.0539], [-118.3588, 34.054], [-118.3482, 34.0537]], [[-118.3678, 34.1612], [-118.3495, 34.163], [-118.3461, 34.1561], [-118.3639, 34.1552], [-118.3678, 34.1612]], [[-118.3511, 33.9724], [-118.3502, 33.9726], [-118.353, 33.9718], [-118.3511, 33.9724]], [[-118.3486, 34.0942], [-118.3488, 34.0943], [-118.3486, 34.0943], [-118.3486, 34.0942]], [[-118.3496, 34.0799], [-118.357, 34.0797], [-118.3556, 34.0804], [-118.3496, 34.0799]], [[-118.3706, 34.0171], [-118.36, 34.0179], [-118.3523, 34.0083], [-118.3632, 34.0017], [-118.3591, 33.9923], [-118.3871, 33.9926], [-118.3864, 34.0006], [-118.3827, 34.0038], [-118.3871, 34.0078], [-118.3844, 34.0129], [-118.3757, 34.0114], [-118.3706, 34.0171]], [[-118.3519, 34.0944], [-118.3517, 34.0943], [-118.3522, 34.0943], [-118.3519, 34.0944]], [[-118.3575, 33.8333], [-118.3705, 33.8304], [-118.3759, 33.8351], [-118.3724, 33.8339], [-118.3575, 33.8333]], [[-118.3671, 33.8692], [-118.3617, 33.8691], [-118.3571, 33.862], [-118.3685, 33.8604], [-118.3671, 33.8692]], [[-118.3539, 34.0357], [-118.3578, 34.036], [-118.3568, 34.0367], [-118.3539, 34.0357]], [[-118.3579, 33.8432], [-118.3582, 33.8424], [-118.3585, 33.843], [-118.3579, 33.8432]], [[-118.3578, 33.8463], [-118.3581, 33.8458], [-118.3585, 33.8467], [-118.3578, 33.8463]], [[-118.3572, 33.8781], [-118.3572, 33.8779], [-118.3573, 33.8781], [-118.3572, 33.8781]], [[-118.3566, 33.9081], [-118.3569, 33.9076], [-118.3571, 33.9083], [-118.3566, 33.9081]], [[-118.3579, 33.8499], [-118.3579, 33.8498], [-118.3579, 33.8497], [-118.3579, 33.8499]], [[-118.3565, 33.9221], [-118.357, 33.921], [-118.3569, 33.9228], [-118.3565, 33.9221]], [[-118.3583, 33.8546], [-118.358, 33.8526], [-118.3589, 33.8542], [-118.3583, 33.8546]], [[-118.3582, 33.8506], [-118.3581, 33.8504], [-118.3582, 33.8505], [-118.3582, 33.8506]], [[-118.3569, 33.9115], [-118.3571, 33.911], [-118.3571, 33.9111], [-118.3569, 33.9115]], [[-118.3572, 33.9257], [-118.357, 33.9262], [-118.357, 33.9246], [-118.3572, 33.9257]], [[-118.3519, 34.1783], [-118.3661, 34.1735], [-118.3658, 34.1833], [-118.3519, 34.1783]], [[-118.357, 34.0672], [-118.3548, 34.0669], [-118.3552, 34.0662], [-118.357, 34.0672]], [[-118.3544, 34.0945], [-118.3549, 34.0945], [-118.3547, 34.0946], [-118.3544, 34.0945]], [[-118.3658, 34.2119], [-118.3604, 34.2147], [-118.3629, 34.2202], [-118.3568, 34.2152], [-118.3521, 34.2151], [-118.3606, 34.2103], [-118.3532, 34.2037], [-118.3531, 34.1969], [-118.3588, 34.1935], [-118.3536, 34.1885], [-118.3626, 34.1904], [-118.3592, 34.1933], [-118.361, 34.1971], [-118.3686, 34.1976], [-118.3658, 34.2119]], [[-118.3551, 34.087], [-118.3552, 34.0871], [-118.3549, 34.0871], [-118.3551, 34.087]], [[-118.3698, 33.9741], [-118.3615, 33.9728], [-118.3578, 33.9652], [-118.381, 33.9636], [-118.3698, 33.9741]], [[-118.3541, 34.1695], [-118.3536, 34.1696], [-118.3543, 34.169], [-118.3541, 34.1695]], [[-118.3568, 34.0943], [-118.3568, 34.0943], [-118.3568, 34.0943], [-118.3568, 34.0943]], [[-118.3654, 33.8927], [-118.3614, 33.8835], [-118.3656, 33.8764], [-118.3654, 33.8927]], [[-118.3593, 34.169], [-118.3564, 34.1688], [-118.36, 34.1683], [-118.3593, 34.169]], [[-118.363, 33.9814], [-118.3629, 33.9814], [-118.3628, 33.9802], [-118.363, 33.9814]], [[-118.3634, 33.9572], [-118.3638, 33.956], [-118.3794, 33.9562], [-118.3634, 33.9572]], [[-118.3634, 34.0474], [-118.3621, 34.0466], [-118.3626, 34.0459], [-118.3634, 34.0474]], [[-118.3658, 33.8982], [-118.3656, 33.897], [-118.3666, 33.8977], [-118.3658, 33.8982]], [[-118.3696, 33.8558], [-118.3668, 33.8413], [-118.3813, 33.8414], [-118.3743, 33.8543], [-118.3696, 33.8558]], [[-118.3709, 33.9143], [-118.3658, 33.9129], [-118.3657, 33.9053], [-118.3751, 33.9055], [-118.3709, 33.9143]], [[-118.3742, 33.927], [-118.3658, 33.9272], [-118.3658, 33.92], [-118.3768, 33.92], [-118.3742, 33.927]], [[-118.3677, 33.9421], [-118.3658, 33.9345], [-118.374, 33.9346], [-118.3774, 33.9382], [-118.3677, 33.9421]], [[-118.366, 34.1708], [-118.3629, 34.1686], [-118.3639, 34.1682], [-118.366, 34.1708]], [[-118.3721, 34.0692], [-118.3659, 34.0684], [-118.3656, 34.0671], [-118.3717, 34.0664], [-118.3721, 34.0692]], [[-118.3682, 33.9487], [-118.3693, 33.9491], [-118.3681, 33.9495], [-118.3682, 33.9487]], [[-118.3701, 33.8987], [-118.3693, 33.8987], [-118.3692, 33.8987], [-118.3701, 33.8987]], [[-118.3676, 34.0802], [-118.3659, 34.0798], [-118.3721, 34.0797], [-118.3676, 34.0802]], [[-118.3649, 34.1903], [-118.3648, 34.1903], [-118.3657, 34.19], [-118.3649, 34.1903]], [[-118.3742, 33.8981], [-118.3717, 33.8983], [-118.3742, 33.8958], [-118.3742, 33.8981]], [[-118.3709, 33.9839], [-118.3746, 33.9804], [-118.3816, 33.9802], [-118.3796, 33.9844], [-118.3709, 33.9839]], [[-118.3741, 33.9492], [-118.3716, 33.949], [-118.3728, 33.9485], [-118.3741, 33.9492]], [[-118.3774, 33.7702], [-118.3771, 33.7707], [-118.3762, 33.7703], [-118.3774, 33.7702]], [[-118.3742, 33.882], [-118.375, 33.8763], [-118.3758, 33.8786], [-118.3742, 33.882]], [[-118.3743, 33.8836], [-118.3743, 33.8836], [-118.3743, 33.8836], [-118.3743, 33.8836]], [[-118.3744, 33.8865], [-118.3743, 33.8855], [-118.3746, 33.8861], [-118.3744, 33.8865]], [[-118.3713, 34.0489], [-118.3711, 34.0485], [-118.3718, 34.0478], [-118.3713, 34.0489]], [[-118.3768, 33.8677], [-118.3772, 33.861], [-118.3859, 33.8554], [-118.3905, 33.8692], [-118.3768, 33.8677]], [[-118.3706, 34.2283], [-118.3701, 34.2247], [-118.3743, 34.2275], [-118.3706, 34.2283]], [[-118.3727, 34.1535], [-118.3746, 34.1511], [-118.3749, 34.1571], [-118.3727, 34.1535]], [[-118.3719, 34.1975], [-118.3738, 34.1976], [-118.3728, 34.1979], [-118.3719, 34.1975]], [[-118.3736, 34.1476], [-118.3749, 34.1455], [-118.3745, 34.147], [-118.3736, 34.1476]], [[-118.3766, 34.0252], [-118.3803, 34.0269], [-118.3782, 34.0276], [-118.3766, 34.0252]], [[-118.3743, 34.1812], [-118.3745, 34.1731], [-118.3809, 34.1832], [-118.3743, 34.1812]], [[-118.3826, 34.2215], [-118.3739, 34.218], [-118.3748, 34.2122], [-118.3833, 34.2122], [-118.3826, 34.2215]], [[-118.381, 33.9203], [-118.381, 33.9203], [-118.3803, 33.9201], [-118.381, 33.9203]], [[-118.376, 34.1976], [-118.378, 34.1976], [-118.377, 34.198], [-118.376, 34.1976]], [[-118.377, 34.2052], [-118.3759, 34.2048], [-118.3781, 34.2049], [-118.377, 34.2052]], [[-118.3883, 33.8981], [-118.3827, 33.8966], [-118.3848, 33.8757], [-118.3918, 33.8765], [-118.3919, 33.896], [-118.3883, 33.8981]], [[-118.378, 34.1612], [-118.3782, 34.1612], [-118.3774, 34.1615], [-118.378, 34.1612]], [[-118.385, 33.9562], [-118.3818, 33.9563], [-118.3833, 33.9557], [-118.385, 33.9562]], [[-118.4009, 34.2561], [-118.3946, 34.2516], [-118.3887, 34.2529], [-118.3912, 34.2478], [-118.3766, 34.2343], [-118.3808, 34.2324], [-118.3938, 34.245], [-118.3998, 34.2451], [-118.4012, 34.241], [-118.3923, 34.2327], [-118.3911, 34.2251], [-118.4131, 34.2465], [-118.4099, 34.2489], [-118.4052, 34.2449], [-118.3999, 34.2456], [-118.3988, 34.2492], [-118.4031, 34.2539], [-118.4009, 34.2561]], [[-118.3811, 34.0483], [-118.3812, 34.0376], [-118.3848, 34.036], [-118.3834, 34.0422], [-118.3811, 34.0483]], [[-118.383, 33.9728], [-118.3919, 33.9648], [-118.3907, 33.9725], [-118.383, 33.9728]], [[-118.3816, 34.1618], [-118.3803, 34.1613], [-118.3813, 34.161], [-118.3816, 34.1618]], [[-118.3826, 34.1976], [-118.3801, 34.1976], [-118.3816, 34.1973], [-118.3826, 34.1976]], [[-118.3824, 34.2049], [-118.38, 34.2048], [-118.381, 34.2045], [-118.3824, 34.2049]], [[-118.3912, 34.0777], [-118.3837, 34.0781], [-118.3867, 34.0761], [-118.3912, 34.0777]], [[-118.383, 34.1702], [-118.3822, 34.1695], [-118.3823, 34.1681], [-118.383, 34.1702]], [[-118.3919, 34.1539], [-118.3835, 34.1539], [-118.3833, 34.1438], [-118.392, 34.1474], [-118.3919, 34.1539]], [[-118.389, 33.9564], [-118.388, 33.9562], [-118.3884, 33.956], [-118.389, 33.9564]], [[-118.3895, 34.0218], [-118.3886, 34.022], [-118.388, 34.0207], [-118.3895, 34.0218]], [[-118.3855, 34.1608], [-118.3869, 34.1612], [-118.386, 34.1615], [-118.3855, 34.1608]], [[-118.3946, 34.0633], [-118.39, 34.0633], [-118.3879, 34.0635], [-118.3918, 34.0626], [-118.3946, 34.0633]], [[-118.404, 34.0493], [-118.3885, 34.0518], [-118.394, 34.0345], [-118.4051, 34.0347], [-118.3992, 34.0419], [-118.404, 34.0493]], [[-118.3919, 33.9266], [-118.3912, 33.925], [-118.3919, 33.9231], [-118.3918, 33.9242], [-118.3919, 33.9266]], [[-118.3934, 33.8505], [-118.3927, 33.8498], [-118.394, 33.8497], [-118.3934, 33.8505]], [[-118.3864, 34.1684], [-118.3865, 34.1684], [-118.3864, 34.1684], [-118.3864, 34.1684]], [[-118.3863, 34.1759], [-118.3865, 34.1759], [-118.3863, 34.176], [-118.3863, 34.1759]], [[-118.4096, 33.7645], [-118.3997, 33.769], [-118.3957, 33.778], [-118.3954, 33.7655], [-118.4021, 33.7617], [-118.3987, 33.7496], [-118.4033, 33.7526], [-118.4055, 33.7589], [-118.4101, 33.761], [-118.4096, 33.7645]], [[-118.4049, 34.0825], [-118.3899, 34.0869], [-118.3939, 34.0808], [-118.41, 34.0707], [-118.426, 34.0717], [-118.435, 34.0671], [-118.4346, 34.077], [-118.4263, 34.0771], [-118.4193, 34.0735], [-118.4049, 34.0825]], [[-118.3915, 34.1758], [-118.3882, 34.1757], [-118.3902, 34.1682], [-118.3922, 34.1706], [-118.3915, 34.1758]], [[-118.3901, 34.1616], [-118.389, 34.1613], [-118.3904, 34.1608], [-118.3901, 34.1616]], [[-118.3932, 34.0144], [-118.3948, 34.0112], [-118.395, 34.0116], [-118.3932, 34.0144]], [[-118.3903, 34.1833], [-118.3898, 34.1836], [-118.3899, 34.1827], [-118.3903, 34.1833]], [[-118.3919, 34.218], [-118.3921, 34.2165], [-118.3923, 34.2169], [-118.3919, 34.218]], [[-118.3926, 34.2138], [-118.3922, 34.2146], [-118.3921, 34.2128], [-118.3926, 34.2138]], [[-118.4004, 33.8982], [-118.3991, 33.8702], [-118.4122, 33.8988], [-118.4004, 33.8982]], [[-118.3988, 34.0026], [-118.4008, 34.0039], [-118.3992, 34.0046], [-118.3988, 34.0026]], [[-118.4008, 33.9275], [-118.4008, 33.9231], [-118.4116, 33.9231], [-118.4119, 33.9273], [-118.4008, 33.9275]], [[-118.399, 34.0272], [-118.3999, 34.0271], [-118.3995, 34.0277], [-118.399, 34.0272]], [[-118.4062, 33.9969], [-118.4027, 33.9961], [-118.4048, 33.9888], [-118.4091, 33.9929], [-118.4062, 33.9969]], [[-118.4027, 34.0254], [-118.4025, 34.0255], [-118.4026, 34.0254], [-118.4027, 34.0254]], [[-118.4042, 34.1757], [-118.401, 34.1758], [-118.4008, 34.1734], [-118.402, 34.1748], [-118.4042, 34.1757]], [[-118.4048, 34.0634], [-118.4033, 34.0633], [-118.4035, 34.0629], [-118.4048, 34.0634]], [[-118.402, 34.1842], [-118.4009, 34.1835], [-118.4042, 34.1831], [-118.402, 34.1842]], [[-118.4029, 34.1906], [-118.401, 34.1901], [-118.402, 34.1895], [-118.4029, 34.1906]], [[-118.4009, 34.205], [-118.4008, 34.2022], [-118.4011, 34.203], [-118.4009, 34.205]], [[-118.4017, 34.2253], [-118.4074, 34.2248], [-118.4093, 34.2208], [-118.4008, 34.218], [-118.4006, 34.2139], [-118.4108, 34.2091], [-118.4116, 34.2243], [-118.4283, 34.2255], [-118.4166, 34.2338], [-118.416, 34.238], [-118.4017, 34.2253]], [[-118.401, 34.1999], [-118.403, 34.198], [-118.4043, 34.1976], [-118.401, 34.1999]], [[-118.41, 33.7733], [-118.4098, 33.773], [-118.4111, 33.7726], [-118.41, 33.7733]], [[-118.4065, 34.0634], [-118.4075, 34.0632], [-118.4081, 34.0634], [-118.4065, 34.0634]], [[-118.4062, 34.183], [-118.4084, 34.1831], [-118.4075, 34.1834], [-118.4062, 34.183]], [[-118.407, 34.1906], [-118.4061, 34.1903], [-118.408, 34.1903], [-118.407, 34.1906]], [[-118.4087, 34.0635], [-118.4089, 34.0635], [-118.4088, 34.0635], [-118.4087, 34.0635]], [[-118.4113, 34.0445], [-118.4096, 34.0424], [-118.4146, 34.0353], [-118.419, 34.0407], [-118.4113, 34.0445]], [[-118.4072, 34.1978], [-118.4065, 34.1976], [-118.4076, 34.1973], [-118.4072, 34.1978]], [[-118.4077, 34.1755], [-118.4086, 34.1758], [-118.4072, 34.1763], [-118.4077, 34.1755]], [[-118.4129, 34.2679], [-118.4067, 34.2653], [-118.409, 34.2594], [-118.4157, 34.2658], [-118.4129, 34.2679]], [[-118.4119, 34.0535], [-118.412, 34.0538], [-118.4117, 34.0537], [-118.4119, 34.0535]], [[-118.4106, 34.1758], [-118.4129, 34.1758], [-118.4123, 34.176], [-118.4106, 34.1758]], [[-118.4093, 34.2796], [-118.4134, 34.2801], [-118.423, 34.2893], [-118.4232, 34.2954], [-118.4093, 34.2796]], [[-118.4163, 34.0184], [-118.4146, 34.0188], [-118.4151, 34.0182], [-118.4163, 34.0184]], [[-118.4183, 33.9857], [-118.4179, 33.9807], [-118.4328, 33.9769], [-118.4328, 33.9803], [-118.4262, 33.9789], [-118.4183, 33.9857]], [[-118.4203, 34.0078], [-118.4177, 34.0068], [-118.4193, 34.004], [-118.4264, 34.001], [-118.4277, 34.0024], [-118.4203, 34.0078]], [[-118.4171, 34.1757], [-118.4149, 34.1758], [-118.4162, 34.1754], [-118.4171, 34.1757]], [[-118.4222, 34.026], [-118.4182, 34.0272], [-118.421, 34.023], [-118.4222, 34.026]], [[-118.4159, 34.2545], [-118.4191, 34.2522], [-118.4258, 34.2584], [-118.4225, 34.2608], [-118.4159, 34.2545]], [[-118.4189, 34.1613], [-118.4215, 34.1612], [-118.42, 34.1616], [-118.4189, 34.1613]], [[-118.4193, 34.154], [-118.4219, 34.154], [-118.4211, 34.1542], [-118.4193, 34.154]], [[-118.4267, 34.2169], [-118.4181, 34.218], [-118.4187, 34.2111], [-118.4264, 34.2123], [-118.4267, 34.2169]], [[-118.42, 34.2416], [-118.4177, 34.2404], [-118.4324, 34.2318], [-118.42, 34.2416]], [[-118.4196, 34.1685], [-118.4193, 34.1685], [-118.4201, 34.1682], [-118.4196, 34.1685]], [[-118.4205, 34.1827], [-118.4217, 34.183], [-118.4194, 34.1831], [-118.4205, 34.1827]], [[-118.4205, 34.1907], [-118.4194, 34.1903], [-118.4214, 34.1904], [-118.4205, 34.1907]], [[-118.4192, 34.1975], [-118.4214, 34.1975], [-118.421, 34.1976], [-118.4192, 34.1975]], [[-118.42, 34.2739], [-118.418, 34.274], [-118.4216, 34.2713], [-118.42, 34.2739]], [[-118.4223, 34.0638], [-118.4227, 34.0641], [-118.4224, 34.064], [-118.4223, 34.0638]], [[-118.4258, 34.0516], [-118.4252, 34.0523], [-118.4228, 34.0535], [-118.4236, 34.053], [-118.4258, 34.0516]], [[-118.4293, 34.0201], [-118.4243, 34.0123], [-118.4324, 34.0086], [-118.4406, 34.0197], [-118.4293, 34.0201]], [[-118.4234, 34.1613], [-118.4261, 34.1612], [-118.4246, 34.1618], [-118.4234, 34.1613]], [[-118.4238, 34.1684], [-118.4259, 34.1685], [-118.4254, 34.1686], [-118.4238, 34.1684]], [[-118.4243, 34.1905], [-118.4236, 34.1903], [-118.4245, 34.1899], [-118.4243, 34.1905]], [[-118.4267, 34.2053], [-118.4237, 34.2049], [-118.425, 34.205], [-118.4267, 34.2053]], [[-118.4254, 34.1534], [-118.4266, 34.1539], [-118.4249, 34.1544], [-118.4254, 34.1534]], [[-118.425, 34.1827], [-118.4261, 34.183], [-118.4248, 34.1834], [-118.425, 34.1827]], [[-118.4278, 34.0505], [-118.4291, 34.0496], [-118.4288, 34.0503], [-118.4278, 34.0505]], [[-118.4265, 34.1977], [-118.4263, 34.1977], [-118.4267, 34.1976], [-118.4265, 34.1977]], [[-118.4255, 34.2973], [-118.4258, 34.298], [-118.4244, 34.2968], [-118.4255, 34.2973]], [[-118.4287, 34.2851], [-118.4252, 34.2786], [-118.4279, 34.2772], [-118.4332, 34.2807], [-118.435, 34.2832], [-118.4287, 34.2851]], [[-118.4335, 33.9933], [-118.4313, 33.9931], [-118.4379, 33.9904], [-118.4335, 33.9933]], [[-118.4302, 34.0593], [-118.4341, 34.055], [-118.4364, 34.0549], [-118.4375, 34.0566], [-118.4302, 34.0593]], [[-118.4279, 34.2485], [-118.4283, 34.2496], [-118.4267, 34.2481], [-118.4279, 34.2485]], [[-118.4339, 33.9816], [-118.4339, 33.9815], [-118.4339, 33.9815], [-118.4339, 33.9816]], [[-118.4284, 34.2664], [-118.4317, 34.2641], [-118.4322, 34.2645], [-118.4284, 34.2664]], [[-118.4313, 34.2521], [-118.4317, 34.2529], [-118.4296, 34.2509], [-118.4313, 34.2521]], [[-118.4324, 34.2425], [-118.4379, 34.2385], [-118.4433, 34.2458], [-118.439, 34.2487], [-118.4324, 34.2425]], [[-118.4373, 34.0311], [-118.4379, 34.0282], [-118.4398, 34.0304], [-118.4373, 34.0311]], [[-118.4362, 34.1612], [-118.4362, 34.1612], [-118.4362, 34.1612], [-118.4362, 34.1612]], [[-118.4443, 34.2179], [-118.4354, 34.2173], [-118.4358, 34.2049], [-118.4443, 34.2049], [-118.4443, 34.2179]], [[-118.4498, 34.0179], [-118.4493, 34.0134], [-118.4396, 34.0051], [-118.445, 34.0022], [-118.4555, 34.0121], [-118.4498, 34.0179]], [[-118.4378, 34.2764], [-118.4347, 34.2724], [-118.4395, 34.2684], [-118.4428, 34.2745], [-118.4378, 34.2764]], [[-118.4386, 34.1903], [-118.4365, 34.1903], [-118.437, 34.1902], [-118.4386, 34.1903]], [[-118.4407, 34.2932], [-118.4367, 34.2917], [-118.4409, 34.2884], [-118.4436, 34.2906], [-118.4407, 34.2932]], [[-118.4421, 34.1908], [-118.4408, 34.1903], [-118.442, 34.1899], [-118.4421, 34.1908]], [[-118.4404, 34.2606], [-118.4406, 34.2612], [-118.4398, 34.261], [-118.4404, 34.2606]], [[-118.4434, 34.2324], [-118.4407, 34.2291], [-118.4457, 34.2285], [-118.4434, 34.2324]], [[-118.4514, 34.2704], [-118.4429, 34.2659], [-118.449, 34.2608], [-118.4453, 34.2541], [-118.4533, 34.2464], [-118.4627, 34.2461], [-118.4629, 34.2535], [-118.4528, 34.2537], [-118.4497, 34.2573], [-118.4528, 34.2608], [-118.4628, 34.261], [-118.4627, 34.2674], [-118.4514, 34.2704]], [[-118.4481, 34.0408], [-118.4481, 34.0403], [-118.4485, 34.0405], [-118.4481, 34.0408]], [[-118.4592, 34.0092], [-118.4527, 33.9978], [-118.4698, 34.0068], [-118.4592, 34.0092]], [[-118.4544, 34.3194], [-118.4471, 34.3154], [-118.4496, 34.3127], [-118.4553, 34.3133], [-118.4574, 34.3101], [-118.4469, 34.3013], [-118.4486, 34.2966], [-118.467, 34.3102], [-118.4544, 34.3194]], [[-118.4522, 34.0658], [-118.4548, 34.0614], [-118.4526, 34.0573], [-118.4592, 34.0565], [-118.4646, 34.0602], [-118.465, 34.0644], [-118.4522, 34.0658]], [[-118.4553, 34.0491], [-118.455, 34.0496], [-118.4545, 34.0496], [-118.4553, 34.0491]], [[-118.4535, 34.1564], [-118.4533, 34.1569], [-118.4532, 34.1553], [-118.4535, 34.1564]], [[-118.4531, 34.1611], [-118.4533, 34.1585], [-118.4541, 34.1601], [-118.4531, 34.1611]], [[-118.4533, 34.1757], [-118.4531, 34.1686], [-118.4617, 34.1686], [-118.4617, 34.1829], [-118.4583, 34.183], [-118.4615, 34.179], [-118.4533, 34.1757]], [[-118.4547, 34.2178], [-118.4529, 34.2122], [-118.4617, 34.2122], [-118.4622, 34.2178], [-118.4547, 34.2178]], [[-118.4554, 34.1828], [-118.4561, 34.183], [-118.4541, 34.183], [-118.4554, 34.1828]], [[-118.4548, 34.2391], [-118.4547, 34.239], [-118.456, 34.2391], [-118.4548, 34.2391]], [[-118.4553, 34.232], [-118.4553, 34.2319], [-118.4554, 34.2319], [-118.4553, 34.232]], [[-118.4613, 34.1596], [-118.4591, 34.1612], [-118.4618, 34.1585], [-118.4613, 34.1596]], [[-118.4571, 34.2757], [-118.4596, 34.274], [-118.4648, 34.2753], [-118.4619, 34.2761], [-118.4571, 34.2757]], [[-118.4584, 34.224], [-118.4596, 34.2248], [-118.4593, 34.2249], [-118.4584, 34.224]], [[-118.4596, 34.2391], [-118.4582, 34.2391], [-118.4587, 34.239], [-118.4596, 34.2391]], [[-118.4589, 34.2321], [-118.4584, 34.2319], [-118.4595, 34.2316], [-118.4589, 34.2321]], [[-118.4657, 34.026], [-118.4653, 34.026], [-118.4665, 34.0253], [-118.4657, 34.026]], [[-118.4626, 34.2392], [-118.463, 34.2392], [-118.4619, 34.2391], [-118.4626, 34.2392]], [[-118.463, 34.2317], [-118.4631, 34.2317], [-118.4631, 34.2318], [-118.463, 34.2317]], [[-118.4689, 34.0245], [-118.4679, 34.0247], [-118.4685, 34.0242], [-118.4689, 34.0245]], [[-118.4697, 33.9952], [-118.4696, 33.9928], [-118.4701, 33.9939], [-118.4697, 33.9952]], [[-118.4725, 34.0579], [-118.4719, 34.0558], [-118.4757, 34.0555], [-118.4725, 34.0579]], [[-118.4886, 34.1851], [-118.4849, 34.1827], [-118.4724, 34.1832], [-118.4703, 34.158], [-118.4904, 34.1609], [-118.4883, 34.1664], [-118.4927, 34.1687], [-118.4967, 34.166], [-118.4967, 34.1791], [-118.5001, 34.182], [-118.5056, 34.1791], [-118.5054, 34.164], [-118.5141, 34.1653], [-118.514, 34.1829], [-118.4886, 34.1851]], [[-118.4727, 34.045], [-118.4775, 34.0413], [-118.476, 34.0431], [-118.4727, 34.045]], [[-118.4727, 34.2177], [-118.4707, 34.2122], [-118.4796, 34.2122], [-118.4792, 34.2178], [-118.4727, 34.2177]], [[-118.4726, 34.1906], [-118.4716, 34.1903], [-118.4729, 34.1897], [-118.4726, 34.1906]], [[-118.4715, 34.2759], [-118.4701, 34.2753], [-118.4718, 34.2736], [-118.4715, 34.2759]], [[-118.4729, 34.1979], [-118.4717, 34.1975], [-118.4738, 34.1976], [-118.4729, 34.1979]], [[-118.4727, 34.2051], [-118.4716, 34.2048], [-118.4738, 34.2048], [-118.4727, 34.2051]], [[-118.4713, 34.2593], [-118.4714, 34.2484], [-118.4744, 34.2461], [-118.481, 34.2518], [-118.4719, 34.2572], [-118.4743, 34.2607], [-118.4803, 34.261], [-118.4754, 34.2639], [-118.4713, 34.2593]], [[-118.4739, 34.2321], [-118.4722, 34.225], [-118.4807, 34.2251], [-118.4806, 34.2319], [-118.4739, 34.2321]], [[-118.4731, 34.2393], [-118.4754, 34.2392], [-118.4741, 34.2397], [-118.4731, 34.2393]], [[-118.4726, 34.2691], [-118.4755, 34.2653], [-118.4803, 34.2684], [-118.4803, 34.2749], [-118.4785, 34.269], [-118.4726, 34.2691]], [[-118.4785, 34.0538], [-118.4796, 34.0542], [-118.4783, 34.0547], [-118.4785, 34.0538]], [[-118.476, 34.1904], [-118.4782, 34.1903], [-118.4774, 34.1906], [-118.476, 34.1904]], [[-118.4759, 34.2049], [-118.4782, 34.2049], [-118.4771, 34.2053], [-118.4759, 34.2049]], [[-118.4769, 34.1972], [-118.4782, 34.1976], [-118.4773, 34.1979], [-118.4769, 34.1972]], [[-118.4787, 34.2396], [-118.4777, 34.2392], [-118.4796, 34.2393], [-118.4787, 34.2396]], [[-118.483, 34.0539], [-118.4839, 34.0533], [-118.4851, 34.0535], [-118.4846, 34.0535], [-118.483, 34.0539]], [[-118.4837, 34.0162], [-118.4869, 34.0184], [-118.4857, 34.019], [-118.4837, 34.0162]], [[-118.4907, 34.0525], [-118.4912, 34.0529], [-118.4897, 34.0531], [-118.4907, 34.0525]], [[-118.4925, 34.0437], [-118.49, 34.0415], [-118.5043, 34.0295], [-118.5015, 34.0367], [-118.4925, 34.0437]], [[-118.491, 34.1975], [-118.4879, 34.1998], [-118.4875, 34.1958], [-118.491, 34.1975]], [[-118.4913, 34.1902], [-118.4879, 34.1926], [-118.4878, 34.1886], [-118.4913, 34.1902]], [[-118.4896, 34.2319], [-118.4889, 34.2265], [-118.4968, 34.2207], [-118.4882, 34.2177], [-118.488, 34.2024], [-118.4915, 34.2108], [-118.4971, 34.2117], [-118.4988, 34.219], [-118.498, 34.232], [-118.4896, 34.2319]], [[-118.4892, 34.2755], [-118.4887, 34.2627], [-118.4958, 34.2606], [-118.4984, 34.2738], [-118.4892, 34.2755]], [[-118.4896, 34.2394], [-118.4895, 34.2394], [-118.4895, 34.2394], [-118.4896, 34.2394]], [[-118.4894, 34.2537], [-118.4895, 34.2464], [-118.4979, 34.2467], [-118.4979, 34.2538], [-118.4894, 34.2537]], [[-118.4917, 34.2391], [-118.4927, 34.2394], [-118.4926, 34.2394], [-118.4917, 34.2391]], [[-118.4935, 34.1975], [-118.4944, 34.1976], [-118.4943, 34.1977], [-118.4935, 34.1975]], [[-118.4952, 34.1902], [-118.4941, 34.1902], [-118.4951, 34.1898], [-118.4952, 34.1902]], [[-118.4968, 34.1641], [-118.4957, 34.1619], [-118.4966, 34.1619], [-118.4968, 34.1641]], [[-118.4949, 34.2393], [-118.497, 34.2394], [-118.4961, 34.2397], [-118.4949, 34.2393]], [[-118.4988, 34.0511], [-118.5152, 34.0339], [-118.5137, 34.0421], [-118.5066, 34.0436], [-118.4988, 34.0511]], [[-118.4965, 34.1974], [-118.4966, 34.1975], [-118.4963, 34.1975], [-118.4965, 34.1974]], [[-118.5049, 34.2175], [-118.5054, 34.2122], [-118.5141, 34.2121], [-118.5147, 34.2174], [-118.5049, 34.2175]], [[-118.5063, 34.1975], [-118.5085, 34.1975], [-118.5073, 34.1979], [-118.5063, 34.1975]], [[-118.5066, 34.1902], [-118.509, 34.1902], [-118.5078, 34.1906], [-118.5066, 34.1902]], [[-118.5066, 34.2049], [-118.5088, 34.2047], [-118.5079, 34.2049], [-118.5066, 34.2049]], [[-118.5102, 34.2394], [-118.5068, 34.2417], [-118.5064, 34.241], [-118.5102, 34.2394]], [[-118.5236, 34.2265], [-118.5229, 34.232], [-118.5071, 34.2321], [-118.5071, 34.2246], [-118.5236, 34.2265]], [[-118.5214, 34.2539], [-118.5069, 34.2538], [-118.5069, 34.2444], [-118.5188, 34.2466], [-118.5214, 34.2539]], [[-118.51, 34.2611], [-118.5066, 34.2634], [-118.5068, 34.2613], [-118.51, 34.2611]], [[-118.5112, 34.1903], [-118.5133, 34.1902], [-118.5122, 34.1906], [-118.5112, 34.1903]], [[-118.5117, 34.2052], [-118.5109, 34.2049], [-118.5125, 34.2049], [-118.5117, 34.2052]], [[-118.5121, 34.197], [-118.5131, 34.1974], [-118.512, 34.1975], [-118.5121, 34.197]], [[-118.5123, 34.2395], [-118.5145, 34.2395], [-118.5133, 34.24], [-118.5123, 34.2395]], [[-118.5136, 34.2609], [-118.5146, 34.2612], [-118.5132, 34.2617], [-118.5136, 34.2609]], [[-118.5176, 34.2391], [-118.5188, 34.2396], [-118.518, 34.2399], [-118.5176, 34.2391]], [[-118.5177, 34.261], [-118.5184, 34.2612], [-118.5175, 34.2615], [-118.5177, 34.261]], [[-118.5316, 34.1829], [-118.523, 34.1829], [-118.523, 34.168], [-118.5312, 34.171], [-118.5316, 34.1829]], [[-118.5307, 34.2172], [-118.5228, 34.2172], [-118.5231, 34.2122], [-118.5316, 34.2122], [-118.5307, 34.2172]], [[-118.5259, 34.1901], [-118.5264, 34.1902], [-118.5241, 34.1902], [-118.5259, 34.1901]], [[-118.5251, 34.1973], [-118.5246, 34.1973], [-118.525, 34.1971], [-118.5251, 34.1973]], [[-118.5251, 34.205], [-118.5247, 34.2049], [-118.5255, 34.2047], [-118.5251, 34.205]], [[-118.5248, 34.254], [-118.526, 34.2538], [-118.5255, 34.2539], [-118.5248, 34.254]], [[-118.5272, 34.2447], [-118.5293, 34.2388], [-118.532, 34.2447], [-118.5272, 34.2447]], [[-118.5295, 34.2052], [-118.5283, 34.2048], [-118.5293, 34.2045], [-118.5295, 34.2052]], [[-118.5297, 34.1906], [-118.5287, 34.1903], [-118.5298, 34.1899], [-118.5297, 34.1906]], [[-118.5294, 34.1977], [-118.5286, 34.1974], [-118.5296, 34.197], [-118.5294, 34.1977]], [[-118.5294, 34.2539], [-118.5288, 34.2537], [-118.5299, 34.2532], [-118.5294, 34.2539]], [[-118.5317, 34.2276], [-118.5317, 34.2253], [-118.5322, 34.2264], [-118.5317, 34.2276]], [[-118.532, 34.2301], [-118.5316, 34.231], [-118.5317, 34.2293], [-118.532, 34.2301]], [[-118.549, 34.1761], [-118.549, 34.1829], [-118.5403, 34.1829], [-118.5409, 34.1749], [-118.549, 34.1761]], [[-118.5405, 34.2254], [-118.5413, 34.2319], [-118.5399, 34.2301], [-118.5405, 34.2254]], [[-118.5418, 34.204], [-118.5437, 34.2048], [-118.5406, 34.2047], [-118.5418, 34.204]], [[-118.5404, 34.2169], [-118.5405, 34.2167], [-118.5405, 34.2169], [-118.5404, 34.2169]], [[-118.5426, 34.2118], [-118.5444, 34.2123], [-118.5405, 34.215], [-118.5426, 34.2118]], [[-118.5491, 34.2535], [-118.5406, 34.2561], [-118.5406, 34.2465], [-118.5491, 34.2465], [-118.5491, 34.2535]], [[-118.5424, 34.1971], [-118.5434, 34.1975], [-118.5416, 34.1983], [-118.5424, 34.1971]], [[-118.5427, 34.1906], [-118.5418, 34.1903], [-118.5436, 34.1903], [-118.5427, 34.1906]], [[-118.5415, 34.2392], [-118.5437, 34.2392], [-118.5426, 34.2396], [-118.5415, 34.2392]], [[-118.5456, 34.1975], [-118.5479, 34.1975], [-118.5468, 34.1979], [-118.5456, 34.1975]], [[-118.5459, 34.1902], [-118.5481, 34.1902], [-118.5476, 34.1902], [-118.5459, 34.1902]], [[-118.5456, 34.2123], [-118.549, 34.2121], [-118.549, 34.2153], [-118.5479, 34.2134], [-118.5456, 34.2123]], [[-118.5469, 34.205], [-118.5459, 34.2047], [-118.548, 34.2047], [-118.5469, 34.205]], [[-118.5468, 34.2393], [-118.546, 34.2391], [-118.5481, 34.2392], [-118.5468, 34.2393]], [[-118.5491, 34.2163], [-118.5491, 34.2161], [-118.5493, 34.2168], [-118.5491, 34.2163]], [[-118.5658, 34.1825], [-118.5583, 34.1829], [-118.5578, 34.1765], [-118.5665, 34.176], [-118.5658, 34.1825]], [[-118.5665, 34.2165], [-118.5579, 34.2167], [-118.558, 34.2121], [-118.5665, 34.2121], [-118.5665, 34.2165]], [[-118.5753, 34.2536], [-118.5581, 34.2535], [-118.5575, 34.248], [-118.5731, 34.246], [-118.5753, 34.2536]], [[-118.5667, 34.2273], [-118.5639, 34.2253], [-118.558, 34.2241], [-118.5665, 34.224], [-118.5667, 34.2273]], [[-118.5589, 34.1974], [-118.5607, 34.1974], [-118.5598, 34.1978], [-118.5589, 34.1974]], [[-118.56, 34.1905], [-118.5594, 34.1903], [-118.5612, 34.1901], [-118.56, 34.1905]], [[-118.5604, 34.2044], [-118.561, 34.2047], [-118.5597, 34.2051], [-118.5604, 34.2044]], [[-118.5643, 34.1907], [-118.5633, 34.1903], [-118.5655, 34.1894], [-118.5643, 34.1907]], [[-118.5644, 34.1979], [-118.5632, 34.1974], [-118.5642, 34.1971], [-118.5644, 34.1979]], [[-118.5644, 34.2052], [-118.5635, 34.2048], [-118.5645, 34.2045], [-118.5644, 34.2052]], [[-118.5663, 34.2372], [-118.5691, 34.2351], [-118.5777, 34.235], [-118.5831, 34.2391], [-118.5715, 34.239], [-118.5663, 34.2372]], [[-118.5836, 34.1872], [-118.5799, 34.1847], [-118.5758, 34.1862], [-118.5745, 34.1781], [-118.575, 34.1731], [-118.5841, 34.1697], [-118.587, 34.1771], [-118.5836, 34.1872]], [[-118.5754, 34.1901], [-118.5755, 34.1899], [-118.5756, 34.1901], [-118.5754, 34.1901]], [[-118.5821, 34.2117], [-118.584, 34.2163], [-118.5755, 34.2164], [-118.5754, 34.2121], [-118.5821, 34.2117]], [[-118.5842, 34.2238], [-118.5845, 34.2317], [-118.5817, 34.2284], [-118.5756, 34.2281], [-118.5755, 34.2239], [-118.5842, 34.2238]], [[-118.5775, 34.205], [-118.5769, 34.2048], [-118.5786, 34.2047], [-118.5775, 34.205]], [[-118.5773, 34.1971], [-118.5782, 34.1974], [-118.5772, 34.1977], [-118.5773, 34.1971]], [[-118.5809, 34.2048], [-118.5829, 34.2046], [-118.5822, 34.2048], [-118.5809, 34.2048]], [[-118.5818, 34.197], [-118.5828, 34.1973], [-118.5816, 34.1977], [-118.5818, 34.197]], [[-118.5835, 34.19], [-118.5836, 34.1899], [-118.5837, 34.19], [-118.5835, 34.19]], [[-118.5839, 34.2482], [-118.5842, 34.2472], [-118.5847, 34.2481], [-118.5839, 34.2482]], [[-118.5909, 34.2534], [-118.5916, 34.2536], [-118.5913, 34.2537], [-118.5909, 34.2534]], [[-118.6019, 34.2143], [-118.5944, 34.2163], [-118.5926, 34.2137], [-118.5999, 34.2116], [-118.6019, 34.2143]], [[-118.599, 34.2293], [-118.5929, 34.2318], [-118.593, 34.2236], [-118.6017, 34.2235], [-118.599, 34.2293]], [[-118.6017, 34.2488], [-118.5931, 34.2465], [-118.5929, 34.239], [-118.6016, 34.2389], [-118.6024, 34.2441], [-118.606, 34.2461], [-118.6017, 34.2488]], [[-118.5942, 34.1975], [-118.594, 34.1975], [-118.5943, 34.1974], [-118.5942, 34.1975]], [[-118.5939, 34.2537], [-118.5937, 34.2536], [-118.5945, 34.2534], [-118.5939, 34.2537]], [[-118.5952, 34.2048], [-118.5968, 34.2046], [-118.5953, 34.2051], [-118.5952, 34.2048]], [[-118.5995, 34.2049], [-118.5989, 34.2047], [-118.5997, 34.2045], [-118.5995, 34.2049]], [[-118.6001, 34.1972], [-118.6007, 34.1974], [-118.6001, 34.1975], [-118.6001, 34.1972]], [[-118.6102, 34.165], [-118.6093, 34.1522], [-118.6297, 34.1562], [-118.6293, 34.1587], [-118.6102, 34.165]], [[-118.6089, 34.1899], [-118.6095, 34.1901], [-118.6089, 34.1903], [-118.6089, 34.1899]], [[-118.6187, 34.1711], [-118.6189, 34.1827], [-118.6104, 34.1828], [-118.6102, 34.1725], [-118.6187, 34.1711]], [[-118.6197, 34.2138], [-118.617, 34.2162], [-118.6104, 34.2158], [-118.6123, 34.2115], [-118.6197, 34.2138]], [[-118.6114, 34.1975], [-118.6133, 34.1974], [-118.6122, 34.1977], [-118.6114, 34.1975]], [[-118.6122, 34.2048], [-118.6117, 34.2047], [-118.6136, 34.2047], [-118.6122, 34.2048]], [[-118.6128, 34.1897], [-118.6138, 34.1901], [-118.6127, 34.1905], [-118.6128, 34.1897]], [[-118.616, 34.1901], [-118.6177, 34.1901], [-118.6167, 34.1904], [-118.616, 34.1901]], [[-118.6164, 34.1971], [-118.6184, 34.1975], [-118.6171, 34.1981], [-118.6164, 34.1971]], [[-118.6173, 34.2039], [-118.6187, 34.2045], [-118.617, 34.205], [-118.6173, 34.2039]], [[-118.6378, 34.1624], [-118.6363, 34.1676], [-118.652, 34.1815], [-118.6518, 34.1906], [-118.6464, 34.1898], [-118.6443, 34.1836], [-118.6279, 34.183], [-118.6265, 34.1691], [-118.6278, 34.1661], [-118.6378, 34.1624]], [[-118.6297, 34.1897], [-118.6307, 34.1901], [-118.6295, 34.1904], [-118.6297, 34.1897]], [[-118.6332, 34.1902], [-118.6328, 34.1901], [-118.6332, 34.19], [-118.6332, 34.1902]], [[-118.6357, 34.19], [-118.6372, 34.1898], [-118.6363, 34.1902], [-118.6357, 34.19]]], [[[-117.839, 33.9683], [-117.8137, 33.9897], [-117.8055, 34.0021], [-117.8022, 34.0146], [-117.8086, 34.0322], [-117.8144, 34.0307], [-117.816, 34.0151], [-117.8249, 34.0073], [-117.8207, 34.0036], [-117.8113, 34.0069], [-117.818, 33.9958], [-117.8432, 33.9741], [-117.843, 33.9699], [-117.839, 33.9683]]], [[[-117.844, 34.0063], [-117.8402, 34.0109], [-117.8466, 34.0131], [-117.8367, 34.0179], [-117.8388, 34.0238], [-117.8315, 34.0272], [-117.8393, 34.0395], [-117.844, 34.0367], [-117.8419, 34.0297], [-117.8536, 34.0274], [-117.8566, 34.0243], [-117.8545, 34.0207], [-117.849, 34.0208], [-117.8543, 34.0146], [-117.8472, 34.0127], [-117.8484, 34.0086], [-117.844, 34.0063]], [[-117.8448, 34.0213], [-117.8457, 34.0215], [-117.845, 34.0216], [-117.8448, 34.0213]], [[-117.8466, 34.0216], [-117.8465, 34.0216], [-117.8466, 34.0215], [-117.8466, 34.0216]]], [[[-117.8372, 34.0661], [-117.8331, 34.0701], [-117.8377, 34.0734], [-117.8418, 34.0694], [-117.8372, 34.0661]]], [[[-117.8391, 34.5908], [-117.8352, 34.5934], [-117.8294, 34.5911], [-117.8236, 34.5953], [-117.8205, 34.6063], [-117.8267, 34.6064], [-117.8352, 34.5955], [-117.8433, 34.5972], [-117.8442, 34.593], [-117.8391, 34.5908]]], [[[-117.8604, 34.0344], [-117.8448, 34.0398], [-117.8378, 34.0452], [-117.8382, 34.0492], [-117.8519, 34.0489], [-117.8536, 34.0534], [-117.8588, 34.0533], [-117.8594, 34.048], [-117.8532, 34.0475], [-117.8639, 34.0396], [-117.8604, 34.0344]]], [[[-117.8267, 34.6081], [-117.8225, 34.6122], [-117.8233, 34.6252], [-117.835, 34.6276], [-117.8233, 34.63], [-117.8229, 34.6466], [-117.8271, 34.6496], [-117.8317, 34.6455], [-117.83, 34.6347], [-117.8449, 34.6327], [-117.851, 34.6348], [-117.8582, 34.6272], [-117.8498, 34.6202], [-117.8313, 34.6221], [-117.8313, 34.6107], [-117.8267, 34.6081]], [[-117.8377, 34.6269], [-117.84, 34.6275], [-117.8356, 34.6275], [-117.8377, 34.6269]], [[-117.8487, 34.6275], [-117.8447, 34.6297], [-117.8406, 34.6275], [-117.8427, 34.6271], [-117.8487, 34.6275]]], [[[-117.8488, 33.9644], [-117.8432, 33.9669], [-117.846, 33.9715], [-117.8516, 33.9689], [-117.8488, 33.9644]]], [[[-117.8273, 34.6638], [-117.8239, 34.6694], [-117.8327, 34.671], [-117.8341, 34.666], [-117.8273, 34.6638]]], [[[-117.8483, 34.1433], [-117.8443, 34.1472], [-117.849, 34.1505], [-117.853, 34.1466], [-117.8483, 34.1433]]], [[[-117.8633, 34.0038], [-117.855, 34.0078], [-117.8561, 34.0128], [-117.8668, 34.0095], [-117.8671, 34.0058], [-117.8633, 34.0038]]], [[[-117.8443, 34.5832], [-117.84, 34.5878], [-117.8447, 34.5911], [-117.849, 34.5865], [-117.8443, 34.5832]]], [[[-117.8482, 34.5762], [-117.8443, 34.5808], [-117.8504, 34.5835], [-117.8535, 34.579], [-117.8482, 34.5762]]], [[[-117.8617, 34.5762], [-117.8577, 34.5805], [-117.8633, 34.5836], [-117.8669, 34.5794], [-117.8617, 34.5762]]], [[[-117.8829, 33.9125], [-117.8791, 33.915], [-117.8809, 33.9215], [-117.8783, 33.9248], [-117.8825, 33.9285], [-117.8869, 33.9259], [-117.885, 33.9216], [-117.8876, 33.9162], [-117.8829, 33.9125]]], [[[-117.9127, 33.8033], [-117.9092, 33.8075], [-117.9115, 33.8147], [-117.9159, 33.8163], [-117.9202, 33.8097], [-117.9127, 33.8033]]], [[[-117.9138, 33.9626], [-117.906, 33.9655], [-117.9071, 33.9706], [-117.916, 33.9682], [-117.9138, 33.9626]]], [[[-117.8987, 34.4955], [-117.8951, 34.4983], [-117.8972, 34.5022], [-117.8923, 34.5046], [-117.8939, 34.5089], [-117.8995, 34.5085], [-117.8987, 34.5026], [-117.902, 34.502], [-117.904, 34.5077], [-117.9172, 34.5067], [-117.9161, 34.5016], [-117.9029, 34.5013], [-117.9031, 34.4971], [-117.8987, 34.4955]]], [[[-117.9086, 34.1427], [-117.9046, 34.1466], [-117.9093, 34.15], [-117.9134, 34.1461], [-117.9086, 34.1427]]], [[[-117.9687, 34.5549], [-117.9651, 34.5577], [-117.9695, 34.5621], [-117.9656, 34.5644], [-117.9653, 34.5706], [-117.9597, 34.5688], [-117.9561, 34.5722], [-117.9527, 34.5688], [-117.9476, 34.5711], [-117.9387, 34.5691], [-117.9382, 34.5616], [-117.9581, 34.5614], [-117.9625, 34.5587], [-117.9603, 34.532], [-117.9654, 34.5316], [-117.9674, 34.5279], [-117.9644, 34.5251], [-117.9564, 34.5253], [-117.9536, 34.5283], [-117.9561, 34.532], [-117.9538, 34.5545], [-117.9378, 34.5543], [-117.9309, 34.5572], [-117.9312, 34.5747], [-117.944, 34.5762], [-117.9477, 34.574], [-117.9514, 34.5834], [-117.9614, 34.5833], [-117.9645, 34.5805], [-117.9675, 34.5833], [-117.9732, 34.5827], [-117.973, 34.5765], [-117.9645, 34.5791], [-117.9552, 34.5748], [-117.9561, 34.5726], [-117.961, 34.5761], [-117.9735, 34.5737], [-117.974, 34.5648], [-117.9699, 34.5621], [-117.9739, 34.5579], [-117.9687, 34.5549]]], [[[-117.9695, 33.9139], [-117.9566, 33.9151], [-117.9566, 33.9272], [-117.9706, 33.9268], [-117.9729, 33.9172], [-117.9695, 33.9139]]], [[[-118.0004, 33.8438], [-117.9752, 33.8435], [-117.9718, 33.8506], [-117.9759, 33.8533], [-117.9804, 33.8505], [-117.9923, 33.8501], [-117.9989, 33.8552], [-118.0024, 33.8517], [-118.0004, 33.8438]]], [[[-117.9842, 33.8564], [-117.9754, 33.8556], [-117.9729, 33.8603], [-117.9823, 33.8624], [-117.9842, 33.8564]]], [[[-117.9838, 34.1144], [-117.9797, 34.1184], [-117.9844, 34.1217], [-117.9885, 34.1177], [-117.9838, 34.1144]]], [[[-118.0055, 34.5193], [-117.9842, 34.5174], [-117.9801, 34.5208], [-117.9771, 34.5178], [-117.9727, 34.5186], [-117.9704, 34.5223], [-117.9718, 34.5449], [-117.9792, 34.5435], [-117.9769, 34.539], [-117.9801, 34.5216], [-117.9835, 34.5248], [-118.0007, 34.5247], [-118.0052, 34.523], [-118.0055, 34.5193]]], [[[-118.0033, 33.9581], [-117.9977, 33.9606], [-118.0004, 33.9652], [-118.0061, 33.9626], [-118.0033, 33.9581]]], [[[-118.0043, 34.5681], [-118.0007, 34.5712], [-118.0035, 34.5755], [-118.0182, 34.5743], [-118.0165, 34.5694], [-118.0043, 34.5681]]], [[[-118.0059, 34.5597], [-118.0018, 34.5636], [-118.0066, 34.567], [-118.0106, 34.5631], [-118.0059, 34.5597]]], [[[-118.0166, 34.576], [-118.0126, 34.5799], [-118.0173, 34.5832], [-118.0213, 34.5793], [-118.0166, 34.576]]], [[[-118.1677, 34.5985], [-118.1522, 34.5981], [-118.1515, 34.5796], [-118.1477, 34.5763], [-118.138, 34.5764], [-118.133, 34.5806], [-118.1297, 34.5763], [-118.1161, 34.5759], [-118.1157, 34.5715], [-118.1115, 34.5689], [-118.0896, 34.5711], [-118.0857, 34.569], [-118.0495, 34.5695], [-118.0493, 34.5618], [-118.0527, 34.5602], [-118.1116, 34.5622], [-118.1157, 34.5586], [-118.112, 34.5544], [-118.0525, 34.556], [-118.0452, 34.5525], [-118.0349, 34.5543], [-118.0275, 34.5575], [-118.031, 34.5688], [-118.0275, 34.5703], [-118.0247, 34.5561], [-118.0207, 34.5544], [-118.0169, 34.5569], [-118.0209, 34.5756], [-118.0536, 34.5768], [-118.0567, 34.583], [-118.0623, 34.5814], [-118.0748, 34.5838], [-118.0712, 34.5873], [-118.0747, 34.5909], [-118.0809, 34.589], [-118.0785, 34.5831], [-118.0841, 34.5841], [-118.0813, 34.5871], [-118.0835, 34.5907], [-118.0953, 34.5912], [-118.0992, 34.5893], [-118.0991, 34.5856], [-118.089, 34.5839], [-118.1062, 34.5825], [-118.1075, 34.5838], [-118.1005, 34.5857], [-118.1011, 34.59], [-118.1161, 34.591], [-118.1213, 34.5947], [-118.1249, 34.5909], [-118.1199, 34.5837], [-118.1323, 34.5821], [-118.1373, 34.5864], [-118.1431, 34.5834], [-118.1432, 34.5908], [-118.1371, 34.5912], [-118.1347, 34.5947], [-118.1431, 34.5981], [-118.1417, 34.6026], [-118.1444, 34.6055], [-118.1406, 34.6095], [-118.1463, 34.6205], [-118.1519, 34.6178], [-118.151, 34.6057], [-118.1567, 34.6078], [-118.1683, 34.6051], [-118.1707, 34.6016], [-118.1677, 34.5985]], [[-118.04, 34.5706], [-118.0322, 34.569], [-118.0363, 34.5666], [-118.04, 34.5706]], [[-118.0408, 34.5613], [-118.0363, 34.5642], [-118.0338, 34.562], [-118.0408, 34.5613]], [[-118.0625, 34.5783], [-118.0652, 34.5766], [-118.0663, 34.5764], [-118.0625, 34.5783]], [[-118.0718, 34.5784], [-118.0678, 34.5766], [-118.0788, 34.576], [-118.0718, 34.5784]], [[-118.0897, 34.5742], [-118.0932, 34.5763], [-118.0816, 34.5765], [-118.0873, 34.5762], [-118.0897, 34.5742]], [[-118.0969, 34.5759], [-118.0968, 34.5759], [-118.0969, 34.5759], [-118.0969, 34.5759]], [[-118.1005, 34.5764], [-118.1002, 34.5763], [-118.1006, 34.5762], [-118.1005, 34.5764]], [[-118.1059, 34.5768], [-118.1039, 34.5761], [-118.1055, 34.5751], [-118.1059, 34.5768]], [[-118.1165, 34.5836], [-118.1165, 34.5836], [-118.1165, 34.5836], [-118.1165, 34.5836]]], [[[-118.0251, 34.5345], [-118.0196, 34.5368], [-118.0213, 34.5412], [-118.0266, 34.5414], [-118.0274, 34.5456], [-118.0325, 34.5468], [-118.0355, 34.5423], [-118.0251, 34.5345]]], [[[-118.0504, 33.8533], [-118.0448, 33.8508], [-118.0418, 33.8553], [-118.0474, 33.8578], [-118.0504, 33.8533]]], [[[-118.0481, 33.8628], [-118.0417, 33.8638], [-118.0422, 33.8689], [-118.0489, 33.8681], [-118.0481, 33.8628]]], [[[-118.0508, 34.1389], [-118.0471, 34.1411], [-118.0458, 34.1488], [-118.0538, 34.154], [-118.0573, 34.1498], [-118.055, 34.1409], [-118.0508, 34.1389]]], [[[-118.0597, 33.9458], [-118.0557, 33.9502], [-118.0604, 33.9535], [-118.0644, 33.9492], [-118.0597, 33.9458]]], [[[-118.0843, 33.8067], [-118.0705, 33.8071], [-118.0677, 33.8119], [-118.0712, 33.8142], [-118.0874, 33.814], [-118.0899, 33.8093], [-118.0843, 33.8067]]], [[[-118.0672, 34.0247], [-118.0637, 34.0294], [-118.0688, 34.0323], [-118.0723, 34.0276], [-118.0672, 34.0247]]], [[[-118.067, 34.5838], [-118.057, 34.5841], [-118.055, 34.589], [-118.0679, 34.5908], [-118.0704, 34.5871], [-118.067, 34.5838]]], [[[-118.2485, 34.643], [-118.2211, 34.6423], [-118.223, 34.6369], [-118.218, 34.6343], [-118.2141, 34.6382], [-118.2167, 34.6419], [-118.214, 34.6454], [-118.2145, 34.6586], [-118.2107, 34.6565], [-118.165, 34.6566], [-118.1523, 34.6598], [-118.1519, 34.6309], [-118.146, 34.6281], [-118.1432, 34.6311], [-118.1431, 34.6465], [-118.136, 34.6421], [-118.1282, 34.6426], [-118.1254, 34.6459], [-118.128, 34.6493], [-118.1368, 34.6496], [-118.1413, 34.6575], [-118.1373, 34.6627], [-118.1459, 34.6641], [-118.1453, 34.6691], [-118.1385, 34.6744], [-118.1434, 34.6785], [-118.1435, 34.6858], [-118.1373, 34.6854], [-118.1376, 34.6761], [-118.1315, 34.6639], [-118.1358, 34.6583], [-118.133, 34.6511], [-118.1284, 34.6499], [-118.1252, 34.6529], [-118.1266, 34.659], [-118.1226, 34.6578], [-118.1192, 34.6603], [-118.1232, 34.6663], [-118.1187, 34.6716], [-118.0758, 34.6715], [-118.0722, 34.6736], [-118.074, 34.6933], [-118.0672, 34.6947], [-118.0675, 34.6998], [-118.0788, 34.6996], [-118.0815, 34.6966], [-118.0799, 34.6933], [-118.0903, 34.6917], [-118.0921, 34.6991], [-118.1034, 34.7005], [-118.0893, 34.7027], [-118.0854, 34.7006], [-118.0643, 34.7016], [-118.0612, 34.7009], [-118.0638, 34.6957], [-118.059, 34.6936], [-118.0554, 34.6967], [-118.0604, 34.701], [-118.0574, 34.706], [-118.0614, 34.7083], [-118.1412, 34.7057], [-118.1445, 34.7096], [-118.1447, 34.7196], [-118.1552, 34.7221], [-118.1579, 34.7178], [-118.1528, 34.7149], [-118.1527, 34.7077], [-118.1766, 34.7073], [-118.1783, 34.7026], [-118.1737, 34.7003], [-118.1766, 34.6924], [-118.188, 34.6902], [-118.188, 34.664], [-118.2102, 34.6639], [-118.2148, 34.6612], [-118.2209, 34.6629], [-118.2225, 34.6508], [-118.2249, 34.6488], [-118.2271, 34.6493], [-118.2237, 34.6517], [-118.2247, 34.6554], [-118.2332, 34.6558], [-118.2324, 34.6678], [-118.2382, 34.6695], [-118.2408, 34.6579], [-118.2367, 34.6493], [-118.2497, 34.6521], [-118.2532, 34.6463], [-118.2485, 34.643]], [[-118.0904, 34.6872], [-118.0812, 34.6861], [-118.0789, 34.6788], [-118.092, 34.6788], [-118.0904, 34.6872]], [[-118.1082, 34.6858], [-118.0992, 34.6859], [-118.0971, 34.6787], [-118.11, 34.6789], [-118.1082, 34.6858]], [[-118.1018, 34.6928], [-118.1031, 34.6932], [-118.0991, 34.6937], [-118.1018, 34.6928]], [[-118.1072, 34.6932], [-118.1041, 34.6933], [-118.1062, 34.6929], [-118.1072, 34.6932]], [[-118.1076, 34.7033], [-118.1041, 34.7006], [-118.1124, 34.7005], [-118.1076, 34.7033]], [[-118.1159, 34.6932], [-118.1096, 34.6937], [-118.1082, 34.6933], [-118.1105, 34.6927], [-118.1159, 34.6932]], [[-118.115, 34.701], [-118.1129, 34.7005], [-118.1155, 34.7001], [-118.115, 34.701]], [[-118.1323, 34.6859], [-118.1166, 34.686], [-118.115, 34.6787], [-118.1294, 34.6783], [-118.1323, 34.6859]], [[-118.1209, 34.6931], [-118.1169, 34.6931], [-118.1186, 34.6925], [-118.1209, 34.6931]], [[-118.1182, 34.7004], [-118.1208, 34.7003], [-118.12, 34.7004], [-118.1182, 34.7004]], [[-118.1253, 34.6932], [-118.1222, 34.6932], [-118.1239, 34.6929], [-118.1253, 34.6932]], [[-118.1238, 34.7009], [-118.1221, 34.7005], [-118.1242, 34.7001], [-118.1238, 34.7009]], [[-118.1281, 34.6931], [-118.1268, 34.6931], [-118.1275, 34.6929], [-118.1281, 34.6931]], [[-118.1327, 34.6943], [-118.1303, 34.6931], [-118.1319, 34.6926], [-118.1327, 34.6943]], [[-118.1417, 34.6987], [-118.1393, 34.6926], [-118.1437, 34.6928], [-118.1417, 34.6987]], [[-118.1505, 34.6635], [-118.1521, 34.6608], [-118.1531, 34.6632], [-118.1505, 34.6635]], [[-118.1626, 34.6857], [-118.1597, 34.6746], [-118.1523, 34.6712], [-118.1528, 34.6684], [-118.1612, 34.6714], [-118.1645, 34.6784], [-118.1791, 34.6786], [-118.1795, 34.6857], [-118.1626, 34.6857]], [[-118.1529, 34.683], [-118.1524, 34.6846], [-118.1523, 34.6786], [-118.1529, 34.683]], [[-118.1549, 34.6998], [-118.1526, 34.7004], [-118.1524, 34.694], [-118.1529, 34.6973], [-118.1549, 34.6998]], [[-118.1589, 34.7006], [-118.1578, 34.7004], [-118.16, 34.7004], [-118.1589, 34.7006]], [[-118.1702, 34.6712], [-118.1676, 34.6646], [-118.1619, 34.664], [-118.1773, 34.6635], [-118.1793, 34.664], [-118.1791, 34.6712], [-118.1702, 34.6712]], [[-118.1633, 34.7007], [-118.1618, 34.7004], [-118.1637, 34.6996], [-118.1633, 34.7007]], [[-118.1722, 34.7005], [-118.1705, 34.702], [-118.1665, 34.7004], [-118.1691, 34.6997], [-118.1722, 34.7005]], [[-118.2318, 34.6512], [-118.2287, 34.6493], [-118.2354, 34.6492], [-118.2318, 34.6512]]], [[[-118.108, 34.0358], [-118.1041, 34.0401], [-118.1095, 34.0431], [-118.1131, 34.0389], [-118.108, 34.0358]]], [[[-118.1286, 34.5989], [-118.12, 34.5985], [-118.1181, 34.6033], [-118.1281, 34.6051], [-118.1286, 34.5989]]], [[[-118.1349, 34.598], [-118.1313, 34.6033], [-118.1391, 34.6051], [-118.141, 34.6002], [-118.1349, 34.598]]], [[[-118.1646, 34.7155], [-118.1632, 34.7208], [-118.1785, 34.7219], [-118.1801, 34.7172], [-118.1646, 34.7155]]], [[[-118.187, 34.5989], [-118.1767, 34.598], [-118.1792, 34.5941], [-118.1762, 34.591], [-118.1699, 34.594], [-118.1757, 34.6051], [-118.187, 34.6051], [-118.187, 34.5989]]], [[[-118.1866, 34.6944], [-118.1804, 34.6938], [-118.1788, 34.6972], [-118.1819, 34.7003], [-118.1786, 34.7042], [-118.1826, 34.7111], [-118.1882, 34.7088], [-118.1866, 34.6944]]], [[[-118.1924, 34.6037], [-118.1874, 34.6071], [-118.1913, 34.6111], [-118.1963, 34.6077], [-118.1924, 34.6037]]], [[[-118.1979, 34.4897], [-118.1939, 34.4936], [-118.1986, 34.4969], [-118.2026, 34.493], [-118.1979, 34.4897]]], [[[-118.2232, 34.6305], [-118.2205, 34.626], [-118.2232, 34.622], [-118.2194, 34.6166], [-118.2092, 34.6145], [-118.2013, 34.6092], [-118.1966, 34.6103], [-118.1969, 34.6156], [-118.2141, 34.6226], [-118.2169, 34.6259], [-118.2143, 34.6288], [-118.216, 34.6328], [-118.2205, 34.6334], [-118.2232, 34.6305]]], [[[-118.2236, 33.8429], [-118.2197, 33.8468], [-118.2245, 33.8504], [-118.2284, 33.8465], [-118.2236, 33.8429]]], [[[-118.2411, 33.8205], [-118.2373, 33.8229], [-118.2312, 33.821], [-118.2294, 33.8259], [-118.2432, 33.8276], [-118.2456, 33.8231], [-118.2411, 33.8205]]], [[[-118.2349, 33.7881], [-118.2314, 33.7923], [-118.2364, 33.7953], [-118.24, 33.7911], [-118.2349, 33.7881]]], [[[-118.236, 34.6931], [-118.2309, 34.6992], [-118.2347, 34.7033], [-118.2412, 34.6972], [-118.236, 34.6931]]], [[[-118.2364, 34.6707], [-118.2318, 34.6761], [-118.2322, 34.6888], [-118.2367, 34.6924], [-118.2411, 34.6895], [-118.2411, 34.6744], [-118.2364, 34.6707]]], [[[-118.2805, 34.1286], [-118.2765, 34.1334], [-118.2826, 34.1389], [-118.2863, 34.1344], [-118.2805, 34.1286]]], [[[-118.3003, 34.1157], [-118.2929, 34.1151], [-118.2902, 34.1192], [-118.3024, 34.1273], [-118.3059, 34.1231], [-118.3003, 34.1157]]], [[[-118.3377, 33.7248], [-118.3315, 33.7247], [-118.3305, 33.7412], [-118.3373, 33.7461], [-118.3437, 33.7399], [-118.3377, 33.7248]]], [[[-118.3473, 33.7295], [-118.3435, 33.732], [-118.3448, 33.7359], [-118.3579, 33.7374], [-118.3574, 33.7323], [-118.3473, 33.7295]]], [[[-118.3685, 34.0027], [-118.3645, 34.0066], [-118.3692, 34.0099], [-118.3732, 34.006], [-118.3685, 34.0027]]], [[[-118.374, 34.1114], [-118.3699, 34.1157], [-118.3746, 34.119], [-118.3787, 34.1147], [-118.374, 34.1114]]], [[[-118.3752, 34.12], [-118.3711, 34.1242], [-118.3758, 34.1275], [-118.3799, 34.1234], [-118.3752, 34.12]]], [[[-118.3808, 34.1276], [-118.3768, 34.1315], [-118.3815, 34.1353], [-118.3855, 34.1314], [-118.3808, 34.1276]]], [[[-118.4108, 34.4243], [-118.3916, 34.4306], [-118.3824, 34.4373], [-118.3826, 34.4416], [-118.3904, 34.4465], [-118.3948, 34.446], [-118.399, 34.4343], [-118.4194, 34.4301], [-118.4184, 34.4255], [-118.4108, 34.4243]]], [[[-118.4267, 33.9128], [-118.4232, 33.917], [-118.4285, 33.9201], [-118.432, 33.9159], [-118.4267, 33.9128]]], [[[-118.5248, 34.4098], [-118.5205, 34.4124], [-118.5126, 34.4081], [-118.5069, 34.4155], [-118.4998, 34.4092], [-118.4954, 34.412], [-118.4939, 34.4192], [-118.4844, 34.4043], [-118.4799, 34.4041], [-118.4743, 34.4083], [-118.4721, 34.4055], [-118.4877, 34.398], [-118.4944, 34.4005], [-118.4945, 34.3942], [-118.4884, 34.3952], [-118.4829, 34.3925], [-118.4639, 34.4016], [-118.4554, 34.3946], [-118.4501, 34.3942], [-118.4469, 34.403], [-118.4374, 34.4071], [-118.4373, 34.4154], [-118.4227, 34.4241], [-118.4217, 34.428], [-118.431, 34.4296], [-118.4405, 34.4217], [-118.4492, 34.4197], [-118.4332, 34.4343], [-118.4296, 34.432], [-118.4255, 34.4336], [-118.4284, 34.4402], [-118.419, 34.4488], [-118.4164, 34.4564], [-118.4234, 34.4573], [-118.4312, 34.4477], [-118.4318, 34.4416], [-118.4487, 34.4311], [-118.4582, 34.42], [-118.4677, 34.4194], [-118.4634, 34.4272], [-118.465, 34.4325], [-118.4781, 34.44], [-118.4818, 34.4378], [-118.4813, 34.4334], [-118.4733, 34.4286], [-118.4788, 34.4137], [-118.4821, 34.4163], [-118.4806, 34.4227], [-118.4879, 34.4297], [-118.494, 34.428], [-118.4949, 34.4232], [-118.5019, 34.4236], [-118.5038, 34.4191], [-118.5081, 34.4226], [-118.5214, 34.4166], [-118.5277, 34.4192], [-118.5311, 34.4158], [-118.5248, 34.4098]], [[-118.4456, 34.4129], [-118.4451, 34.4131], [-118.4445, 34.4113], [-118.4456, 34.4129]], [[-118.4538, 34.4128], [-118.4541, 34.4114], [-118.4542, 34.4118], [-118.4538, 34.4128]], [[-118.454, 34.4104], [-118.454, 34.411], [-118.4539, 34.4106], [-118.454, 34.4104]], [[-118.4686, 34.4125], [-118.4628, 34.4121], [-118.4657, 34.4092], [-118.4686, 34.4125]], [[-118.475, 34.412], [-118.4717, 34.412], [-118.4727, 34.4115], [-118.475, 34.412]]], [[[-118.4642, 34.4741], [-118.4607, 34.4783], [-118.4658, 34.4812], [-118.4693, 34.477], [-118.4642, 34.4741]]], [[[-118.4754, 34.0848], [-118.4704, 34.0885], [-118.4742, 34.0926], [-118.4793, 34.0888], [-118.4754, 34.0848]]], [[[-118.4705, 34.4657], [-118.4665, 34.4696], [-118.4713, 34.4729], [-118.4753, 34.469], [-118.4705, 34.4657]]], [[[-118.4775, 34.1213], [-118.4742, 34.1262], [-118.481, 34.1294], [-118.4835, 34.1247], [-118.4775, 34.1213]]], [[[-118.5961, 34.3858], [-118.5945, 34.3801], [-118.5845, 34.378], [-118.5801, 34.3803], [-118.569, 34.3742], [-118.5618, 34.3746], [-118.5589, 34.3691], [-118.5539, 34.3705], [-118.5535, 34.3754], [-118.5352, 34.3768], [-118.5089, 34.3627], [-118.5032, 34.3634], [-118.5028, 34.3688], [-118.4963, 34.3703], [-118.4969, 34.3746], [-118.5023, 34.3756], [-118.5034, 34.3692], [-118.507, 34.3698], [-118.5211, 34.3782], [-118.5317, 34.3916], [-118.5425, 34.3903], [-118.5484, 34.3959], [-118.5476, 34.4043], [-118.5525, 34.41], [-118.5468, 34.4128], [-118.5432, 34.4079], [-118.5377, 34.4081], [-118.5388, 34.4166], [-118.5341, 34.4248], [-118.529, 34.4212], [-118.5246, 34.4245], [-118.5188, 34.4217], [-118.5145, 34.4242], [-118.517, 34.4287], [-118.522, 34.4289], [-118.5247, 34.4259], [-118.5305, 34.4292], [-118.5184, 34.4325], [-118.5169, 34.4372], [-118.5122, 34.4369], [-118.4977, 34.4458], [-118.4747, 34.4404], [-118.4699, 34.4417], [-118.4687, 34.4453], [-118.4728, 34.4494], [-118.4865, 34.4494], [-118.4917, 34.452], [-118.4914, 34.4565], [-118.484, 34.4563], [-118.4772, 34.4621], [-118.4771, 34.4667], [-118.496, 34.4651], [-118.4997, 34.4611], [-118.5015, 34.4647], [-118.5091, 34.4644], [-118.5134, 34.4695], [-118.5206, 34.462], [-118.5177, 34.4728], [-118.5224, 34.474], [-118.5262, 34.4709], [-118.531, 34.4731], [-118.5366, 34.4699], [-118.5376, 34.4637], [-118.546, 34.466], [-118.5533, 34.4639], [-118.5531, 34.4537], [-118.5581, 34.4474], [-118.5669, 34.4512], [-118.5711, 34.45], [-118.5774, 34.4567], [-118.5851, 34.4528], [-118.5789, 34.4415], [-118.5842, 34.4382], [-118.5875, 34.4374], [-118.5896, 34.4416], [-118.5982, 34.4453], [-118.6027, 34.4448], [-118.6028, 34.4385], [-118.5916, 34.4315], [-118.5967, 34.4289], [-118.6029, 34.4303], [-118.6081, 34.4233], [-118.6149, 34.424], [-118.6124, 34.4142], [-118.6071, 34.4155], [-118.6076, 34.4204], [-118.6019, 34.4192], [-118.5963, 34.4263], [-118.5902, 34.4244], [-118.5883, 34.4293], [-118.5801, 34.4326], [-118.5692, 34.4288], [-118.5628, 34.4321], [-118.5665, 34.4245], [-118.5704, 34.426], [-118.574, 34.4238], [-118.5792, 34.4275], [-118.5941, 34.423], [-118.5964, 34.4199], [-118.5931, 34.4161], [-118.5877, 34.4181], [-118.5804, 34.4163], [-118.579, 34.4131], [-118.5833, 34.4116], [-118.5836, 34.4079], [-118.5714, 34.4056], [-118.5692, 34.3928], [-118.5611, 34.3822], [-118.5665, 34.3817], [-118.5732, 34.3964], [-118.5815, 34.3934], [-118.5931, 34.3984], [-118.5878, 34.4066], [-118.5913, 34.4106], [-118.596, 34.4096], [-118.6005, 34.4024], [-118.6043, 34.3918], [-118.5961, 34.3858]], [[-118.5283, 34.4624], [-118.5249, 34.4562], [-118.5198, 34.4587], [-118.5106, 34.4562], [-118.5021, 34.4585], [-118.5054, 34.4522], [-118.5236, 34.449], [-118.5183, 34.4386], [-118.5283, 34.4372], [-118.5303, 34.4408], [-118.5318, 34.4535], [-118.5283, 34.4624]], [[-118.5408, 34.4421], [-118.5362, 34.4349], [-118.5408, 34.4301], [-118.5416, 34.4319], [-118.5408, 34.4421]], [[-118.5404, 34.4569], [-118.5383, 34.4536], [-118.5392, 34.4447], [-118.5404, 34.4569]], [[-118.5629, 34.4074], [-118.5574, 34.404], [-118.5569, 34.3944], [-118.5472, 34.3831], [-118.5523, 34.3828], [-118.5553, 34.3922], [-118.5607, 34.3952], [-118.5629, 34.4074]], [[-118.5502, 34.4413], [-118.5493, 34.4319], [-118.5521, 34.4327], [-118.5502, 34.4413]], [[-118.558, 34.4249], [-118.5502, 34.4244], [-118.5514, 34.4202], [-118.5586, 34.4225], [-118.558, 34.4249]], [[-118.5599, 34.4396], [-118.5594, 34.4371], [-118.5601, 34.438], [-118.5599, 34.4396]], [[-118.5697, 34.4375], [-118.5715, 34.4392], [-118.5697, 34.4435], [-118.5653, 34.441], [-118.5697, 34.4375]], [[-118.5744, 34.4224], [-118.5667, 34.417], [-118.5689, 34.4126], [-118.5744, 34.4224]], [[-118.5858, 34.3859], [-118.587, 34.3857], [-118.5868, 34.3874], [-118.5858, 34.3859]]], [[[-118.4871, 34.1146], [-118.4817, 34.1117], [-118.4782, 34.1159], [-118.4836, 34.1188], [-118.4871, 34.1146]]], [[[-118.4992, 34.3201], [-118.4864, 34.3156], [-118.4765, 34.3181], [-118.4746, 34.3215], [-118.4781, 34.325], [-118.4913, 34.3237], [-118.4956, 34.3257], [-118.4993, 34.3238], [-118.4992, 34.3201]]], [[[-118.4934, 34.3748], [-118.4894, 34.3787], [-118.4943, 34.3823], [-118.4983, 34.3784], [-118.4934, 34.3748]]], [[[-118.4945, 34.4337], [-118.4905, 34.4377], [-118.4954, 34.4412], [-118.4994, 34.4373], [-118.4945, 34.4337]]], [[[-118.5031, 34.4273], [-118.4959, 34.4274], [-118.4952, 34.4325], [-118.5023, 34.4333], [-118.5031, 34.4273]]], [[[-118.5425, 34.3982], [-118.5353, 34.3971], [-118.5334, 34.402], [-118.5405, 34.4042], [-118.5425, 34.3982]]], [[[-118.5466, 34.3598], [-118.5379, 34.3618], [-118.5378, 34.3669], [-118.5567, 34.3671], [-118.5562, 34.3619], [-118.5466, 34.3598]]], [[[-118.5611, 34.4559], [-118.5551, 34.4617], [-118.5584, 34.466], [-118.5634, 34.4648], [-118.5657, 34.4603], [-118.5611, 34.4559]]], [[[-118.579, 34.0364], [-118.5751, 34.0403], [-118.5799, 34.0439], [-118.5839, 34.0399], [-118.579, 34.0364]]], [[[-118.5898, 34.0357], [-118.5849, 34.0392], [-118.5887, 34.0432], [-118.5936, 34.0397], [-118.5898, 34.0357]]], [[[-118.6076, 34.0338], [-118.6037, 34.0381], [-118.6091, 34.0411], [-118.6126, 34.0369], [-118.6076, 34.0338]]], [[[-118.622, 34.0347], [-118.6154, 34.0356], [-118.6159, 34.0407], [-118.6228, 34.04], [-118.622, 34.0347]]], [[[-118.6192, 34.4519], [-118.6124, 34.4573], [-118.6152, 34.4619], [-118.6239, 34.4568], [-118.6192, 34.4519]]], [[[-118.6159, 34.4665], [-118.6125, 34.4713], [-118.6176, 34.4742], [-118.621, 34.4694], [-118.6159, 34.4665]]], [[[-118.6231, 34.4854], [-118.6135, 34.489], [-118.6127, 34.4989], [-118.6232, 34.5004], [-118.6282, 34.5063], [-118.6326, 34.5069], [-118.6354, 34.5036], [-118.63, 34.4959], [-118.6324, 34.4883], [-118.6231, 34.4854]], [[-118.621, 34.4927], [-118.6226, 34.4924], [-118.6215, 34.4932], [-118.621, 34.4927]]], [[[-118.6185, 34.4328], [-118.615, 34.437], [-118.6221, 34.4444], [-118.6232, 34.4517], [-118.6384, 34.4501], [-118.6403, 34.4409], [-118.6305, 34.4394], [-118.6185, 34.4328]]], [[[-118.6367, 34.0333], [-118.6328, 34.0379], [-118.639, 34.0408], [-118.642, 34.0363], [-118.6367, 34.0333]]], [[[-118.6472, 34.0346], [-118.6437, 34.0388], [-118.649, 34.0419], [-118.6525, 34.0377], [-118.6472, 34.0346]]], [[[-118.6457, 34.4552], [-118.6395, 34.4537], [-118.6376, 34.4586], [-118.6438, 34.46], [-118.6457, 34.4552]]], [[[-118.6525, 34.4908], [-118.6485, 34.4947], [-118.6532, 34.498], [-118.6572, 34.4941], [-118.6525, 34.4908]]], [[[-118.658, 34.4343], [-118.6543, 34.4365], [-118.6509, 34.4482], [-118.6547, 34.4522], [-118.6597, 34.4493], [-118.6653, 34.4504], [-118.6681, 34.4475], [-118.6614, 34.4422], [-118.662, 34.4359], [-118.658, 34.4343]]], [[[-118.6884, 34.0327], [-118.6635, 34.0361], [-118.6611, 34.0408], [-118.666, 34.0434], [-118.6817, 34.0381], [-118.6925, 34.0394], [-118.6942, 34.0343], [-118.6884, 34.0327]]], [[[-118.7102, 34.0305], [-118.6971, 34.0338], [-118.6957, 34.039], [-118.7052, 34.0415], [-118.707, 34.0373], [-118.7137, 34.0358], [-118.7102, 34.0305]]], [[[-118.7133, 34.1343], [-118.6952, 34.1416], [-118.6953, 34.152], [-118.7005, 34.1523], [-118.7021, 34.147], [-118.7172, 34.1405], [-118.7177, 34.1365], [-118.7133, 34.1343]]], [[[-118.7241, 34.1328], [-118.7202, 34.1367], [-118.7251, 34.1402], [-118.7291, 34.1363], [-118.7241, 34.1328]]], [[[-118.7338, 34.0296], [-118.7292, 34.0335], [-118.7335, 34.0372], [-118.7381, 34.0333], [-118.7338, 34.0296]]], [[[-118.7424, 34.1378], [-118.7335, 34.137], [-118.7307, 34.1418], [-118.7452, 34.1462], [-118.7478, 34.1419], [-118.7424, 34.1378]]], [[[-118.7429, 34.0293], [-118.7389, 34.0333], [-118.7439, 34.0368], [-118.7478, 34.0329], [-118.7429, 34.0293]]], [[[-118.7593, 34.1416], [-118.7513, 34.1439], [-118.7552, 34.1486], [-118.7533, 34.1555], [-118.7671, 34.1589], [-118.7698, 34.1552], [-118.7633, 34.1519], [-118.7651, 34.1438], [-118.7593, 34.1416]]], [[[-118.7651, 34.0221], [-118.7611, 34.0263], [-118.7659, 34.0296], [-118.7698, 34.0254], [-118.7651, 34.0221]]], [[[-118.8009, 34.1488], [-118.7969, 34.1524], [-118.7731, 34.1511], [-118.7701, 34.1556], [-118.7806, 34.1593], [-118.7858, 34.1574], [-118.7964, 34.1593], [-118.8055, 34.1538], [-118.8009, 34.1488]]], [[[-118.7918, 34.0221], [-118.7852, 34.0205], [-118.7828, 34.0252], [-118.7895, 34.0272], [-118.7918, 34.0221]]], [[[-118.7954, 34.0168], [-118.7914, 34.02], [-118.7942, 34.0241], [-118.809, 34.0258], [-118.813, 34.0236], [-118.8108, 34.0188], [-118.7954, 34.0168]]], [[[-118.8195, 34.1357], [-118.8027, 34.1433], [-118.8032, 34.1491], [-118.8195, 34.152], [-118.825, 34.1575], [-118.8336, 34.16], [-118.8319, 34.1628], [-118.8227, 34.1573], [-118.8187, 34.1612], [-118.8495, 34.1812], [-118.8597, 34.1822], [-118.864, 34.1776], [-118.8661, 34.1818], [-118.8719, 34.1812], [-118.8722, 34.1764], [-118.8651, 34.1761], [-118.8629, 34.1718], [-118.8548, 34.1755], [-118.8398, 34.1671], [-118.8417, 34.1589], [-118.8246, 34.146], [-118.8237, 34.1382], [-118.8195, 34.1357]], [[-118.816, 34.1443], [-118.816, 34.1443], [-118.816, 34.1443], [-118.816, 34.1443]]], [[[-118.8176, 34.013], [-118.8141, 34.0173], [-118.8192, 34.0204], [-118.8227, 34.0162], [-118.8176, 34.013]]], [[[-118.8275, 34.0165], [-118.8236, 34.0208], [-118.8283, 34.0241], [-118.8322, 34.0198], [-118.8275, 34.0165]]], [[[-118.843, 34.0279], [-118.839, 34.0318], [-118.8438, 34.0351], [-118.8477, 34.0312], [-118.843, 34.0279]]], [[[-118.8829, 34.1764], [-118.8784, 34.1801], [-118.8828, 34.1837], [-118.8872, 34.1801], [-118.8829, 34.1764]]]]}}]}