{"type":"Topology","objects":{"data":{"geometries":[{"properties":{"hex_id":"8829a18e37fffff"},"type":"Polygon","arcs":[[-85,-529,0,-1149,-2015]],"id":0},{"properties":{"hex_id":"8829a56093fffff"},"type":"Polygon","arcs":[[-7933,-8510,-3818,-942,-2847,-3243]],"id":1},{"properties":{"hex_id":"8829a142d3fffff"},"type":"Polygon","arcs":[[-4808,-4552,1,-8077,-11463]],"id":2},{"properties":{"hex_id":"8829a56a8bfffff"},"type":"Polygon","arcs":[[-8997,-1018,-3862,-6633,-2395,-5752]],"id":3},{"properties":{"hex_id":"8829a0ad13fffff"},"type":"Polygon","arcs":[[-129,-3397,-2170,-8909,2]],"id":4},{"properties":{"hex_id":"8829a56ea3fffff"},"type":"Polygon","arcs":[[-6239,-407,-1992,-7548,-1909,-131]],"id":5},{"properties":{"hex_id":"8829a56115fffff"},"type":"Polygon","arcs":[[-2417,-3260,-8603,-118,-89,-3020]],"id":6},{"properties":{"hex_id":"8829a180adfffff"},"type":"Polygon","arcs":[[-4462,-8387,-3232,-4825,3]],"id":7},{"properties":{"hex_id":"8829a19869fffff"},"type":"Polygon","arcs":[[-2314,-11106,-1300,-4071,-3511,-126]],"id":8},{"properties":{"hex_id":"8829a15523fffff"},"type":"Polygon","arcs":[[-4720,4]],"id":9},{"properties":{"hex_id":"8829a56e39fffff"},"type":"Polygon","arcs":[[-1811,-144,-1141,-2577,-753,-10431]],"id":10},{"properties":{"hex_id":"8829a1d211fffff"},"type":"Polygon","arcs":[[-362,-469,5,-11242]],"id":11},{"properties":{"hex_id":"8829a1d493fffff"},"type":"Polygon","arcs":[[-472,-3201,-94,-6547,-7048,-176]],"id":12},{"properties":{"hex_id":"8829a18e43fffff"},"type":"Polygon","arcs":[[-1777,-5347,-874,-5629,-5871,-4025]],"id":13},{"properties":{"hex_id":"8829a56f29fffff"},"type":"Polygon","arcs":[[-4157,-10014,-1121,-179,-708,-122]],"id":14},{"properties":{"hex_id":"8829a1d93bfffff"},"type":"Polygon","arcs":[[-65,-9679,6,-676,-2051]],"id":15},{"properties":{"hex_id":"8829a188c9fffff"},"type":"Polygon","arcs":[[-3212,-9257,-4100,-1996,7]],"id":16},{"properties":{"hex_id":"8829a56ac1fffff"},"type":"Polygon","arcs":[[-6690,-3241,-1713,-6889,8]],"id":17},{"properties":{"hex_id":"8829a18b1dfffff"},"type":"Polygon","arcs":[[-8917,-9354,-2531,-5556,9]],"id":18},{"properties":{"hex_id":"8829a1da39fffff"},"type":"Polygon","arcs":[[-3466,-3340,-58,-2877,-1504,-4226]],"id":19},{"properties":{"hex_id":"8829a1d659fffff"},"type":"Polygon","arcs":[[-211,-3417,-11011,-9541,-3051,-6814]],"id":20},{"properties":{"hex_id":"8829a56a1dfffff"},"type":"Polygon","arcs":[[-4905,-836,10,-9784,-10934,-3140]],"id":21},{"properties":{"hex_id":"8829a1c36bfffff"},"type":"Polygon","arcs":[[-5565,-774,11,-4395,-9756,-4138]],"id":22},{"properties":{"hex_id":"8829a1d645fffff"},"type":"Polygon","arcs":[[-3353,-165,-8785,-8287,-293,-2454]],"id":23},{"properties":{"hex_id":"8829a0a59bfffff"},"type":"Polygon","arcs":[[12,-9564,-6832,-1285,13,-9805]],"id":24},{"properties":{"hex_id":"8829a18837fffff"},"type":"Polygon","arcs":[[-49,-3919,-8857,-609,-4464,-8788]],"id":25},{"properties":{"hex_id":"8829a565b9fffff"},"type":"Polygon","arcs":[[-8775,-230,-3102,-1859,-1250,-9995]],"id":26},{"properties":{"hex_id":"8829a0accdfffff"},"type":"Polygon","arcs":[[-464,-10444,-861,-2341,-4709,-6100]],"id":27},{"properties":{"hex_id":"8829a109edfffff"},"type":"Polygon","arcs":[[-959,-4863,-748,-3388,-1239,-4198]],"id":28},{"properties":{"hex_id":"8829a1d2ebfffff"},"type":"Polygon","arcs":[[-340,-1836,-3262,14]],"id":29},{"properties":{"hex_id":"8829a1d599fffff"},"type":"Polygon","arcs":[[-7010,-3309,-7701,-5891,-7286,-110]],"id":30},{"properties":{"hex_id":"8829a56d49fffff"},"type":"Polygon","arcs":[[-855,-843,-1332,-9397,-4767,-5291]],"id":31},{"properties":{"hex_id":"8829a18d67fffff"},"type":"Polygon","arcs":[[-1474,-10308,-1690,-11120,-459,-2398]],"id":32},{"properties":{"hex_id":"8829a1d587fffff"},"type":"Polygon","arcs":[[-457,-8682,-5540,-4376,-2289,-3924]],"id":33},{"properties":{"hex_id":"8829a18949fffff"},"type":"Polygon","arcs":[[-1933,-394,-11205,-1455,-3198,-8874]],"id":34},{"properties":{"hex_id":"8829a1092bfffff"},"type":"Polygon","arcs":[[-1692,-4040,-7140,-4229,-2788,-2177]],"id":35},{"properties":{"hex_id":"8829a10357fffff"},"type":"Polygon","arcs":[[-5543,-8389,15,-4105]],"id":36},{"properties":{"hex_id":"8829a1d0e5fffff"},"type":"Polygon","arcs":[[-933,-3296,-10094,-3144,-492,-8099]],"id":37},{"properties":{"hex_id":"8829a11229fffff"},"type":"Polygon","arcs":[[-172,-3657,-7635,-10729,-355,-6094]],"id":38},{"properties":{"hex_id":"8829a0acd1fffff"},"type":"Polygon","arcs":[[16,-6267,-974,-6919,-3869]],"id":39},{"properties":{"hex_id":"8829a56239fffff"},"type":"Polygon","arcs":[[-2300,-4111,-302,-4279,-963,-177]],"id":40},{"properties":{"hex_id":"8829a1dad9fffff"},"type":"Polygon","arcs":[[-551,-6927,-1788,-3484,-61,-1428]],"id":41},{"properties":{"hex_id":"8829a1d667fffff"},"type":"Polygon","arcs":[[-5282,-9147,-6156,-2844,-9928,-4994]],"id":42},{"properties":{"hex_id":"8829a14489fffff"},"type":"Polygon","arcs":[[-2019,17,-11320,-3076,-3908,-7156]],"id":43},{"properties":{"hex_id":"8829a1da2dfffff"},"type":"Polygon","arcs":[[-3304,-243,-8020,-478,-826,-2005]],"id":44},{"properties":{"hex_id":"8829a11191fffff"},"type":"Polygon","arcs":[[-4043,-5627,-1235,-488,-1929,-287]],"id":45},{"properties":{"hex_id":"8829a1d30bfffff"},"type":"Polygon","arcs":[[-5670,-1050,-2036,-374,-2961,-1612]],"id":46},{"properties":{"hex_id":"8829a1c25dfffff"},"type":"Polygon","arcs":[[-7771,-733,-7640,-7842,-1544,-2131]],"id":47},{"properties":{"hex_id":"8829a1890bfffff"},"type":"Polygon","arcs":[[-3737,-1563,-231,-264,-3127,-8128]],"id":48},{"properties":{"hex_id":"8829a56557fffff"},"type":"Polygon","arcs":[[-8115,-584,-7809,-70,-1938,-3409]],"id":49},{"properties":{"hex_id":"8829a56293fffff"},"type":"Polygon","arcs":[[-6220,-4901,-7872,-301,-713,-294]],"id":50},{"properties":{"hex_id":"8829a1d633fffff"},"type":"Polygon","arcs":[[-7557,-5831,-3476,-7586,-1467,-11323]],"id":51},{"properties":{"hex_id":"8829a56f1dfffff"},"type":"Polygon","arcs":[[-7390,-7237,-7828,-11072,-7343,-5297]],"id":52},{"properties":{"hex_id":"8829a1893dfffff"},"type":"Polygon","arcs":[[-9096,-3292,-549,-4216,-6971,18]],"id":53},{"properties":{"hex_id":"8829a56211fffff"},"type":"Polygon","arcs":[[-10231,-3562,-3847,-8803,-4109,-2076]],"id":54},{"properties":{"hex_id":"8829a1883bfffff"},"type":"Polygon","arcs":[[-6793,-680,-273,-3916,-48,-100]],"id":55},{"properties":{"hex_id":"8829a1c681fffff"},"type":"Polygon","arcs":[[-95,-941,-2221,19]],"id":56},{"properties":{"hex_id":"8829a56ccdfffff"},"type":"Polygon","arcs":[[-1910,-7552,-6152,-3368,-9139,-3386]],"id":57},{"properties":{"hex_id":"8829a1d95bfffff"},"type":"Polygon","arcs":[[-3413,-5439,-8247,-26,-7122,-4563]],"id":58},{"properties":{"hex_id":"8829a56e97fffff"},"type":"Polygon","arcs":[[-6169,-1422,-9725,-7001,-2921,-4803]],"id":59},{"properties":{"hex_id":"8829a19969fffff"},"type":"Polygon","arcs":[[-764,-272,-4417,-263,-4545,-9781]],"id":60},{"properties":{"hex_id":"8829a0ac55fffff"},"type":"Polygon","arcs":[[-2524,-8588,-2413,20]],"id":61},{"properties":{"hex_id":"8829a0a595fffff"},"type":"Polygon","arcs":[[-9131,21,-810,-1591,-50,-3419]],"id":62},{"properties":{"hex_id":"8829a1152dfffff"},"type":"Polygon","arcs":[[-417,-486,-1013,-6111,-955,-2012]],"id":63},{"properties":{"hex_id":"8829a1995bfffff"},"type":"Polygon","arcs":[[-1001,-8932,-1117,-445,-226,-7264]],"id":64},{"properties":{"hex_id":"8829a1c019fffff"},"type":"Polygon","arcs":[[-27,-605,-3105,-1009,-1875,-760]],"id":65},{"properties":{"hex_id":"8829a0a691fffff"},"type":"Polygon","arcs":[[-1424,-1974,-10239,-1114,-1339,-3251]],"id":66},{"properties":{"hex_id":"8829a560e5fffff"},"type":"Polygon","arcs":[[22,-531,-2362,-4650,-6292,-4792]],"id":67},{"properties":{"hex_id":"8829a0aeabfffff"},"type":"Polygon","arcs":[[-1003,23,-6450,24,-489,-9634]],"id":68},{"properties":{"hex_id":"8829a0a48bfffff"},"type":"Polygon","arcs":[[-6422,-1380,-11130,-10884,-10880,-5970]],"id":69},{"properties":{"hex_id":"8829a1d953fffff"},"type":"Polygon","arcs":[[25,-8246,-2350,-1436,-844,-7123]],"id":70},{"properties":{"hex_id":"8829a1d723fffff"},"type":"Polygon","arcs":[[-1652,-5637,-9168,-4354,-103,-2459]],"id":71},{"properties":{"hex_id":"8829a1c053fffff"},"type":"Polygon","arcs":[[-1419,-290,-606,26,-759,-124]],"id":72},{"properties":{"hex_id":"8829a11225fffff"},"type":"Polygon","arcs":[[-356,-10733,-3661,-7405,-6147,-7975]],"id":73},{"properties":{"hex_id":"8829a56d17fffff"},"type":"Polygon","arcs":[[-317,-67,-5554,-2836,-307,-3596]],"id":74},{"properties":{"hex_id":"8829a1d8ebfffff"},"type":"Polygon","arcs":[[-4706,-6080,27,-1738,-2269]],"id":75},{"properties":{"hex_id":"8829a11043fffff"},"type":"Polygon","arcs":[[-8714,-5268,28,-5601,-1188]],"id":76},{"properties":{"hex_id":"8829a18159fffff"},"type":"Polygon","arcs":[[-9471,29,-4381]],"id":77},{"properties":{"hex_id":"8829a18e03fffff"},"type":"Polygon","arcs":[[-9282,-4964,-5881,-6436,-8533,-5773]],"id":78},{"properties":{"hex_id":"8829a1d6b1fffff"},"type":"Polygon","arcs":[[-1633,-34,-740,-2625,-123,-10869]],"id":79},{"properties":{"hex_id":"8829a1c253fffff"},"type":"Polygon","arcs":[[-1893,-4306,-5049,-2470,-5329,-7638]],"id":80},{"properties":{"hex_id":"8829a56181fffff"},"type":"Polygon","arcs":[[-1439,-3526,30]],"id":81},{"properties":{"hex_id":"8829a112c9fffff"},"type":"Polygon","arcs":[[-10907,-2742,-392,-218,-8696,-656]],"id":82},{"properties":{"hex_id":"8829a1dac3fffff"},"type":"Polygon","arcs":[[-216,-62,-4411,-78,-160,-10629]],"id":83},{"properties":{"hex_id":"8829a14685fffff"},"type":"Polygon","arcs":[[-636,-11017,-9586,-9081,31]],"id":84},{"properties":{"hex_id":"8829a11235fffff"},"type":"Polygon","arcs":[[-2492,-4290,-6037,-8711,-1627,-5765]],"id":85},{"properties":{"hex_id":"8829a1c659fffff"},"type":"Polygon","arcs":[[-567,-8642,-9217,-3997,-63,-591]],"id":86},{"properties":{"hex_id":"8829a56f4bfffff"},"type":"Polygon","arcs":[[32,-6804]],"id":87},{"properties":{"hex_id":"8829a14417fffff"},"type":"Polygon","arcs":[[-3162,-1660,-2957,-3954,-6934,-1760]],"id":88},{"properties":{"hex_id":"8829a56839fffff"},"type":"Polygon","arcs":[[-3946,-2243,-3831,-904,-84,-3268]],"id":89},{"properties":{"hex_id":"8829a19923fffff"},"type":"Polygon","arcs":[[-7939,-1802,-5727,-794,-885,-4593]],"id":90},{"properties":{"hex_id":"8829a1d6bbfffff"},"type":"Polygon","arcs":[[-639,-848,-397,-738,33,-1632]],"id":91},{"properties":{"hex_id":"8829a1d519fffff"},"type":"Polygon","arcs":[[-1098,-1280,-829,-1318,-5457,-901]],"id":92},{"properties":{"hex_id":"8829a102c1fffff"},"type":"Polygon","arcs":[[-2552,-73,-5596,-105,-4146,-7488]],"id":93},{"properties":{"hex_id":"8829a11739fffff"},"type":"Polygon","arcs":[[-77,-2194,-56,-2363,-8465,-5135]],"id":94},{"properties":{"hex_id":"8829a14647fffff"},"type":"Polygon","arcs":[[-151,34]],"id":95},{"properties":{"hex_id":"8829a18c25fffff"},"type":"Polygon","arcs":[[-2592,-4648,-202,-1350,-7728,-1091]],"id":96},{"properties":{"hex_id":"8829a1d021fffff"},"type":"Polygon","arcs":[[-2265,-6847,35]],"id":97},{"properties":{"hex_id":"8829a18283fffff"},"type":"Polygon","arcs":[[36]],"id":98},{"properties":{"hex_id":"8829a1840bfffff"},"type":"Polygon","arcs":[[-3821,37,-7578,-541]],"id":99},{"properties":{"hex_id":"8829a0ada5fffff"},"type":"Polygon","arcs":[[-9988,-5750,-4560,-357,38]],"id":100},{"properties":{"hex_id":"8829a56c91fffff"},"type":"Polygon","arcs":[[-43,-10848,-765,-9779,-1249,-5546]],"id":101},{"properties":{"hex_id":"8829a14135fffff"},"type":"Polygon","arcs":[[39,-4666]],"id":102},{"properties":{"hex_id":"8829a56933fffff"},"type":"Polygon","arcs":[[40,-147,-9766,-8528,-5072,-3236]],"id":103},{"properties":{"hex_id":"8829a0a5a1fffff"},"type":"Polygon","arcs":[[-823,-699,-10449,-11430,-1144,-9552]],"id":104},{"properties":{"hex_id":"8829a1c717fffff"},"type":"Polygon","arcs":[[-1101,-3315,-8302,-2422,-8756,-5107]],"id":105},{"properties":{"hex_id":"8829a0a53bfffff"},"type":"Polygon","arcs":[[-3073,-97,-6913,-419,-9007,-1163]],"id":106},{"properties":{"hex_id":"8829a19957fffff"},"type":"Polygon","arcs":[[-227,-446,-6184,-3043,-9339,-514]],"id":107},{"properties":{"hex_id":"8829a56d8dfffff"},"type":"Polygon","arcs":[[-2173,-9434,-170,41,-3138,-395]],"id":108},{"properties":{"hex_id":"8829a56c99fffff"},"type":"Polygon","arcs":[[-6032,-3042,-10849,42,-5545,-6464]],"id":109},{"properties":{"hex_id":"8829a11211fffff"},"type":"Polygon","arcs":[[-7659,-485,-9730,43,-2393]],"id":110},{"properties":{"hex_id":"8829a0a4e5fffff"},"type":"Polygon","arcs":[[-185,-5476,-6346,-3843,-6321,44]],"id":111},{"properties":{"hex_id":"8829a14121fffff"},"type":"Polygon","arcs":[[-781,-6528,-4668,45,-10747,-1202]],"id":112},{"properties":{"hex_id":"8829a1d1edfffff"},"type":"Polygon","arcs":[[-6861,-181,-9020,-6924,-550,-7950]],"id":113},{"properties":{"hex_id":"8829a1da13fffff"},"type":"Polygon","arcs":[[-210,-9879,-6824,-518,-5960,-11116]],"id":114},{"properties":{"hex_id":"8829a11065fffff"},"type":"Polygon","arcs":[[-1405,-9573,46,-6998]],"id":115},{"properties":{"hex_id":"8829a56167fffff"},"type":"Polygon","arcs":[[-10613,-5736,-1669,-5358,-10133,-5151]],"id":116},{"properties":{"hex_id":"8829a14695fffff"},"type":"Polygon","arcs":[[-8984,-5865,-3765,-7357,-7099,-5287]],"id":117},{"properties":{"hex_id":"8829a18831fffff"},"type":"Polygon","arcs":[[-101,47,-3920,48,-8787,-6840]],"id":118},{"properties":{"hex_id":"8829a18f6bfffff"},"type":"Polygon","arcs":[[-2007,-6426,-3013,-8689,-7229,-98]],"id":119},{"properties":{"hex_id":"8829a0a5b9fffff"},"type":"Polygon","arcs":[[-3420,49,-1595,-64,-10530,-632]],"id":120},{"properties":{"hex_id":"8829a1db6bfffff"},"type":"Polygon","arcs":[[-112,-9407,-3227,-3066,50,-6279]],"id":121},{"properties":{"hex_id":"8829a56ee9fffff"},"type":"Polygon","arcs":[[-10801,-3204,-5709,-2977,-7382,-3653]],"id":122},{"properties":{"hex_id":"8829a0ae97fffff"},"type":"Polygon","arcs":[[-1968,-5064,-6282,-1135,51,-9662]],"id":123},{"properties":{"hex_id":"8829a1c60dfffff"},"type":"Polygon","arcs":[[-1508,-191,52,-1694]],"id":124},{"properties":{"hex_id":"8829a18f3dfffff"},"type":"Polygon","arcs":[[-3990,-546,-2183,-401,-71,-8800]],"id":125},{"properties":{"hex_id":"8829a1d0d1fffff"},"type":"Polygon","arcs":[[-5856,-6200,-2816,-11096,-1725,53]],"id":126},{"properties":{"hex_id":"8829a1173bfffff"},"type":"Polygon","arcs":[[-2193,-9818,-1884,54,-2364,55]],"id":127},{"properties":{"hex_id":"8829a1d681fffff"},"type":"Polygon","arcs":[[-1434,-4528,-2698,-7779,-4361,-9266]],"id":128},{"properties":{"hex_id":"8829a1d6e3fffff"},"type":"Polygon","arcs":[[-8331,-9268,-4363,-8109,-10978,-7839]],"id":129},{"properties":{"hex_id":"8829a18a97fffff"},"type":"Polygon","arcs":[[-1747,-1178,-99,-1347,-1548,-234]],"id":130},{"properties":{"hex_id":"8829a199c1fffff"},"type":"Polygon","arcs":[[-5700,-6145,-579,-2910,-3151,-7667]],"id":131},{"properties":{"hex_id":"8829a1135dfffff"},"type":"Polygon","arcs":[[-5889,-9207,-6562,-4252,-825,-3809]],"id":132},{"properties":{"hex_id":"8829a14651fffff"},"type":"Polygon","arcs":[[-4662,-7442,56,-1040]],"id":133},{"properties":{"hex_id":"8829a568cdfffff"},"type":"Polygon","arcs":[[-1006,-3086,-11256,-572,-7225,-6721]],"id":134},{"properties":{"hex_id":"8829a1da3bfffff"},"type":"Polygon","arcs":[[-3339,-5963,-127,-927,-2878,57]],"id":135},{"properties":{"hex_id":"8829a1c293fffff"},"type":"Polygon","arcs":[[-526,58,-556,-2218,-5666]],"id":136},{"properties":{"hex_id":"8829a1d841fffff"},"type":"Polygon","arcs":[[-10754,-2061,-1977,-8835,-2572,-2752]],"id":137},{"properties":{"hex_id":"8829a56425fffff"},"type":"Polygon","arcs":[[-262,59,-8659,-624,-7806,-583]],"id":138},{"properties":{"hex_id":"8829a14435fffff"},"type":"Polygon","arcs":[[-871,-1922,-4703,-10367,-3572,-296]],"id":139},{"properties":{"hex_id":"8829a1daddfffff"},"type":"Polygon","arcs":[[-1429,60,-3486,-4408,61,-215]],"id":140},{"properties":{"hex_id":"8829a56d01fffff"},"type":"Polygon","arcs":[[-3961,-3935,-3839,-3863,-1476,-5279]],"id":141},{"properties":{"hex_id":"8829a1c65dfffff"},"type":"Polygon","arcs":[[-592,62,-4001,-86,-5404,-1817]],"id":142},{"properties":{"hex_id":"8829a18c4dfffff"},"type":"Polygon","arcs":[[-9090,-3431,-7690,-3169,-2149,-1270]],"id":143},{"properties":{"hex_id":"8829a0a5b1fffff"},"type":"Polygon","arcs":[[63,-1594,-256,-1636,-207,-10531]],"id":144},{"properties":{"hex_id":"8829a1d915fffff"},"type":"Polygon","arcs":[[-4433,-5994,-9680,64,-2050,-2691]],"id":145},{"properties":{"hex_id":"8829a102ddfffff"},"type":"Polygon","arcs":[[-3033,-198,65,-1696,-5593,-72]],"id":146},{"properties":{"hex_id":"8829a1d85dfffff"},"type":"Polygon","arcs":[[-1138,-2808,-3329,-4369,-1976,-2059]],"id":147},{"properties":{"hex_id":"8829a1d905fffff"},"type":"Polygon","arcs":[[-10258,-330,-9223,-1200,-1226,-622]],"id":148},{"properties":{"hex_id":"8829a56d13fffff"},"type":"Polygon","arcs":[[-950,-396,-433,-5549,66,-316]],"id":149},{"properties":{"hex_id":"8829a18b01fffff"},"type":"Polygon","arcs":[[67,-5559,-5053,-1572,-1718]],"id":150},{"properties":{"hex_id":"8829a1d90bfffff"},"type":"Polygon","arcs":[[-7541,-845,-4435,-2690,-329,-5314]],"id":151},{"properties":{"hex_id":"8829a10961fffff"},"type":"Polygon","arcs":[[68,-9060,-4782,-1465,-1704]],"id":152},{"properties":{"hex_id":"8829a5651dfffff"},"type":"Polygon","arcs":[[69,-7808,-8208,-778,-171,-1939]],"id":153},{"properties":{"hex_id":"8829a18f23fffff"},"type":"Polygon","arcs":[[-8801,70,-402,-11359,-9645,-9357]],"id":154},{"properties":{"hex_id":"8829a56989fffff"},"type":"Polygon","arcs":[[-10743,-6516,-917,-761,-2321,-1337]],"id":155},{"properties":{"hex_id":"8829a1d263fffff"},"type":"Polygon","arcs":[[-6730,-1796,-7568,-421,-1125,-2168]],"id":156},{"properties":{"hex_id":"8829a56c43fffff"},"type":"Polygon","arcs":[[-5821,-6740,-2120,-128,-223,-3468]],"id":157},{"properties":{"hex_id":"8829a102cbfffff"},"type":"Polygon","arcs":[[-494,-3034,71,-5592,72,-2551]],"id":158},{"properties":{"hex_id":"8829a1873bfffff"},"type":"Polygon","arcs":[[-4029,-7112,73]],"id":159},{"properties":{"hex_id":"8829a1404dfffff"},"type":"Polygon","arcs":[[-2250,-2312,74]],"id":160},{"properties":{"hex_id":"8829a19835fffff"},"type":"Polygon","arcs":[[-405,-6536,-1626,-6141,-5699,-8482]],"id":161},{"properties":{"hex_id":"8829a1d441fffff"},"type":"Polygon","arcs":[[-10408,-8829,-1460,-1602,-4062,-10923]],"id":162},{"properties":{"hex_id":"8829a5699dfffff"},"type":"Polygon","arcs":[[-9955,-5642,-10478,-5816,-2686,-915]],"id":163},{"properties":{"hex_id":"8829a11703fffff"},"type":"Polygon","arcs":[[75,-7192,-2195,76,-5134,-5325]],"id":164},{"properties":{"hex_id":"8829a1d467fffff"},"type":"Polygon","arcs":[[-2403,-9108,-5006,-5790,-3913,-10412]],"id":165},{"properties":{"hex_id":"8829a1125dfffff"},"type":"Polygon","arcs":[[-7133,-313,-382,-6543,-2509,-1905]],"id":166},{"properties":{"hex_id":"8829a1c455fffff"},"type":"Polygon","arcs":[[-3708,-1021,-4196,-2408,-334,-5423]],"id":167},{"properties":{"hex_id":"8829a56d95fffff"},"type":"Polygon","arcs":[[-2556,-2368,-11039,-862,-1384,-8499]],"id":168},{"properties":{"hex_id":"8829a56e57fffff"},"type":"Polygon","arcs":[[-3650,-5697,-7153,-8721,-4097,-350]],"id":169},{"properties":{"hex_id":"8829a56821fffff"},"type":"Polygon","arcs":[[-512,-851,-3450,-6833,-9437,-4726]],"id":170},{"properties":{"hex_id":"8829a03663fffff"},"type":"Polygon","arcs":[[-7693,-365,-9945,-5858,-3601,-1879]],"id":171},{"properties":{"hex_id":"8829a0ad8bfffff"},"type":"Polygon","arcs":[[-8895,-5296,-3378,-649,-5898,-1479]],"id":172},{"properties":{"hex_id":"8829a1c649fffff"},"type":"Polygon","arcs":[[-5756,-157,-1819,-239,-377,-2729]],"id":173},{"properties":{"hex_id":"8829a18989fffff"},"type":"Polygon","arcs":[[-208,-2973,-1407,-2443,-5988,-7582]],"id":174},{"properties":{"hex_id":"8829a188b1fffff"},"type":"Polygon","arcs":[[-6015,-6557,-5390,-7130,-7199,-434]],"id":175},{"properties":{"hex_id":"8829a1da89fffff"},"type":"Polygon","arcs":[[77,-4410,-4937,-2887,78,-161]],"id":176},{"properties":{"hex_id":"8829a1d88bfffff"},"type":"Polygon","arcs":[[-820,-2831,-7788,-897,79,-3887]],"id":177},{"properties":{"hex_id":"8829a0a585fffff"},"type":"Polygon","arcs":[[-333,-2683,-633,-697,-821,-11145]],"id":178},{"properties":{"hex_id":"8829a560adfffff"},"type":"Polygon","arcs":[[-2361,-1161,-1071,-2189,-1353,-4652]],"id":179},{"properties":{"hex_id":"8829a1549dfffff"},"type":"Polygon","arcs":[[-1601,-6799,-8950,80]],"id":180},{"properties":{"hex_id":"8829a10211fffff"},"type":"Polygon","arcs":[[-564,-9390,-7080,-8174,-3992,-6327]],"id":181},{"properties":{"hex_id":"8829a0a4c5fffff"},"type":"Polygon","arcs":[[-10820,81,-416,-8233,-248,82]],"id":182},{"properties":{"hex_id":"8829a5683dfffff"},"type":"Polygon","arcs":[[-3269,83,-905,-2546,-3447,-850]],"id":183},{"properties":{"hex_id":"8829a0ac35fffff"},"type":"Polygon","arcs":[[-721,-8221,-10603,-1450,-2864,-4745]],"id":184},{"properties":{"hex_id":"8829a56c33fffff"},"type":"Polygon","arcs":[[-258,-10345,-10811,-164,-1934,-3016]],"id":185},{"properties":{"hex_id":"8829a181a9fffff"},"type":"Polygon","arcs":[[-280,-7242,-253,-2558,-2511,-11498]],"id":186},{"properties":{"hex_id":"8829a18e31fffff"},"type":"Polygon","arcs":[[-6439,-2585,-530,84,-2014,-3323]],"id":187},{"properties":{"hex_id":"8829a18e25fffff"},"type":"Polygon","arcs":[[-2853,-9413,-9092,-1269,-2280,-4037]],"id":188},{"properties":{"hex_id":"8829a56ce1fffff"},"type":"Polygon","arcs":[[-6864,-11284,-7972,-1797,-10807,-10344]],"id":189},{"properties":{"hex_id":"8829a56f6dfffff"},"type":"Polygon","arcs":[[-685,-7272,-7111,-8223,-9963,-9651]],"id":190},{"properties":{"hex_id":"8829a1c655fffff"},"type":"Polygon","arcs":[[85,-4000,-1038,86,-189,-5405]],"id":191},{"properties":{"hex_id":"8829a1130dfffff"},"type":"Polygon","arcs":[[-10835,-2447,87,-863]],"id":192},{"properties":{"hex_id":"8829a1d70dfffff"},"type":"Polygon","arcs":[[-4629,-138,-4519,-9525,-10326,-10519]],"id":193},{"properties":{"hex_id":"8829a56139fffff"},"type":"Polygon","arcs":[[-3021,88,-119,-192,-6472,-8229]],"id":194},{"properties":{"hex_id":"8829a1c223fffff"},"type":"Polygon","arcs":[[-133,-482,-8749,-507,-353,-522]],"id":195},{"properties":{"hex_id":"8829a1c009fffff"},"type":"Polygon","arcs":[[-6028,-9070,-5416,89,-5515]],"id":196},{"properties":{"hex_id":"8829a0ae8bfffff"},"type":"Polygon","arcs":[[-3337,-135,-889,90]],"id":197},{"properties":{"hex_id":"8829a1d6d1fffff"},"type":"Polygon","arcs":[[-3646,-4848,-310,-209,-5155,-1680]],"id":198},{"properties":{"hex_id":"8829a568a5fffff"},"type":"Polygon","arcs":[[-10595,-10361,-3749,-465,-5640,-566]],"id":199},{"properties":{"hex_id":"8829a5603dfffff"},"type":"Polygon","arcs":[[-1609,-8053,-11460,91,-311,-398]],"id":200},{"properties":{"hex_id":"8829a1d2bdfffff"},"type":"Polygon","arcs":[[-5251,-4677,-2624,-2328,-9947,-9822]],"id":201},{"properties":{"hex_id":"8829a19b5bfffff"},"type":"Polygon","arcs":[[-2780,-11199,-1236,-9304,92]],"id":202},{"properties":{"hex_id":"8829a56737fffff"},"type":"Polygon","arcs":[[-7505,-776,-8405,-6250,-1800,-5813]],"id":203},{"properties":{"hex_id":"8829a18945fffff"},"type":"Polygon","arcs":[[-3200,-1458,-359,-8550,-6548,93]],"id":204},{"properties":{"hex_id":"8829a1c68bfffff"},"type":"Polygon","arcs":[[-4603,-481,-11092,-940,94,95]],"id":205},{"properties":{"hex_id":"8829a19925fffff"},"type":"Polygon","arcs":[[-11167,-4595,-888,-10362,-3365,-3497]],"id":206},{"properties":{"hex_id":"8829a0a517fffff"},"type":"Polygon","arcs":[[-9919,-561,-4940,-6908,96,-3072]],"id":207},{"properties":{"hex_id":"8829a19807fffff"},"type":"Polygon","arcs":[[-7859,-7058,-6511,-404,-5051,-4536]],"id":208},{"properties":{"hex_id":"8829a18f69fffff"},"type":"Polygon","arcs":[[-1177,-2008,97,-7228,-1348,98]],"id":209},{"properties":{"hex_id":"8829a18839fffff"},"type":"Polygon","arcs":[[-6089,-6794,99,100,-6839,-1131]],"id":210},{"properties":{"hex_id":"8829a56565fffff"},"type":"Polygon","arcs":[[-4588,-3551,-6057,101]],"id":211},{"properties":{"hex_id":"8829a1d727fffff"},"type":"Polygon","arcs":[[-2460,102,-4357,-6521,-11138,-299]],"id":212},{"properties":{"hex_id":"8829a1d227fffff"},"type":"Polygon","arcs":[[-4951,-1896,-3580,-653,-2499,-6872]],"id":213},{"properties":{"hex_id":"8829a56f13fffff"},"type":"Polygon","arcs":[[-2818,-1630,-1752,-1213,-3052,-7826]],"id":214},{"properties":{"hex_id":"8829a18d0bfffff"},"type":"Polygon","arcs":[[-163,-3009,-2941,-1744,-3980,-9328]],"id":215},{"properties":{"hex_id":"8829a56547fffff"},"type":"Polygon","arcs":[[-6759,-9771,-3753,-990,103,-3815]],"id":216},{"properties":{"hex_id":"8829a102c7fffff"},"type":"Polygon","arcs":[[104,-5595,-7182,-2055,105,-4147]],"id":217},{"properties":{"hex_id":"8829a5689dfffff"},"type":"Polygon","arcs":[[-1132,-2570,-4760,-1803,-505,-988]],"id":218},{"properties":{"hex_id":"8829a145c1fffff"},"type":"Polygon","arcs":[[-3573,-10371,106,-9856,-2451]],"id":219},{"properties":{"hex_id":"8829a0ace5fffff"},"type":"Polygon","arcs":[[-1515,-1960,-10249,-8334,-7127,-238]],"id":220},{"properties":{"hex_id":"8829a111b3fffff"},"type":"Polygon","arcs":[[-3733,-6954,-10494,-326,-3023,107]],"id":221},{"properties":{"hex_id":"8829a18c0dfffff"},"type":"Polygon","arcs":[[-9451,-5191,-4621,-6066,-303,108]],"id":222},{"properties":{"hex_id":"8829a1d5d7fffff"},"type":"Polygon","arcs":[[-5059,-7011,109,-7285,-5020,-3064]],"id":223},{"properties":{"hex_id":"8829a1d1c5fffff"},"type":"Polygon","arcs":[[-11403,-4459,-9429,-1045,-180,-5080]],"id":224},{"properties":{"hex_id":"8829a1c419fffff"},"type":"Polygon","arcs":[[-278,-6669,-167,-1164,-1483,-4193]],"id":225},{"properties":{"hex_id":"8829a1d005fffff"},"type":"Polygon","arcs":[[-10898,-2712,-1972,-2262,110,-6288]],"id":226},{"properties":{"hex_id":"8829a1db45fffff"},"type":"Polygon","arcs":[[-444,-3078,-9408,111,-6278,-5063]],"id":227},{"properties":{"hex_id":"8829a1c6b3fffff"},"type":"Polygon","arcs":[[-449,112]],"id":228},{"properties":{"hex_id":"8829a19b55fffff"},"type":"Polygon","arcs":[[-9307,-2167,-3112,-4679,113]],"id":229},{"properties":{"hex_id":"8829a56853fffff"},"type":"Polygon","arcs":[[-7418,-10075,-9425,-388,-4323,-8900]],"id":230},{"properties":{"hex_id":"8829a560bbfffff"},"type":"Polygon","arcs":[[-6946,-2850,114,-10322,-8624]],"id":231},{"properties":{"hex_id":"8829a19985fffff"},"type":"Polygon","arcs":[[-4182,-6318,-723,-9149,-10788,-9532]],"id":232},{"properties":{"hex_id":"8829a18a47fffff"},"type":"Polygon","arcs":[[-140,-6403,-7170,115]],"id":233},{"properties":{"hex_id":"8829a144c1fffff"},"type":"Polygon","arcs":[[-8435,-1026,-2020,-7154,-3060,-2286]],"id":234},{"properties":{"hex_id":"8829a0364bfffff"},"type":"Polygon","arcs":[[-5116,-5245,-121,-5866,-9460,-8012]],"id":235},{"properties":{"hex_id":"8829a562c7fffff"},"type":"Polygon","arcs":[[-10318,116,-1052,-5099,-4076]],"id":236},{"properties":{"hex_id":"8829a5613bfffff"},"type":"Polygon","arcs":[[117,-8602,-6663,-2229,-193,118]],"id":237},{"properties":{"hex_id":"8829a0365dfffff"},"type":"Polygon","arcs":[[-5244,-4860,-475,119,-5867,120]],"id":238},{"properties":{"hex_id":"8829a56f67fffff"},"type":"Polygon","arcs":[[-7110,-4158,121,-707,-1155,-8225]],"id":239},{"properties":{"hex_id":"8829a188c3fffff"},"type":"Polygon","arcs":[[-9255,-286,-7931,-673,-1442,-4101]],"id":240},{"properties":{"hex_id":"8829a1d1e7fffff"},"type":"Polygon","arcs":[[-9018,-6514,-7356,-1624,-1786,-6925]],"id":241},{"properties":{"hex_id":"8829a0a6d3fffff"},"type":"Polygon","arcs":[[-3257,-8560,-6581,-1423,-11064,-3666]],"id":242},{"properties":{"hex_id":"8829a56d59fffff"},"type":"Polygon","arcs":[[-6595,-1571,-1866,-156,-409,-125]],"id":243},{"properties":{"hex_id":"8829a1d6b5fffff"},"type":"Polygon","arcs":[[-10870,122,-2628,-10915,-4823,-2924]],"id":244},{"properties":{"hex_id":"8829a1c051fffff"},"type":"Polygon","arcs":[[-5931,-1420,123,-758,-9067,-2928]],"id":245},{"properties":{"hex_id":"8829a56c89fffff"},"type":"Polygon","arcs":[[-9791,-306,-7330,-9375,-1143,-3643]],"id":246},{"properties":{"hex_id":"8829a142d9fffff"},"type":"Polygon","arcs":[[-11060,-6110,-4809,-11461,-7995,-2277]],"id":247},{"properties":{"hex_id":"8829a1c765fffff"},"type":"Polygon","arcs":[[-6490,-1113,-10713,-495,-3889,-5418]],"id":248},{"properties":{"hex_id":"8829a1da65fffff"},"type":"Polygon","arcs":[[-10186,-6917,-3306,-2004,-5525,-255]],"id":249},{"properties":{"hex_id":"8829a56f37fffff"},"type":"Polygon","arcs":[[-259,-6596,124,-408,-1329,-842]],"id":250},{"properties":{"hex_id":"8829a19b17fffff"},"type":"Polygon","arcs":[[-1513,-2315,125,-3510,-1552,-298]],"id":251},{"properties":{"hex_id":"8829a18f5bfffff"},"type":"Polygon","arcs":[[-2795,-1454,-2854,-4035,-7165,-2828]],"id":252},{"properties":{"hex_id":"8829a56c51fffff"},"type":"Polygon","arcs":[[-7105,-3705,-292,-9169,-2118,-6738]],"id":253},{"properties":{"hex_id":"8829a1daedfffff"},"type":"Polygon","arcs":[[-5962,-520,-4511,-4596,-928,126]],"id":254},{"properties":{"hex_id":"8829a56d25fffff"},"type":"Polygon","arcs":[[-6642,-1197,-3570,-467,-361,-544]],"id":255},{"properties":{"hex_id":"8829a56c09fffff"},"type":"Polygon","arcs":[[127,-2119,-10932,-9241,-1309,-224]],"id":256},{"properties":{"hex_id":"8829a0ad1bfffff"},"type":"Polygon","arcs":[[-533,-3398,128,129]],"id":257},{"properties":{"hex_id":"8829a1d03bfffff"},"type":"Polygon","arcs":[[-2902,-3495,-934,-8097,-8041,-5729]],"id":258},{"properties":{"hex_id":"8829a1d45bfffff"},"type":"Polygon","arcs":[[-3475,-10981,-4204,-1400,-3095,-7588]],"id":259},{"properties":{"hex_id":"8829a56ea1fffff"},"type":"Polygon","arcs":[[-993,-6240,130,-1908,-5160,-6072]],"id":260},{"properties":{"hex_id":"8829a14425fffff"},"type":"Polygon","arcs":[[-6678,-4697,-996,131,-1525,-1771]],"id":261},{"properties":{"hex_id":"8829a1c22bfffff"},"type":"Polygon","arcs":[[-6372,-2108,-483,132,-521,-1356]],"id":262},{"properties":{"hex_id":"8829a18addfffff"},"type":"Polygon","arcs":[[-2759,-205,133]],"id":263},{"properties":{"hex_id":"8829a0ae9dfffff"},"type":"Polygon","arcs":[[-3336,-1369,-1969,-9660,-890,134]],"id":264},{"properties":{"hex_id":"8829a0362dfffff"},"type":"Polygon","arcs":[[-3602,-5861,-2435,135,-913]],"id":265},{"properties":{"hex_id":"8829a1dae3fffff"},"type":"Polygon","arcs":[[136,-6161,-4510]],"id":266},{"properties":{"hex_id":"8829a18867fffff"},"type":"Polygon","arcs":[[-3373,-9188,-322,-10144,-155,-666]],"id":267},{"properties":{"hex_id":"8829a1d709fffff"},"type":"Polygon","arcs":[[-10069,-5303,-706,-4516,137,-4628]],"id":268},{"properties":{"hex_id":"8829a18a41fffff"},"type":"Polygon","arcs":[[-793,138,-6404,139,140,-868]],"id":269},{"properties":{"hex_id":"8829a0a6b5fffff"},"type":"Polygon","arcs":[[-323,-4923,141,-11003]],"id":270},{"properties":{"hex_id":"8829a19a05fffff"},"type":"Polygon","arcs":[[142,-3880,-1911,-2917,-833]],"id":271},{"properties":{"hex_id":"8829a56e15fffff"},"type":"Polygon","arcs":[[-8724,-2768,-3655,-1140,143,-1810]],"id":272},{"properties":{"hex_id":"8829a568e7fffff"},"type":"Polygon","arcs":[[-5412,-6931,-2386,-10592,-3985,-6685]],"id":273},{"properties":{"hex_id":"8829a560cbfffff"},"type":"Polygon","arcs":[[-2285,-1075,-7778,-797,-1986,-8134]],"id":274},{"properties":{"hex_id":"8829a142c1fffff"},"type":"Polygon","arcs":[[-602,-9040,-9794,144]],"id":275},{"properties":{"hex_id":"8829a569edfffff"},"type":"Polygon","arcs":[[-7484,145,-9761,146,147]],"id":276},{"properties":{"hex_id":"8829a19b01fffff"},"type":"Polygon","arcs":[[-4681,-3115,-10125,-5262,-9259,-1206]],"id":277},{"properties":{"hex_id":"8829a14609fffff"},"type":"Polygon","arcs":[[148,-6230,149,150]],"id":278},{"properties":{"hex_id":"8829a565e1fffff"},"type":"Polygon","arcs":[[-8285,-10761,151,-1823,-5218]],"id":279},{"properties":{"hex_id":"8829a1c75dfffff"},"type":"Polygon","arcs":[[152,-5607,-1503,-6457]],"id":280},{"properties":{"hex_id":"8829a0364dfffff"},"type":"Polygon","arcs":[[-5675,-8013,-9463,-2658,-5805,-493]],"id":281},{"properties":{"hex_id":"8829a10343fffff"},"type":"Polygon","arcs":[[-8822,-6542,-4107,-5373,-2128,-6246]],"id":282},{"properties":{"hex_id":"8829a0a51dfffff"},"type":"Polygon","arcs":[[-1555,-9921,-3071,153]],"id":283},{"properties":{"hex_id":"8829a1895bfffff"},"type":"Polygon","arcs":[[-667,154,-10149,-342,-4633,-9515]],"id":284},{"properties":{"hex_id":"8829a56d51fffff"},"type":"Polygon","arcs":[[155,-1865,-3664,-8138,-801,-410]],"id":285},{"properties":{"hex_id":"8829a0ae17fffff"},"type":"Polygon","arcs":[[-2992,-347,-4500,-6391,-221,-9959]],"id":286},{"properties":{"hex_id":"8829a1d4b5fffff"},"type":"Polygon","arcs":[[-7672,-600,-593,-1815,156,-5755]],"id":287},{"properties":{"hex_id":"8829a1d527fffff"},"type":"Polygon","arcs":[[-696,-7021,-6245,-1244,-630,-5046]],"id":288},{"properties":{"hex_id":"8829a1c2c5fffff"},"type":"Polygon","arcs":[[-1246,157,-562,-3638,-244]],"id":289},{"properties":{"hex_id":"8829a14699fffff"},"type":"Polygon","arcs":[[-6024,-1807,-10663,-5863,-8982,-1374]],"id":290},{"properties":{"hex_id":"8829a0aca3fffff"},"type":"Polygon","arcs":[[-2651,-5117,-8010,-5674,158]],"id":291},{"properties":{"hex_id":"8829a1d691fffff"},"type":"Polygon","arcs":[[-2907,-305,-973,-846,-638,-1168]],"id":292},{"properties":{"hex_id":"8829a1dac7fffff"},"type":"Polygon","arcs":[[-10630,159,160,161,-6821]],"id":293},{"properties":{"hex_id":"8829a18d55fffff"},"type":"Polygon","arcs":[[-2296,-724,-3010,162,-9327,-555]],"id":294},{"properties":{"hex_id":"8829a56dd9fffff"},"type":"Polygon","arcs":[[163,-10810,-1645,-735,-574,-1935]],"id":295},{"properties":{"hex_id":"8829a1d641fffff"},"type":"Polygon","arcs":[[-6993,-6159,-5008,-8781,164,-3352]],"id":296},{"properties":{"hex_id":"8829a1c41bfffff"},"type":"Polygon","arcs":[[-6668,-3814,165,-1165,166]],"id":297},{"properties":{"hex_id":"8829a10931fffff"},"type":"Polygon","arcs":[[-6764,-4200,-1241,167,-5000,-7137]],"id":298},{"properties":{"hex_id":"8829a56d81fffff"},"type":"Polygon","arcs":[[-9433,-799,-8501,-10419,168,169]],"id":299},{"properties":{"hex_id":"8829a56503fffff"},"type":"Polygon","arcs":[[-1940,170,-779,-1529,-184,-7421]],"id":300},{"properties":{"hex_id":"8829a11263fffff"},"type":"Polygon","arcs":[[-8352,-429,-3658,171,-6093,-4159]],"id":301},{"properties":{"hex_id":"8829a19947fffff"},"type":"Polygon","arcs":[[172,-9055,-4553,-4414,-271]],"id":302},{"properties":{"hex_id":"8829a56221fffff"},"type":"Polygon","arcs":[[-9277,-285,173]],"id":303},{"properties":{"hex_id":"8829a1151dfffff"},"type":"Polygon","arcs":[[-413,174,-4975,-6415,-6208]],"id":304},{"properties":{"hex_id":"8829a1d491fffff"},"type":"Polygon","arcs":[[-2237,-473,175,-7047,-5275,-1076]],"id":305},{"properties":{"hex_id":"8829a56207fffff"},"type":"Polygon","arcs":[[-3362,-2301,176,-962,-283,177]],"id":306},{"properties":{"hex_id":"8829a56f21fffff"},"type":"Polygon","arcs":[[178,-1120,-856,-5289,-8847,-709]],"id":307},{"properties":{"hex_id":"8829a1d1e9fffff"},"type":"Polygon","arcs":[[-5081,179,-1046,-9015,180,-6860]],"id":308},{"properties":{"hex_id":"8829a1c763fffff"},"type":"Polygon","arcs":[[-8311,-2966,-11222,-2725,-10709,-1112]],"id":309},{"properties":{"hex_id":"8829a18a2bfffff"},"type":"Polygon","arcs":[[181,-3274,-9392,-1901,-2090]],"id":310},{"properties":{"hex_id":"8829a1440bfffff"},"type":"Polygon","arcs":[[182,-1377,-8655,-7984,-2260,-4712]],"id":311},{"properties":{"hex_id":"8829a56ae5fffff"},"type":"Polygon","arcs":[[-6254,-7462,-252,-7416,-8831,-212]],"id":312},{"properties":{"hex_id":"8829a198d5fffff"},"type":"Polygon","arcs":[[-3621,-4162,-10649,-923,-1763,-1618]],"id":313},{"properties":{"hex_id":"8829a56507fffff"},"type":"Polygon","arcs":[[-7422,183,-1533,-11484,-1387,-5434]],"id":314},{"properties":{"hex_id":"8829a0a4edfffff"},"type":"Polygon","arcs":[[-249,-5477,184,185]],"id":315},{"properties":{"hex_id":"8829a1c6d1fffff"},"type":"Polygon","arcs":[[-5986,186,-479,-4601,-8023]],"id":316},{"properties":{"hex_id":"8829a56e9dfffff"},"type":"Polygon","arcs":[[-816,-337,-6171,-4802,-240,-318]],"id":317},{"properties":{"hex_id":"8829a10d43fffff"},"type":"Polygon","arcs":[[187]],"id":318},{"properties":{"hex_id":"8829a1c609fffff"},"type":"Polygon","arcs":[[-5406,188,189,190,-1507]],"id":319},{"properties":{"hex_id":"8829a1c32dfffff"},"type":"Polygon","arcs":[[-9135,-8442,-5942,-3965,-2785,-7322]],"id":320},{"properties":{"hex_id":"8829a19b29fffff"},"type":"Polygon","arcs":[[-8579,-9262,-9114,-5906,-10946,-4512]],"id":321},{"properties":{"hex_id":"8829a10257fffff"},"type":"Polygon","arcs":[[-3592,-957,-565,-6325,-2618,-6269]],"id":322},{"properties":{"hex_id":"8829a56131fffff"},"type":"Polygon","arcs":[[191,192,-2231,-1481,-2833,-6473]],"id":323},{"properties":{"hex_id":"8829a5658dfffff"},"type":"Polygon","arcs":[[-2077,-7374,193,-10759]],"id":324},{"properties":{"hex_id":"8829a189bbfffff"},"type":"Polygon","arcs":[[-4235,-400,-5372,-3799,-596,-577]],"id":325},{"properties":{"hex_id":"8829a0a6a5fffff"},"type":"Polygon","arcs":[[-438,-788,-11307,-11292,194]],"id":326},{"properties":{"hex_id":"8829a0a6d5fffff"},"type":"Polygon","arcs":[[-10354,-3667,-11068,-5441,-661,-1941]],"id":327},{"properties":{"hex_id":"8829a1d595fffff"},"type":"Polygon","arcs":[[-7288,-5893,-7197,195,-5537,-8680]],"id":328},{"properties":{"hex_id":"8829a102d9fffff"},"type":"Polygon","arcs":[[-1108,-8753,-4781,196,197,-3032]],"id":329},{"properties":{"hex_id":"8829a56e85fffff"},"type":"Polygon","arcs":[[-9749,-683,-1520,-6236,-992,-2773]],"id":330},{"properties":{"hex_id":"8829a1d5a7fffff"},"type":"Polygon","arcs":[[-8629,-372,-9850,198,-524,-2199]],"id":331},{"properties":{"hex_id":"8829a1da49fffff"},"type":"Polygon","arcs":[[-10045,199,-651,-4125,-6828,-9562]],"id":332},{"properties":{"hex_id":"8829a11727fffff"},"type":"Polygon","arcs":[[-1501,-214,-500,-6300,-2246,-2715]],"id":333},{"properties":{"hex_id":"8829a18c27fffff"},"type":"Polygon","arcs":[[-4647,-5012,200,-710,-1351,201]],"id":334},{"properties":{"hex_id":"8829a18ae7fffff"},"type":"Polygon","arcs":[[-2164,-297,-6789,202,-628,-3676]],"id":335},{"properties":{"hex_id":"8829a1d197fffff"},"type":"Polygon","arcs":[[-6566,-1398,-616,-8364,-1742,-919]],"id":336},{"properties":{"hex_id":"8829a18d07fffff"},"type":"Polygon","arcs":[[-3982,-1745,-7380,-1536,-291,-8525]],"id":337},{"properties":{"hex_id":"8829a14059fffff"},"type":"Polygon","arcs":[[-3529,203]],"id":338},{"properties":{"hex_id":"8829a18ad5fffff"},"type":"Polygon","arcs":[[204,-2758,-2293,-4275,-10764,205]],"id":339},{"properties":{"hex_id":"8829a0a5b5fffff"},"type":"Polygon","arcs":[[-10532,206,-1639,-9474,-9898,-10447]],"id":340},{"properties":{"hex_id":"8829a189c3fffff"},"type":"Polygon","arcs":[[-4466,-610,-2974,207,-7581,-9334]],"id":341},{"properties":{"hex_id":"8829a1d6d7fffff"},"type":"Polygon","arcs":[[208,-309,-2909,-1167,-4525,-5156]],"id":342},{"properties":{"hex_id":"8829a1da1bfffff"},"type":"Polygon","arcs":[[-7456,-7292,-9880,209,-11115,-10180]],"id":343},{"properties":{"hex_id":"8829a56cb3fffff"},"type":"Polygon","arcs":[[-10086,-4548,-3418,210,-6813,-5034]],"id":344},{"properties":{"hex_id":"8829a19939fffff"},"type":"Polygon","arcs":[[-3953,-10643,-8867,-1965,-1801,-5365]],"id":345},{"properties":{"hex_id":"8829a56a33fffff"},"type":"Polygon","arcs":[[-5396,-6255,211,-8830,-1134,-11414]],"id":346},{"properties":{"hex_id":"8829a562bbfffff"},"type":"Polygon","arcs":[[-5144,-715,-11000,-3275,-9316,-1344]],"id":347},{"properties":{"hex_id":"8829a56ca1fffff"},"type":"Polygon","arcs":[[-3434,-2319,-11444,-5391,-509,-1567]],"id":348},{"properties":{"hex_id":"8829a1d965fffff"},"type":"Polygon","arcs":[[-10636,-1915,-2637,-1648,-4857,-2333]],"id":349},{"properties":{"hex_id":"8829a18b29fffff"},"type":"Polygon","arcs":[[-6430,-1573,-3126,-9519,-5502,-7924]],"id":350},{"properties":{"hex_id":"8829a1d615fffff"},"type":"Polygon","arcs":[[-894,-10608,-2520,-7554,-4144,-9801]],"id":351},{"properties":{"hex_id":"8829a1832bfffff"},"type":"Polygon","arcs":[[-1023,212,-4268,-1402,-9122,-925]],"id":352},{"properties":{"hex_id":"8829a11723fffff"},"type":"Polygon","arcs":[[-7402,-8468,-5217,-499,213,-1500]],"id":353},{"properties":{"hex_id":"8829a1db13fffff"},"type":"Polygon","arcs":[[-3439,-2754,-2574,-8411,-1220,-7281]],"id":354},{"properties":{"hex_id":"8829a1dacbfffff"},"type":"Polygon","arcs":[[-367,-1430,214,215,-10628,-1243]],"id":355},{"properties":{"hex_id":"8829a11509fffff"},"type":"Polygon","arcs":[[-5259,-3474,-6210,-3949,216,-1173]],"id":356},{"properties":{"hex_id":"8829a112c1fffff"},"type":"Polygon","arcs":[[217,-391,218,-767,-8697]],"id":357},{"properties":{"hex_id":"8829a1d9cbfffff"},"type":"Polygon","arcs":[[-11043,-387,219,-5778,-1845,-3519]],"id":358},{"properties":{"hex_id":"8829a1d085fffff"},"type":"Polygon","arcs":[[-945,-5720,-242,-3540,-1097,-2783]],"id":359},{"properties":{"hex_id":"8829a56a87fffff"},"type":"Polygon","arcs":[[-2396,-6637,-2489,-1079,-3356,-4005]],"id":360},{"properties":{"hex_id":"8829a5684dfffff"},"type":"Polygon","arcs":[[-10141,-2605,-2127,-1963,-338,-1730]],"id":361},{"properties":{"hex_id":"8829a56d43fffff"},"type":"Polygon","arcs":[[-1331,-411,-802,-3958,-7702,-9399]],"id":362},{"properties":{"hex_id":"8829a1d331fffff"},"type":"Polygon","arcs":[[-324,-3771,-1858,-645,-502,-5834]],"id":363},{"properties":{"hex_id":"8829a0ae3bfffff"},"type":"Polygon","arcs":[[-9960,220,-6396,-5332,221]],"id":364},{"properties":{"hex_id":"8829a56d23fffff"},"type":"Polygon","arcs":[[-866,-233,-553,-1827,-3567,-1196]],"id":365},{"properties":{"hex_id":"8829a56c47fffff"},"type":"Polygon","arcs":[[-3469,222,223,-1308,-8072,-1750]],"id":366},{"properties":{"hex_id":"8829a18c3dfffff"},"type":"Polygon","arcs":[[-3774,224,-832,-3962,-5009,-9481]],"id":367},{"properties":{"hex_id":"8829a0aec9fffff"},"type":"Polygon","arcs":[[-8884,-4915,-999,-9295,-8740,-8542]],"id":368},{"properties":{"hex_id":"8829a19951fffff"},"type":"Polygon","arcs":[[-7265,225,-447,226,-513,227]],"id":369},{"properties":{"hex_id":"8829a56595fffff"},"type":"Polygon","arcs":[[228,-3099,229,-8774]],"id":370},{"properties":{"hex_id":"8829a56811fffff"},"type":"Polygon","arcs":[[-389,-6722,-7227,-7303,-2242,-1490]],"id":371},{"properties":{"hex_id":"8829a1c245fffff"},"type":"Polygon","arcs":[[-10252,-1382,-703,-743,-615,-1396]],"id":372},{"properties":{"hex_id":"8829a1891dfffff"},"type":"Polygon","arcs":[[-1562,-1733,-7351,-260,-265,230]],"id":373},{"properties":{"hex_id":"8829a18d31fffff"},"type":"Polygon","arcs":[[-7378,-10510,-2876,-952,-2739,-1537]],"id":374},{"properties":{"hex_id":"8829a1c2b5fffff"},"type":"Polygon","arcs":[[-352,231,-2737,-5653,-5248,-3442]],"id":375},{"properties":{"hex_id":"8829a56d3dfffff"},"type":"Polygon","arcs":[[-3865,-4367,-8475,-552,232,-865]],"id":376},{"properties":{"hex_id":"8829a18a95fffff"},"type":"Polygon","arcs":[[-2093,-1748,233,-1547,-11384,-9743]],"id":377},{"properties":{"hex_id":"8829a18c65fffff"},"type":"Polygon","arcs":[[-784,234,-619,-6700,-10736,235]],"id":378},{"properties":{"hex_id":"8829a19855fffff"},"type":"Polygon","arcs":[[-3477,-4896,-10684,-4401,-1124,-6274]],"id":379},{"properties":{"hex_id":"8829a155ddfffff"},"type":"Polygon","arcs":[[236,-7251,-8055,-4012,-1216]],"id":380},{"properties":{"hex_id":"8829a0ac33fffff"},"type":"Polygon","arcs":[[-2003,-1516,237,-7126,-10599,-8220]],"id":381},{"properties":{"hex_id":"8829a189cdfffff"},"type":"Polygon","arcs":[[-8817,-6773,-9337,-6441,-2031,-5692]],"id":382},{"properties":{"hex_id":"8829a1c641fffff"},"type":"Polygon","arcs":[[238,-1818,-5408,-1506,-7073,-378]],"id":383},{"properties":{"hex_id":"8829a56e83fffff"},"type":"Polygon","arcs":[[-319,239,-4805,-11229,-1518,-682]],"id":384},{"properties":{"hex_id":"8829a1451dfffff"},"type":"Polygon","arcs":[[-1527,240]],"id":385},{"properties":{"hex_id":"8829a1d087fffff"},"type":"Polygon","arcs":[[-5719,-254,-5886,-9041,-3541,241]],"id":386},{"properties":{"hex_id":"8829a19b3dfffff"},"type":"Polygon","arcs":[[-5264,-3382,-1260,-3130,-5427,-9111]],"id":387},{"properties":{"hex_id":"8829a1da29fffff"},"type":"Polygon","arcs":[[-537,-9702,-3003,-8015,242,-3303]],"id":388},{"properties":{"hex_id":"8829a1c213fffff"},"type":"Polygon","arcs":[[-631,-1247,243,-3637,-1198,-2505]],"id":389},{"properties":{"hex_id":"8829a18083fffff"},"type":"Polygon","arcs":[[244,-749,245,-6627,-1577]],"id":390},{"properties":{"hex_id":"8829a18857fffff"},"type":"Polygon","arcs":[[-983,-1258,246,-2109,-704,-5462]],"id":391},{"properties":{"hex_id":"8829a0aee7fffff"},"type":"Polygon","arcs":[[-6019,-4961,-9637,-4968,-8267,-2457]],"id":392},{"properties":{"hex_id":"8829a0a4e9fffff"},"type":"Polygon","arcs":[[247,-8237,-5475,248,249]],"id":393},{"properties":{"hex_id":"8829a18e19fffff"},"type":"Polygon","arcs":[[-1511,250,-8572,-4963,-527]],"id":394},{"properties":{"hex_id":"8829a56ae7fffff"},"type":"Polygon","arcs":[[-7461,-1709,-688,-10071,-7417,251]],"id":395},{"properties":{"hex_id":"8829a181abfffff"},"type":"Polygon","arcs":[[-7241,-6883,-1315,-5759,-2559,252]],"id":396},{"properties":{"hex_id":"8829a578bdfffff"},"type":"Polygon","arcs":[[-1034,-1409,-9385,-269,-1016,-3453]],"id":397},{"properties":{"hex_id":"8829a1d6cdfffff"},"type":"Polygon","arcs":[[-887,-796,-601,-8582,-1295,-10364]],"id":398},{"properties":{"hex_id":"8829a1db15fffff"},"type":"Polygon","arcs":[[-1029,-7283,-1222,-4449,-11334,-6614]],"id":399},{"properties":{"hex_id":"8829a1d083fffff"},"type":"Polygon","arcs":[[-5783,-4303,-3884,-5882,253,-5718]],"id":400},{"properties":{"hex_id":"8829a0a5b3fffff"},"type":"Polygon","arcs":[[-1593,-10187,254,-5524,-1637,255]],"id":401},{"properties":{"hex_id":"8829a18f05fffff"},"type":"Polygon","arcs":[[-3012,-9347,-3991,-8798,-805,-8691]],"id":402},{"properties":{"hex_id":"8829a569b9fffff"},"type":"Polygon","arcs":[[-2687,-5817,-7148,256,-4399,-2025]],"id":403},{"properties":{"hex_id":"8829a1c653fffff"},"type":"Polygon","arcs":[[-9215,-6498,-4340,-6947,-1036,-3998]],"id":404},{"properties":{"hex_id":"8829a19905fffff"},"type":"Polygon","arcs":[[-4554,-10842,-5367,-7936,-7042,-1365]],"id":405},{"properties":{"hex_id":"8829a188abfffff"},"type":"Polygon","arcs":[[-4502,-11316,-435,-3713,-7535,-2776]],"id":406},{"properties":{"hex_id":"8829a56c3bfffff"},"type":"Polygon","arcs":[[-3215,-837,-10346,257,-3015,-2526]],"id":407},{"properties":{"hex_id":"8829a56f31fffff"},"type":"Polygon","arcs":[[-909,-11021,-6597,258,-841,-652]],"id":408},{"properties":{"hex_id":"8829a18915fffff"},"type":"Polygon","arcs":[[259,-7350,-2602,-4850,-3290,-266]],"id":409},{"properties":{"hex_id":"8829a10247fffff"},"type":"Polygon","arcs":[[-6139,-5177,-9374,-11467,-1072,-7254]],"id":410},{"properties":{"hex_id":"8829a5642dfffff"},"type":"Polygon","arcs":[[260,261,-582,-8946]],"id":411},{"properties":{"hex_id":"8829a19961fffff"},"type":"Polygon","arcs":[[262,-4416,-1367,-348,-3415,-4546]],"id":412},{"properties":{"hex_id":"8829a18903fffff"},"type":"Polygon","arcs":[[263,264,265,-3289,-9094,-3128]],"id":413},{"properties":{"hex_id":"8829a1d165fffff"},"type":"Polygon","arcs":[[-2268,-8505,-575,-2351,266,-7797]],"id":414},{"properties":{"hex_id":"8829a1d0cbfffff"},"type":"Polygon","arcs":[[-2329,-10527,267,-3544,-5016,-8568]],"id":415},{"properties":{"hex_id":"8829a1c201fffff"},"type":"Polygon","arcs":[[-4814,-4872,-430,-2105,-6370,-10224]],"id":416},{"properties":{"hex_id":"8829a578b5fffff"},"type":"Polygon","arcs":[[268,-9384,-11450,-2653,-10294,-1017]],"id":417},{"properties":{"hex_id":"8829a19945fffff"},"type":"Polygon","arcs":[[-10465,269,270,-4413,271,-763]],"id":418},{"properties":{"hex_id":"8829a188edfffff"},"type":"Polygon","arcs":[[-679,-1232,-1703,-926,-3917,272]],"id":419},{"properties":{"hex_id":"8829a56edbfffff"},"type":"Polygon","arcs":[[-1825,273,-1588,-586,-5193,-418]],"id":420},{"properties":{"hex_id":"8829a112ebfffff"},"type":"Polygon","arcs":[[-769,274]],"id":421},{"properties":{"hex_id":"8829a110ddfffff"},"type":"Polygon","arcs":[[-6717,-4320,275]],"id":422},{"properties":{"hex_id":"8829a1c453fffff"},"type":"Polygon","arcs":[[276,-7894,-6670,277,-4192,-1020]],"id":423},{"properties":{"hex_id":"8829a181e3fffff"},"type":"Polygon","arcs":[[278,-7243,279,-11497,-3080]],"id":424},{"properties":{"hex_id":"8829a0a4a1fffff"},"type":"Polygon","arcs":[[-5758,-6599,-10047,-9561,280,-10572]],"id":425},{"properties":{"hex_id":"8829a5622bfffff"},"type":"Polygon","arcs":[[281,282,-966,283,284,-9276]],"id":426},{"properties":{"hex_id":"8829a56099fffff"},"type":"Polygon","arcs":[[-2607,-441,-7935,-3242,-9923,-6486]],"id":427},{"properties":{"hex_id":"8829a188ddfffff"},"type":"Polygon","arcs":[[-2533,-5014,-7855,-7927,285,-9254]],"id":428},{"properties":{"hex_id":"8829a1119dfffff"},"type":"Polygon","arcs":[[-4044,286,-1928,287]],"id":429},{"properties":{"hex_id":"8829a11239fffff"},"type":"Polygon","arcs":[[-3614,288,-1576,-4287,-2491,-10038]],"id":430},{"properties":{"hex_id":"8829a1c2adfffff"},"type":"Polygon","arcs":[[-440,-626,-7794,-604,289,-1418]],"id":431},{"properties":{"hex_id":"8829a18d2bfffff"},"type":"Polygon","arcs":[[-8526,290,-1538,-10904,-9838,-1689]],"id":432},{"properties":{"hex_id":"8829a1d6a5fffff"},"type":"Polygon","arcs":[[-4202,-1566,-6401,-2080,-2744,-1401]],"id":433},{"properties":{"hex_id":"8829a0a68dfffff"},"type":"Polygon","arcs":[[-4334,-662,-2085,-1301,-10332,-6333]],"id":434},{"properties":{"hex_id":"8829a1d405fffff"},"type":"Polygon","arcs":[[-7218,-4222,-10384,-1065,-5003,-9106]],"id":435},{"properties":{"hex_id":"8829a56c53fffff"},"type":"Polygon","arcs":[[-3704,-6074,-5164,-2890,-9170,291]],"id":436},{"properties":{"hex_id":"8829a1d86dfffff"},"type":"Polygon","arcs":[[-1221,-8415,-1292,-3411,-540,-4451]],"id":437},{"properties":{"hex_id":"8829a1d669fffff"},"type":"Polygon","arcs":[[-2455,292,-8290,-5281,-7171,-11036]],"id":438},{"properties":{"hex_id":"8829a56291fffff"},"type":"Polygon","arcs":[[-8216,-6221,293,-712,-5142,294]],"id":439},{"properties":{"hex_id":"8829a560c7fffff"},"type":"Polygon","arcs":[[-1988,-798,-10976,-3974,-790,-4640]],"id":440},{"properties":{"hex_id":"8829a560cdfffff"},"type":"Polygon","arcs":[[-7493,-8136,-1989,-4638,-6478,-580]],"id":441},{"properties":{"hex_id":"8829a14423fffff"},"type":"Polygon","arcs":[[-2843,-872,295,-3571,-994,-4695]],"id":442},{"properties":{"hex_id":"8829a18ae3fffff"},"type":"Polygon","arcs":[[-3370,-1425,-8066,-6786,296,-2163]],"id":443},{"properties":{"hex_id":"8829a19b15fffff"},"type":"Polygon","arcs":[[-2767,-1514,297,-1551,-3379,-10122]],"id":444},{"properties":{"hex_id":"8829a1d725fffff"},"type":"Polygon","arcs":[[-7831,-2461,298,-11137,-453,-2814]],"id":445},{"properties":{"hex_id":"8829a1d945fffff"},"type":"Polygon","arcs":[[-6385,-2165,-5208,-3709,-371,-328]],"id":446},{"properties":{"hex_id":"8829a1d291fffff"},"type":"Polygon","arcs":[[299,-1263,-8493,-717,-2331,-321]],"id":447},{"properties":{"hex_id":"8829a56769fffff"},"type":"Polygon","arcs":[[300,-7871,-2590,-10822,-10996,-714]],"id":448},{"properties":{"hex_id":"8829a5623bfffff"},"type":"Polygon","arcs":[[-4110,-8805,-8938,-369,-4280,301]],"id":449},{"properties":{"hex_id":"8829a1d657fffff"},"type":"Polygon","arcs":[[-9543,-3499,-3367,-893,-6574,-6503]],"id":450},{"properties":{"hex_id":"8829a1d605fffff"},"type":"Polygon","arcs":[[-1395,-1182,-539,-516,-6153,-9145]],"id":451},{"properties":{"hex_id":"8829a18c63fffff"},"type":"Polygon","arcs":[[302,-6070,-2967,-618,303]],"id":452},{"properties":{"hex_id":"8829a1d69bfffff"},"type":"Polygon","arcs":[[-1312,-4429,-635,-970,304,-2906]],"id":453},{"properties":{"hex_id":"8829a56cd5fffff"},"type":"Polygon","arcs":[[-8409,-7040,-6466,-7326,305,-9790]],"id":454},{"properties":{"hex_id":"8829a56d3bfffff"},"type":"Polygon","arcs":[[-3597,306,-2839,-1151,-8471,-4366]],"id":455},{"properties":{"hex_id":"8829a199d3fffff"},"type":"Polygon","arcs":[[-8971,-3461,-9813,307,-1147,-10687]],"id":456},{"properties":{"hex_id":"8829a1d6d3fffff"},"type":"Polygon","arcs":[[-4847,-1015,-1313,-2904,308,309]],"id":457},{"properties":{"hex_id":"8829a56023fffff"},"type":"Polygon","arcs":[[-399,310,311,-6192]],"id":458},{"properties":{"hex_id":"8829a1c265fffff"},"type":"Polygon","arcs":[[-8367,-1307,-9580,-7467,-7068,-3762]],"id":459},{"properties":{"hex_id":"8829a11259fffff"},"type":"Polygon","arcs":[[-5389,-2400,-462,-380,312,-7132]],"id":460},{"properties":{"hex_id":"8829a1d32bfffff"},"type":"Polygon","arcs":[[-668,-1276,-5837,313,-345]],"id":461},{"properties":{"hex_id":"8829a56105fffff"},"type":"Polygon","arcs":[[-2665,-406,-8232,-4078,-1667,-5734]],"id":462},{"properties":{"hex_id":"8829a5670bfffff"},"type":"Polygon","arcs":[[-4984,314,-1832,-3781,-9606]],"id":463},{"properties":{"hex_id":"8829a56d11fffff"},"type":"Polygon","arcs":[[-9868,-951,315,316,-3595,-8418]],"id":464},{"properties":{"hex_id":"8829a56e8bfffff"},"type":"Polygon","arcs":[[-517,-817,317,318,-681,-2720]],"id":465},{"properties":{"hex_id":"8829a1d29dfffff"},"type":"Polygon","arcs":[[319,320,-2330,-10984,-10656]],"id":466},{"properties":{"hex_id":"8829a1d823fffff"},"type":"Polygon","arcs":[[-8356,-1209,-11045,-3518,-2161,-4403]],"id":467},{"properties":{"hex_id":"8829a18829fffff"},"type":"Polygon","arcs":[[-9187,-5652,-5078,-5118,-10145,321]],"id":468},{"properties":{"hex_id":"8829a14419fffff"},"type":"Polygon","arcs":[[-3740,-643,-1103,-3159,-8651,-1376]],"id":469},{"properties":{"hex_id":"8829a0a6bdfffff"},"type":"Polygon","arcs":[[-5582,-5131,-4924,322,-11002,-341]],"id":470},{"properties":{"hex_id":"8829a1d03dfffff"},"type":"Polygon","arcs":[[-1971,-5730,-8044,-640,-6843,-2264]],"id":471},{"properties":{"hex_id":"8829a1d339fffff"},"type":"Polygon","arcs":[[-375,-10099,-3772,323,-5833,-1275]],"id":472},{"properties":{"hex_id":"8829a18633fffff"},"type":"Polygon","arcs":[[-6718,-9251,-929,324]],"id":473},{"properties":{"hex_id":"8829a10359fffff"},"type":"Polygon","arcs":[[325,-10493,326,-5541,-6539,-3024]],"id":474},{"properties":{"hex_id":"8829a0ac93fffff"},"type":"Polygon","arcs":[[-8087,-6386,327,-370,-6876,-1325]],"id":475},{"properties":{"hex_id":"8829a1d5c7fffff"},"type":"Polygon","arcs":[[-7246,-742,-4948,-5496,-2819,-5182]],"id":476},{"properties":{"hex_id":"8829a199edfffff"},"type":"Polygon","arcs":[[-1862,-5494,-3312,-8761,-8609,-8864]],"id":477},{"properties":{"hex_id":"8829a1d901fffff"},"type":"Polygon","arcs":[[-5315,328,-2693,-9218,329,-10257]],"id":478},{"properties":{"hex_id":"8829a155cdfffff"},"type":"Polygon","arcs":[[-1949,-1535,-5121,-7609,330]],"id":479},{"properties":{"hex_id":"8829a0a58dfffff"},"type":"Polygon","arcs":[[-6376,331,-2684,332,-11144,-8273]],"id":480},{"properties":{"hex_id":"8829a1988dfffff"},"type":"Polygon","arcs":[[-9118,-1765,-5474,-690,-731,-2071]],"id":481},{"properties":{"hex_id":"8829a1c409fffff"},"type":"Polygon","arcs":[[-5424,333,-2411,334,-343]],"id":482},{"properties":{"hex_id":"8829a56e99fffff"},"type":"Polygon","arcs":[[-587,-8092,335,-6166,336,-815]],"id":483},{"properties":{"hex_id":"8829a56b13fffff"},"type":"Polygon","arcs":[[-1731,337,-1964,-4752,-8869,-5944]],"id":484},{"properties":{"hex_id":"8829a1d28dfffff"},"type":"Polygon","arcs":[[338,-8148,-9833,-428,-1837,339]],"id":485},{"properties":{"hex_id":"8829a56dd3fffff"},"type":"Polygon","arcs":[[-1643,-1569,-510,-1042,-4656,-736]],"id":486},{"properties":{"hex_id":"8829a56a39fffff"},"type":"Polygon","arcs":[[-10936,-9787,-5397,-11412,-6988,-363]],"id":487},{"properties":{"hex_id":"8829a0a6abfffff"},"type":"Polygon","arcs":[[-1302,-5583,340,-11001,-437,-4055]],"id":488},{"properties":{"hex_id":"8829a11253fffff"},"type":"Polygon","arcs":[[-460,-11124,-608,-7656,-10267,-381]],"id":489},{"properties":{"hex_id":"8829a1d85bfffff"},"type":"Polygon","arcs":[[-4598,-6164,-1463,-9902,-3328,-2807]],"id":490},{"properties":{"hex_id":"8829a18953fffff"},"type":"Polygon","arcs":[[341,-10148,-3318,-1732,-1561,-4634]],"id":491},{"properties":{"hex_id":"8829a1c447fffff"},"type":"Polygon","arcs":[[-5179,-5425,342,343,-3668,-4478]],"id":492},{"properties":{"hex_id":"8829a1d329fffff"},"type":"Polygon","arcs":[[-2529,-669,344,345,-9835,-997]],"id":493},{"properties":{"hex_id":"8829a56531fffff"},"type":"Polygon","arcs":[[-1532,-1272,-5800,-9666,-2039,-11486]],"id":494},{"properties":{"hex_id":"8829a56749fffff"},"type":"Polygon","arcs":[[-6054,-1392,-2465,-3557,-4899,-806]],"id":495},{"properties":{"hex_id":"8829a0ae13fffff"},"type":"Polygon","arcs":[[-423,-8742,-3249,-4498,346,-2991]],"id":496},{"properties":{"hex_id":"8829a19967fffff"},"type":"Polygon","arcs":[[347,-1366,-7044,-11164,-11008,-3416]],"id":497},{"properties":{"hex_id":"8829a115ebfffff"},"type":"Polygon","arcs":[[348,-4166,-2147,-2857,-7064,-4215]],"id":498},{"properties":{"hex_id":"8829a1d009fffff"},"type":"Polygon","arcs":[[-1267,-1926,-2813,-2710,-10896,-1783]],"id":499},{"properties":{"hex_id":"8829a1c31bfffff"},"type":"Polygon","arcs":[[-5633,-354,-7120,-2731,-1872,-8144]],"id":500},{"properties":{"hex_id":"8829a56e01fffff"},"type":"Polygon","arcs":[[-8670,-4099,-1812,-10429,-3873,-1180]],"id":501},{"properties":{"hex_id":"8829a56e55fffff"},"type":"Polygon","arcs":[[-9873,-3651,349,-4096,-8668,-1358]],"id":502},{"properties":{"hex_id":"8829a1c2bdfffff"},"type":"Polygon","arcs":[[-10865,350,351,-3441,-1728]],"id":503},{"properties":{"hex_id":"8829a1c227fffff"},"type":"Polygon","arcs":[[-523,352,-508,-7115,353,-5632]],"id":504},{"properties":{"hex_id":"8829a1d513fffff"},"type":"Polygon","arcs":[[-828,-8264,-5185,-451,-5681,-1320]],"id":505},{"properties":{"hex_id":"8829a1d731fffff"},"type":"Polygon","arcs":[[-2518,-1123,-9585,-1172,-9164,-5636]],"id":506},{"properties":{"hex_id":"8829a1122dfffff"},"type":"Polygon","arcs":[[-6095,354,-10734,355,-7974,-3805]],"id":507},{"properties":{"hex_id":"8829a0329bfffff"},"type":"Polygon","arcs":[[356,-4559,-2543,357]],"id":508},{"properties":{"hex_id":"8829a198abfffff"},"type":"Polygon","arcs":[[-692,-535,-10654,-11176,-2994,-10202]],"id":509},{"properties":{"hex_id":"8829a18947fffff"},"type":"Polygon","arcs":[[-1457,-403,-8131,-789,-8551,358]],"id":510},{"properties":{"hex_id":"8829a18933fffff"},"type":"Polygon","arcs":[[-4853,-1084,-2358,-5983,-476,-547]],"id":511},{"properties":{"hex_id":"8829a1d547fffff"},"type":"Polygon","arcs":[[-670,-4571,-1186,-9681,-1583,-3609]],"id":512},{"properties":{"hex_id":"8829a56157fffff"},"type":"Polygon","arcs":[[359,-4492,-2416,-10963,-8239]],"id":513},{"properties":{"hex_id":"8829a575abfffff"},"type":"Polygon","arcs":[[-1064,-695,-376,-6051,-1889,-4819]],"id":514},{"properties":{"hex_id":"8829a1d219fffff"},"type":"Polygon","arcs":[[-545,360,-470,361,-11241,-7598]],"id":515},{"properties":{"hex_id":"8829a56a07fffff"},"type":"Polygon","arcs":[[-2037,-10937,362,-6987,-1999,-975]],"id":516},{"properties":{"hex_id":"8829a0360dfffff"},"type":"Polygon","arcs":[[-10153,-5363,363,-9942,364,-7692]],"id":517},{"properties":{"hex_id":"8829a0a4bdfffff"},"type":"Polygon","arcs":[[-7308,-3996,-1105,365,-10043,-6598]],"id":518},{"properties":{"hex_id":"8829a1d135fffff"},"type":"Polygon","arcs":[[-2467,-1869,-1431,366,-1242,-1265]],"id":519},{"properties":{"hex_id":"8829a154b7fffff"},"type":"Polygon","arcs":[[-2587,-878,-4664,-1039,367,-1193]],"id":520},{"properties":{"hex_id":"8829a56233fffff"},"type":"Polygon","arcs":[[368,-8937,-8034,-4232,-5910,-4281]],"id":521},{"properties":{"hex_id":"8829a1d969fffff"},"type":"Polygon","arcs":[[369,370,-3712,-1913,-10634,-6877]],"id":522},{"properties":{"hex_id":"8829a1d5a3fffff"},"type":"Polygon","arcs":[[-2290,-4378,-5679,-9845,371,-8628]],"id":523},{"properties":{"hex_id":"8829a578a9fffff"},"type":"Polygon","arcs":[[-3455,-4941,372]],"id":524},{"properties":{"hex_id":"8829a1d303fffff"},"type":"Polygon","arcs":[[373,-2035,-10100,374,-1274,-2962]],"id":525},{"properties":{"hex_id":"8829a575bdfffff"},"type":"Polygon","arcs":[[-694,-4052,-2136,-1391,-6052,375]],"id":526},{"properties":{"hex_id":"8829a1c64dfffff"},"type":"Polygon","arcs":[[-2730,376,377,-7072,-977,-7698]],"id":527},{"properties":{"hex_id":"8829a1c71bfffff"},"type":"Polygon","arcs":[[378,-1792,-3313,-1100,-1471]],"id":528},{"properties":{"hex_id":"8829a11251fffff"},"type":"Polygon","arcs":[[379,-461,380,-10266,-6544,381]],"id":529},{"properties":{"hex_id":"8829a189e9fffff"},"type":"Polygon","arcs":[[-2032,-6443,-2388,-1605,-1083,-2600]],"id":530},{"properties":{"hex_id":"8829a155edfffff"},"type":"Polygon","arcs":[[-2481,-7162,-5452,-6106,-11058,-4918]],"id":531},{"properties":{"hex_id":"8829a18813fffff"},"type":"Polygon","arcs":[[-7619,-1997,-4070,-1231,-678,-2428]],"id":532},{"properties":{"hex_id":"8829a1d25bfffff"},"type":"Polygon","arcs":[[-5646,382,-6644,-543,-2232,-3028]],"id":533},{"properties":{"hex_id":"8829a17365fffff"},"type":"Polygon","arcs":[[-8038,383,-2477,-8393]],"id":534},{"properties":{"hex_id":"8829a1d837fffff"},"type":"Polygon","arcs":[[384,-8372,-903,385,386,-11042]],"id":535},{"properties":{"hex_id":"8829a56819fffff"},"type":"Polygon","arcs":[[387,-9424,-6723,388,-1489,-4324]],"id":536},{"properties":{"hex_id":"8829a112cbfffff"},"type":"Polygon","arcs":[[-2741,-954,389,390,391]],"id":537},{"properties":{"hex_id":"8829a1d0c7fffff"},"type":"Polygon","arcs":[[-5018,-3547,-11136,-944,-2796,-10537]],"id":538},{"properties":{"hex_id":"8829a112e5fffff"},"type":"Polygon","arcs":[[392,-613,-570,-2582,-729]],"id":539},{"properties":{"hex_id":"8829a18b35fffff"},"type":"Polygon","arcs":[[-4389,-2680,-8446,-11200,393,-1932]],"id":540},{"properties":{"hex_id":"8829a18ae9fffff"},"type":"Polygon","arcs":[[-8183,-6128,-3372,-2162,-3905,-588]],"id":541},{"properties":{"hex_id":"8829a56debfffff"},"type":"Polygon","arcs":[[-432,-2174,394,-3137,-4311,-5551]],"id":542},{"properties":{"hex_id":"8829a56dcdfffff"},"type":"Polygon","arcs":[[-4142,-2935,-1770,-431,395,-949]],"id":543},{"properties":{"hex_id":"8829a18199fffff"},"type":"Polygon","arcs":[[-4827,-3234,-3539,-1237,-11082,-1758]],"id":544},{"properties":{"hex_id":"8829a18b6dfffff"},"type":"Polygon","arcs":[[-847,-7546,-5664,-3154,-739,396]],"id":545},{"properties":{"hex_id":"8829a1c703fffff"},"type":"Polygon","arcs":[[-1056,-5385,-5109,-3928,-1293,-7427]],"id":546},{"properties":{"hex_id":"8829a5602bfffff"},"type":"Polygon","arcs":[[-5323,-1610,397,398,-6191,-8201]],"id":547},{"properties":{"hex_id":"8829a56c07fffff"},"type":"Polygon","arcs":[[-9243,-1871,-2527,-6409,-9693,-7919]],"id":548},{"properties":{"hex_id":"8829a18997fffff"},"type":"Polygon","arcs":[[-11493,-7399,-11113,-5368,399,-4234]],"id":549},{"properties":{"hex_id":"8829a18f35fffff"},"type":"Polygon","arcs":[[400,-2182,-660,-11257,-11360,401]],"id":550},{"properties":{"hex_id":"8829a18943fffff"},"type":"Polygon","arcs":[[-11203,-443,-3738,-8126,402,-1456]],"id":551},{"properties":{"hex_id":"8829a1983dfffff"},"type":"Polygon","arcs":[[403,-6510,-6537,404,-8481,-5052]],"id":552},{"properties":{"hex_id":"8829a56101fffff"},"type":"Polygon","arcs":[[-7884,-10966,-3022,-8227,405,-2664]],"id":553},{"properties":{"hex_id":"8829a56ebdfffff"},"type":"Polygon","arcs":[[-1519,-11233,-7906,-1990,406,-6238]],"id":554},{"properties":{"hex_id":"8829a1d6abfffff"},"type":"Polygon","arcs":[[-4362,-7782,-10872,-2923,-1565,-8111]],"id":555},{"properties":{"hex_id":"8829a56d5dfffff"},"type":"Polygon","arcs":[[407,408,409,-800,410,-1330]],"id":556},{"properties":{"hex_id":"8829a11557fffff"},"type":"Polygon","arcs":[[-664,-4543,411,412,-6207,-3473]],"id":557},{"properties":{"hex_id":"8829a1d1c9fffff"},"type":"Polygon","arcs":[[-6845,-641,-3834,-4457,-11401,413]],"id":558},{"properties":{"hex_id":"8829a1d097fffff"},"type":"Polygon","arcs":[[-1008,-4988,-3599,-6116,-2042,-3882]],"id":559},{"properties":{"hex_id":"8829a0a4c7fffff"},"type":"Polygon","arcs":[[414,-9548,-5972,-542,-8234,415]],"id":560},{"properties":{"hex_id":"8829a11567fffff"},"type":"Polygon","arcs":[[-8068,-1299,-487,416,-2011,-1640]],"id":561},{"properties":{"hex_id":"8829a56ed9fffff"},"type":"Polygon","arcs":[[-5799,-1826,417,-5192,-2113,-9668]],"id":562},{"properties":{"hex_id":"8829a1d241fffff"},"type":"Polygon","arcs":[[-3607,-1542,-5789,-3218,-7908,-6134]],"id":563},{"properties":{"hex_id":"8829a0a533fffff"},"type":"Polygon","arcs":[[418,-6912,419,-10496,-9008]],"id":564},{"properties":{"hex_id":"8829a1d229fffff"},"type":"Polygon","arcs":[[420,-7567,-9051,-4949,-771,-1126]],"id":565},{"properties":{"hex_id":"8829a19aa5fffff"},"type":"Polygon","arcs":[[-9776,-4801,-5704,-8150,-9852,-3027]],"id":566},{"properties":{"hex_id":"8829a1d10bfffff"},"type":"Polygon","arcs":[[421,-8120,-1754,-4530,-3875,-3223]],"id":567},{"properties":{"hex_id":"8829a0ae1bfffff"},"type":"Polygon","arcs":[[-8543,-8743,422,-2990,423]],"id":568},{"properties":{"hex_id":"8829a56121fffff"},"type":"Polygon","arcs":[[-1668,-4080,424,-5979,-5360]],"id":569},{"properties":{"hex_id":"8829a1da93fffff"},"type":"Polygon","arcs":[[-7526,-10471,-5567,-4137,-11352,-3940]],"id":570},{"properties":{"hex_id":"8829a15511fffff"},"type":"Polygon","arcs":[[-7613,-2480,425]],"id":571},{"properties":{"hex_id":"8829a1c337fffff"},"type":"Polygon","arcs":[[-2425,-9013,426,-3789]],"id":572},{"properties":{"hex_id":"8829a1c33dfffff"},"type":"Polygon","arcs":[[-3586,-2657,-2426,-3787,-5124,-985]],"id":573},{"properties":{"hex_id":"8829a1d285fffff"},"type":"Polygon","arcs":[[427,-9832,-5252,-9820,-7431,-1838]],"id":574},{"properties":{"hex_id":"8829a18b49fffff"},"type":"Polygon","arcs":[[-3188,-11266,-6175,-2272,-634,-4427]],"id":575},{"properties":{"hex_id":"8829a1db07fffff"},"type":"Polygon","arcs":[[-3549,-6615,-11338,-938,-883,-9673]],"id":576},{"properties":{"hex_id":"8829a1120dfffff"},"type":"Polygon","arcs":[[-1657,-4309,-4687,-3656,428,-8351]],"id":577},{"properties":{"hex_id":"8829a1c203fffff"},"type":"Polygon","arcs":[[-4871,-6610,-1674,-2436,-2106,429]],"id":578},{"properties":{"hex_id":"8829a56dc5fffff"},"type":"Polygon","arcs":[[430,-1769,-2175,431,-5550,432]],"id":579},{"properties":{"hex_id":"8829a188bdfffff"},"type":"Polygon","arcs":[[-11315,-6016,433,-7198,-3714,434]],"id":580},{"properties":{"hex_id":"8829a1172dfffff"},"type":"Polygon","arcs":[[-6665,-5026,-1502,-2713,-1372,435]],"id":581},{"properties":{"hex_id":"8829a0a6a1fffff"},"type":"Polygon","arcs":[[-4056,436,-11006,-786,437,438]],"id":582},{"properties":{"hex_id":"8829a1c2e7fffff"},"type":"Polygon","arcs":[[-1253,-4263,-627,439,-1417,-456]],"id":583},{"properties":{"hex_id":"8829a56725fffff"},"type":"Polygon","arcs":[[-5507,-10678,-11273,-7932,440,-2606]],"id":584},{"properties":{"hex_id":"8829a1d111fffff"},"type":"Polygon","arcs":[[-4887,441,-5082,-6858,-4299,-1753]],"id":585},{"properties":{"hex_id":"8829a1895dfffff"},"type":"Polygon","arcs":[[-8445,-9517,-4637,-3735,442,-11202]],"id":586},{"properties":{"hex_id":"8829a1db4dfffff"},"type":"Polygon","arcs":[[-11433,-9901,-3079,443,-5062,-6223]],"id":587},{"properties":{"hex_id":"8829a19953fffff"},"type":"Polygon","arcs":[[444,-1116,-960,-6179,445,446]],"id":588},{"properties":{"hex_id":"8829a1136dfffff"},"type":"Polygon","arcs":[[-3555,-10177,447,448,449]],"id":589},{"properties":{"hex_id":"8829a17347fffff"},"type":"Polygon","arcs":[[-9200,-4618,-1522,-2802,-2674,-7005]],"id":590},{"properties":{"hex_id":"8829a1d5e9fffff"},"type":"Polygon","arcs":[[450,-5184,-2822,-1584,-3696,-5682]],"id":591},{"properties":{"hex_id":"8829a1422bfffff"},"type":"Polygon","arcs":[[-2308,-7917,-895,451]],"id":592},{"properties":{"hex_id":"8829a1d099fffff"},"type":"Polygon","arcs":[[-2815,452,-11142,-1007,-4300,-11098]],"id":593},{"properties":{"hex_id":"8829a14169fffff"},"type":"Polygon","arcs":[[-10559,453,-1839,-5235,454]],"id":594},{"properties":{"hex_id":"8829a19ab7fffff"},"type":"Polygon","arcs":[[-4831,-5716,-4932,-3620,-879,-1735]],"id":595},{"properties":{"hex_id":"8829a1c2e5fffff"},"type":"Polygon","arcs":[[-484,-1254,455,-1416,-5929,-4116]],"id":596},{"properties":{"hex_id":"8829a1d311fffff"},"type":"Polygon","arcs":[[-9418,-2502,-511,-9841,-10096,-2034]],"id":597},{"properties":{"hex_id":"8829a14439fffff"},"type":"Polygon","arcs":[[-7986,-1761,-6938,-1921,-870,-1539]],"id":598},{"properties":{"hex_id":"8829a1d581fffff"},"type":"Polygon","arcs":[[-4947,-5021,-8683,456,-3923,-5498]],"id":599},{"properties":{"hex_id":"8829a561d7fffff"},"type":"Polygon","arcs":[[-1615,-1354,-5353,457,-3524,-620]],"id":600},{"properties":{"hex_id":"8829a1125bfffff"},"type":"Polygon","arcs":[[-2399,458,-11125,459,460,461]],"id":601},{"properties":{"hex_id":"8829a0aea7fffff"},"type":"Polygon","arcs":[[-491,462,-10445,463,-6099,-4010]],"id":602},{"properties":{"hex_id":"8829a56addfffff"},"type":"Polygon","arcs":[[-1482,-2895,-10009,-8995,-1712,-3239]],"id":603},{"properties":{"hex_id":"8829a5699bfffff"},"type":"Polygon","arcs":[[464,-3748,-6136,-1051,-10474,-5641]],"id":604},{"properties":{"hex_id":"8829a155bdfffff"},"type":"Polygon","arcs":[[-5597,-8362,465,-7835,-2576]],"id":605},{"properties":{"hex_id":"8829a1d21bfffff"},"type":"Polygon","arcs":[[466,-3569,-3795,467,468,469]],"id":606},{"properties":{"hex_id":"8829a1d065fffff"},"type":"Polygon","arcs":[[-1464,-10279,-2138,470,-1855]],"id":607},{"properties":{"hex_id":"8829a1d49bfffff"},"type":"Polygon","arcs":[[-2196,-8876,-3202,471,472,-2236]],"id":608},{"properties":{"hex_id":"8829a03651fffff"},"type":"Polygon","arcs":[[-4859,-1650,473,474]],"id":609},{"properties":{"hex_id":"8829a569c1fffff"},"type":"Polygon","arcs":[[-2144,-7465,-10745,-1336,-2121,-2376]],"id":610},{"properties":{"hex_id":"8829a18899fffff"},"type":"Polygon","arcs":[[-501,-5535,-2057,-2493,-8476,-10953]],"id":611},{"properties":{"hex_id":"8829a18937fffff"},"type":"Polygon","arcs":[[-548,475,-5987,-8021,-8458,-4218]],"id":612},{"properties":{"hex_id":"8829a19a33fffff"},"type":"Polygon","arcs":[[476,-3720,-8339,-4732,-2203]],"id":613},{"properties":{"hex_id":"8829a1da25fffff"},"type":"Polygon","arcs":[[477,-8019,-3692,-3437,-3679,-827]],"id":614},{"properties":{"hex_id":"8829a18d17fffff"},"type":"Polygon","arcs":[[-1590,-3701,-4577,-1411,-10507,-2497]],"id":615},{"properties":{"hex_id":"8829a1c6d7fffff"},"type":"Polygon","arcs":[[478,479,-7607,-11087,480,-4602]],"id":616},{"properties":{"hex_id":"8829a1c23dfffff"},"type":"Polygon","arcs":[[-2107,-2438,-11411,-8747,481,482]],"id":617},{"properties":{"hex_id":"8829a56a45fffff"},"type":"Polygon","arcs":[[-700,-10198,-2485,-3407,-6618,-6519]],"id":618},{"properties":{"hex_id":"8829a1c2edfffff"},"type":"Polygon","arcs":[[-1199,-3641,-1255,483,-4115,-2643]],"id":619},{"properties":{"hex_id":"8829a1121bfffff"},"type":"Polygon","arcs":[[-607,-657,-8699,-9726,484,-7658]],"id":620},{"properties":{"hex_id":"8829a11529fffff"},"type":"Polygon","arcs":[[-1298,-6197,-9502,-1011,485,486]],"id":621},{"properties":{"hex_id":"8829a568b1fffff"},"type":"Polygon","arcs":[[-2217,-4765,-4061,-1445,-4468,-3744]],"id":622},{"properties":{"hex_id":"8829a11197fffff"},"type":"Polygon","arcs":[[487,-1234,-6178,-6952,-3732,-1930]],"id":623},{"properties":{"hex_id":"8829a18a31fffff"},"type":"Polygon","arcs":[[-6672,-8844,-6736,-7622,-3158,-3272]],"id":624},{"properties":{"hex_id":"8829a0aea1fffff"},"type":"Polygon","arcs":[[-9635,488,489,490,-4009,-4969]],"id":625},{"properties":{"hex_id":"8829a0a51bfffff"},"type":"Polygon","arcs":[[-3671,-8254,-554,-559,-9917,-1554]],"id":626},{"properties":{"hex_id":"8829a1d1d9fffff"},"type":"Polygon","arcs":[[-8100,491,-3146,-6752,-4423,-1774]],"id":627},{"properties":{"hex_id":"8829a18e63fffff"},"type":"Polygon","arcs":[[-5935,-8907,-9709,-1364,-1452,-4521]],"id":628},{"properties":{"hex_id":"8829a0ad9bfffff"},"type":"Polygon","arcs":[[-8163,-5676,492,-5804,-8613,-9002]],"id":629},{"properties":{"hex_id":"8829a11535fffff"},"type":"Polygon","arcs":[[-6217,-11278,-3035,493,-2550,-8768]],"id":630},{"properties":{"hex_id":"8829a1c0dbfffff"},"type":"Polygon","arcs":[[494,-10712,495,-3890]],"id":631},{"properties":{"hex_id":"8829a1c6abfffff"},"type":"Polygon","arcs":[[496,-2225,497,-8878,-6901,-9591]],"id":632},{"properties":{"hex_id":"8829a11549fffff"},"type":"Polygon","arcs":[[498,-5216,-11350,-4891,-6301,499]],"id":633},{"properties":{"hex_id":"8829a188d3fffff"},"type":"Polygon","arcs":[[-7143,-1488,-5536,500,-10952,-7854]],"id":634},{"properties":{"hex_id":"8829a1d335fffff"},"type":"Polygon","arcs":[[-5835,501,-647,-11436,502]],"id":635},{"properties":{"hex_id":"8829a56e21fffff"},"type":"Polygon","arcs":[[-8596,-5091,503,-11339,-7676,-772]],"id":636},{"properties":{"hex_id":"8829a56883fffff"},"type":"Polygon","arcs":[[-989,504,-1805,-2215,-9912,-5138]],"id":637},{"properties":{"hex_id":"8829a1d2c1fffff"},"type":"Polygon","arcs":[[-1829,-7890,505,-3793]],"id":638},{"properties":{"hex_id":"8829a1c049fffff"},"type":"Polygon","arcs":[[506,-8748,-9714,-4033,-7116,507]],"id":639},{"properties":{"hex_id":"8829a56ca5fffff"},"type":"Polygon","arcs":[[-1568,508,-5394,-839,-1043,509]],"id":640},{"properties":{"hex_id":"8829a1d313fffff"},"type":"Polygon","arcs":[[-2501,-655,-5076,-10702,-9842,510]],"id":641},{"properties":{"hex_id":"8829a56829fffff"},"type":"Polygon","arcs":[[-1061,-8621,-852,511,-4725,-1499]],"id":642},{"properties":{"hex_id":"8829a19955fffff"},"type":"Polygon","arcs":[[512,513,-9338,-9053,514]],"id":643},{"properties":{"hex_id":"8829a1d62bfffff"},"type":"Polygon","arcs":[[515,-538,-10439,-1579,-6693,-6154]],"id":644},{"properties":{"hex_id":"8829a56ed5fffff"},"type":"Polygon","arcs":[[-2114,-5196,-818,516,-2719,-9322]],"id":645},{"properties":{"hex_id":"8829a56c2dfffff"},"type":"Polygon","arcs":[[-4495,-4239,-1335,-10450,-3663,-1864]],"id":646},{"properties":{"hex_id":"8829a1c35dfffff"},"type":"Polygon","arcs":[[-2946,-7070,-2484,-4874,-4486,-1662]],"id":647},{"properties":{"hex_id":"8829a1dae9fffff"},"type":"Polygon","arcs":[[517,-6823,518,-4508,519,-5961]],"id":648},{"properties":{"hex_id":"8829a1c221fffff"},"type":"Polygon","arcs":[[-1357,520,521,522,-5631,-6336]],"id":649},{"properties":{"hex_id":"8829a1c29bfffff"},"type":"Polygon","arcs":[[-2200,523,524,525,-5665,-10514]],"id":650},{"properties":{"hex_id":"8829a18e57fffff"},"type":"Polygon","arcs":[[-6004,-1512,526,-4962,-9280,-873]],"id":651},{"properties":{"hex_id":"8829a18e33fffff"},"type":"Polygon","arcs":[[-2584,-8487,-7370,527,528,529]],"id":652},{"properties":{"hex_id":"8829a560e1fffff"},"type":"Polygon","arcs":[[-8317,-791,-11301,-2359,530,531]],"id":653},{"properties":{"hex_id":"8829a109e7fffff"},"type":"Polygon","arcs":[[-747,-1032,-3050,-5173,-1780,-3390]],"id":654},{"properties":{"hex_id":"8829a1db27fffff"},"type":"Polygon","arcs":[[-2886,-5877,-9496,-6383,-8085,-10814]],"id":655},{"properties":{"hex_id":"8829a0ac27fffff"},"type":"Polygon","arcs":[[-3694,-4747,-2866,-3394,532,533]],"id":656},{"properties":{"hex_id":"8829a19887fffff"},"type":"Polygon","arcs":[[-5472,-2340,-3854,-10650,534,-691]],"id":657},{"properties":{"hex_id":"8829a14a5bfffff"},"type":"Polygon","arcs":[[535,-3180,-1203,-1766,-3166,-6499]],"id":658},{"properties":{"hex_id":"8829a0ac07fffff"},"type":"Polygon","arcs":[[-5224,-10393,-5483,-720,-719,-7522]],"id":659},{"properties":{"hex_id":"8829a1da63fffff"},"type":"Polygon","arcs":[[-11248,-1363,-9703,536,-3302,-6915]],"id":660},{"properties":{"hex_id":"8829a56f0dfffff"},"type":"Polygon","arcs":[[-9568,-3458,-3191,-10010,-4156,-1672]],"id":661},{"properties":{"hex_id":"8829a1886dfffff"},"type":"Polygon","arcs":[[-4344,-6856,-3375,-665,-2870,-5614]],"id":662},{"properties":{"hex_id":"8829a1d607fffff"},"type":"Polygon","arcs":[[-1181,-9803,-4145,-10435,537,538]],"id":663},{"properties":{"hex_id":"8829a18809fffff"},"type":"Polygon","arcs":[[-981,-5464,-705,-2155,-6602,-5214]],"id":664},{"properties":{"hex_id":"8829a1db33fffff"},"type":"Polygon","arcs":[[-4452,539,-3414,-4561,-5974,-2749]],"id":665},{"properties":{"hex_id":"8829a18409fffff"},"type":"Polygon","arcs":[[-6285,-3822,540,-7577,-4514,-1088]],"id":666},{"properties":{"hex_id":"8829a0a48dfffff"},"type":"Polygon","arcs":[[541,-5971,-10883,-8279,-9861,-8235]],"id":667},{"properties":{"hex_id":"8829a1d253fffff"},"type":"Polygon","arcs":[[542,-6643,543,544,-7597,-2233]],"id":668},{"properties":{"hex_id":"8829a18f39fffff"},"type":"Polygon","arcs":[[-1663,-6123,-4541,-2179,545,-3989]],"id":669},{"properties":{"hex_id":"8829a18931fffff"},"type":"Polygon","arcs":[[-3291,-4854,546,547,-4217,548]],"id":670},{"properties":{"hex_id":"8829a1d133fffff"},"type":"Polygon","arcs":[[-7951,549,-6928,550,-1427,-1867]],"id":671},{"properties":{"hex_id":"8829a56d35fffff"},"type":"Polygon","arcs":[[551,-8474,-7851,-7886,-1828,552]],"id":672},{"properties":{"hex_id":"8829a0a5cdfffff"},"type":"Polygon","arcs":[[-8253,-6827,-11483,-9621,-560,553]],"id":673},{"properties":{"hex_id":"8829a18d43fffff"},"type":"Polygon","arcs":[[-11260,-2297,554,-9326,-2617,-3116]],"id":674},{"properties":{"hex_id":"8829a1c769fffff"},"type":"Polygon","arcs":[[555,556,-8313,-1111,-6488,-2219]],"id":675},{"properties":{"hex_id":"8829a18ee7fffff"},"type":"Polygon","arcs":[[557,-4418,-7367]],"id":676},{"properties":{"hex_id":"8829a0a513fffff"},"type":"Polygon","arcs":[[558,559,-9625,-4938,560,-9918]],"id":677},{"properties":{"hex_id":"8829a189bdfffff"},"type":"Polygon","arcs":[[-10992,-578,-597,-7496,-2116,-1951]],"id":678},{"properties":{"hex_id":"8829a1c2ebfffff"},"type":"Polygon","arcs":[[561,562,-2442,-4260,-1252,-3639]],"id":679},{"properties":{"hex_id":"8829a198c1fffff"},"type":"Polygon","arcs":[[-6648,-880,-1619,-9115,-4437,-1059]],"id":680},{"properties":{"hex_id":"8829a10219fffff"},"type":"Polygon","arcs":[[-956,-6114,-9391,563,-6326,564]],"id":681},{"properties":{"hex_id":"8829a569d3fffff"},"type":"Polygon","arcs":[[-3986,-10596,565,-5639,-9953,-6958]],"id":682},{"properties":{"hex_id":"8829a1d4b3fffff"},"type":"Polygon","arcs":[[-6818,-7664,-8643,566,-590,-598]],"id":683},{"properties":{"hex_id":"8829a56911fffff"},"type":"Polygon","arcs":[[-9074,567,-6000,568,-7998]],"id":684},{"properties":{"hex_id":"8829a1105bfffff"},"type":"Polygon","arcs":[[569,-612,570,-3183,-2583]],"id":685},{"properties":{"hex_id":"8829a1dab3fffff"},"type":"Polygon","arcs":[[-5342,-4967,-3922,-2944,-9465,-5200]],"id":686},{"properties":{"hex_id":"8829a56aa1fffff"},"type":"Polygon","arcs":[[-687,-3359,-1096,-1005,-9421,-10073]],"id":687},{"properties":{"hex_id":"8829a568c5fffff"},"type":"Polygon","arcs":[[571,-11255,-2298,-5903,-10542,-7226]],"id":688},{"properties":{"hex_id":"8829a18b5bfffff"},"type":"Polygon","arcs":[[-10550,-4883,-6727,-6898,572]],"id":689},{"properties":{"hex_id":"8829a56dddfffff"},"type":"Polygon","arcs":[[-1936,573,-737,-7716,-1049,-6656]],"id":690},{"properties":{"hex_id":"8829a1d167fffff"},"type":"Polygon","arcs":[[-8504,-6888,-5039,-1918,-2352,574]],"id":691},{"properties":{"hex_id":"8829a5614dfffff"},"type":"Polygon","arcs":[[-1291,-5824,-3900,575]],"id":692},{"properties":{"hex_id":"8829a189b9fffff"},"type":"Polygon","arcs":[[-4843,-4236,576,-595,577,-10991]],"id":693},{"properties":{"hex_id":"8829a56087fffff"},"type":"Polygon","arcs":[[-11157,-8975,-8625,-8858,-912,-6297]],"id":694},{"properties":{"hex_id":"8829a199c3fffff"},"type":"Polygon","arcs":[[-6144,-3190,-5070,-1685,-2911,578]],"id":695},{"properties":{"hex_id":"8829a5601bfffff"},"type":"Polygon","arcs":[[-1710,-7494,579,-6477,-6940,580]],"id":696},{"properties":{"hex_id":"8829a56553fffff"},"type":"Polygon","arcs":[[-8947,581,582,-7805,583,-8114]],"id":697},{"properties":{"hex_id":"8829a188e3fffff"},"type":"Polygon","arcs":[[-5030,584,-4504,-2775,-11425,-1701]],"id":698},{"properties":{"hex_id":"8829a56ed3fffff"},"type":"Polygon","arcs":[[585,-1587,-8093,586,-814,-5194]],"id":699},{"properties":{"hex_id":"8829a18a17fffff"},"type":"Polygon","arcs":[[-5269,-8184,587,-3904,-8841,-5623]],"id":700},{"properties":{"hex_id":"8829a56513fffff"},"type":"Polygon","arcs":[[-625,-2209,-3000,-8283,-8518,-8206]],"id":701},{"properties":{"hex_id":"8829a56db7fffff"},"type":"Polygon","arcs":[[-6389,-11422,-701,-9881,-1327,588]],"id":702},{"properties":{"hex_id":"8829a1d4b7fffff"},"type":"Polygon","arcs":[[-599,589,590,591,-1816,592]],"id":703},{"properties":{"hex_id":"8829a181a7fffff"},"type":"Polygon","arcs":[[-2560,-5762,-11193,-2867,-11287,-1187]],"id":704},{"properties":{"hex_id":"8829a11463fffff"},"type":"Polygon","arcs":[[-4566,593,-4131,-2047]],"id":705},{"properties":{"hex_id":"8829a189b1fffff"},"type":"Polygon","arcs":[[594,595,-3800,-5887,-7497,596]],"id":706},{"properties":{"hex_id":"8829a1d4b1fffff"},"type":"Polygon","arcs":[[-4243,-6819,597,598,599,-7671]],"id":707},{"properties":{"hex_id":"8829a0adabfffff"},"type":"Polygon","arcs":[[-3300,-756,-1107,-10485,-5748,-7561]],"id":708},{"properties":{"hex_id":"8829a1d6c1fffff"},"type":"Polygon","arcs":[[-795,-3685,-1524,-2566,-8583,600]],"id":709},{"properties":{"hex_id":"8829a142cbfffff"},"type":"Polygon","arcs":[[-4718,-2278,-7996,-9037,601,602]],"id":710},{"properties":{"hex_id":"8829a1c2a5fffff"},"type":"Polygon","arcs":[[603,-7793,-7090,-3103,604,605]],"id":711},{"properties":{"hex_id":"8829a18d25fffff"},"type":"Polygon","arcs":[[-11123,-9840,-658,606,-7657,607]],"id":712},{"properties":{"hex_id":"8829a189ddfffff"},"type":"Polygon","arcs":[[608,-8856,-4092,-2970,609,-4465]],"id":713},{"properties":{"hex_id":"8829a112e7fffff"},"type":"Polygon","arcs":[[610,611,612]],"id":714},{"properties":{"hex_id":"8829a1d455fffff"},"type":"Polygon","arcs":[[-2346,-3097,-3351,-857,-2185,-1459]],"id":715},{"properties":{"hex_id":"8829a56235fffff"},"type":"Polygon","arcs":[[-964,-4282,-5913,613]],"id":716},{"properties":{"hex_id":"8829a1c269fffff"},"type":"Polygon","arcs":[[-1397,614,-745,-1304,-8365,615]],"id":717},{"properties":{"hex_id":"8829a18c67fffff"},"type":"Polygon","arcs":[[616,617,-2969,-2591,-6701,618]],"id":718},{"properties":{"hex_id":"8829a561d5fffff"},"type":"Polygon","arcs":[[-7966,-1616,619,-3523,-1438,620]],"id":719},{"properties":{"hex_id":"8829a1d963fffff"},"type":"Polygon","arcs":[[-3710,-10259,621,-1225,-2633,-1914]],"id":720},{"properties":{"hex_id":"8829a56c49fffff"},"type":"Polygon","arcs":[[622,-5823,-3467,-1629,-11341]],"id":721},{"properties":{"hex_id":"8829a1d403fffff"},"type":"Polygon","arcs":[[-858,-10460,-7177,-1557,-10380,-4221]],"id":722},{"properties":{"hex_id":"8829a5651bfffff"},"type":"Polygon","arcs":[[623,-8658,-2210,624,-8205,-7807]],"id":723},{"properties":{"hex_id":"8829a1c2a9fffff"},"type":"Polygon","arcs":[[-4262,-11153,-1729,-7789,625,626]],"id":724},{"properties":{"hex_id":"8829a1885bfffff"},"type":"Polygon","arcs":[[-3677,627,628,-1256,-982,-5210]],"id":725},{"properties":{"hex_id":"8829a1c21bfffff"},"type":"Polygon","arcs":[[-5047,629,-1248,630,-2504,-2471]],"id":726},{"properties":{"hex_id":"8829a0a587fffff"},"type":"Polygon","arcs":[[-2682,-3421,631,-10529,-698,632]],"id":727},{"properties":{"hex_id":"8829a18b4dfffff"},"type":"Polygon","arcs":[[-4428,633,-2275,-3894,-971,634]],"id":728},{"properties":{"hex_id":"8829a1d769fffff"},"type":"Polygon","arcs":[[-8491,-8719,-10522,-684,-1283,-718]],"id":729},{"properties":{"hex_id":"8829a14681fffff"},"type":"Polygon","arcs":[[-6104,-11215,-5288,-11012,635,636]],"id":730},{"properties":{"hex_id":"8829a1d695fffff"},"type":"Polygon","arcs":[[-1169,637,-849,638,-1631,-2696]],"id":731},{"properties":{"hex_id":"8829a1d035fffff"},"type":"Polygon","arcs":[[639,-8043,-1775,-3832,640,-6844]],"id":732},{"properties":{"hex_id":"8829a146a5fffff"},"type":"Polygon","arcs":[[641,-3758,-3288,-1102,642,-3739]],"id":733},{"properties":{"hex_id":"8829a1d1bdfffff"},"type":"Polygon","arcs":[[-7334,-980,-4840,-10156,-882,-702]],"id":734},{"properties":{"hex_id":"8829a569a7fffff"},"type":"Polygon","arcs":[[-5620,643,-4612,-5509,-1973,-6578]],"id":735},{"properties":{"hex_id":"8829a1d337fffff"},"type":"Polygon","arcs":[[644,-1857,645,-11437,646]],"id":736},{"properties":{"hex_id":"8829a11705fffff"},"type":"Polygon","arcs":[[647,-5327,-5136,-7400,-5024,-11502]],"id":737},{"properties":{"hex_id":"8829a1d2adfffff"},"type":"Polygon","arcs":[[-8942,-7433,-734,-6974,-1027,-2986]],"id":738},{"properties":{"hex_id":"8829a0ad83fffff"},"type":"Polygon","arcs":[[648,-3377,-876,-2099,-755,-5899]],"id":739},{"properties":{"hex_id":"8829a1da4bfffff"},"type":"Polygon","arcs":[[649,-9984,-1916,-4126,650]],"id":740},{"properties":{"hex_id":"8829a56f3dfffff"},"type":"Polygon","arcs":[[-7603,-910,651,-840,-853,-1118]],"id":741},{"properties":{"hex_id":"8829a1d04dfffff"},"type":"Polygon","arcs":[[652,-3579,653,-5073,654,-2500]],"id":742},{"properties":{"hex_id":"8829a18d27fffff"},"type":"Polygon","arcs":[[-9839,-10908,655,-8695,656,657]],"id":743},{"properties":{"hex_id":"8829a18f37fffff"},"type":"Polygon","arcs":[[-2181,658,-10740,-2294,-11258,659]],"id":744},{"properties":{"hex_id":"8829a0a689fffff"},"type":"Polygon","arcs":[[-1942,660,-5445,-2082,661,-4333]],"id":745},{"properties":{"hex_id":"8829a56ab1fffff"},"type":"Polygon","arcs":[[-2487,-9652,-9967,-757,-1086,-1080]],"id":746},{"properties":{"hex_id":"8829a11551fffff"},"type":"Polygon","arcs":[[662,-4544,663,-3472,-4285]],"id":747},{"properties":{"hex_id":"8829a18865fffff"},"type":"Polygon","arcs":[[664,-3374,665,666,-9514,-2871]],"id":748},{"properties":{"hex_id":"8829a1d305fffff"},"type":"Polygon","arcs":[[-4444,-2964,-1277,667,668,-2528]],"id":749},{"properties":{"hex_id":"8829a56cd9fffff"},"type":"Polygon","arcs":[[-2143,-9363,-10314,-7037,-8407,-5355]],"id":750},{"properties":{"hex_id":"8829a56521fffff"},"type":"Polygon","arcs":[[-2030,-1389,-911,-9174,-6212,-3534]],"id":751},{"properties":{"hex_id":"8829a1d541fffff"},"type":"Polygon","arcs":[[-4356,-2996,-4572,669,-3608,-6523]],"id":752},{"properties":{"hex_id":"8829a56191fffff"},"type":"Polygon","arcs":[[-5351,-7982,670,-5186,-9731,671]],"id":753},{"properties":{"hex_id":"8829a18889fffff"},"type":"Polygon","arcs":[[672,-7930,-2079,673,-1443]],"id":754},{"properties":{"hex_id":"8829a56017fffff"},"type":"Polygon","arcs":[[-6942,-6480,-8319,674,-1057,-7571]],"id":755},{"properties":{"hex_id":"8829a1d931fffff"},"type":"Polygon","arcs":[[-2052,675,676,-4117,-4606]],"id":756},{"properties":{"hex_id":"8829a11507fffff"},"type":"Polygon","arcs":[[-3950,-6418,-1139,-6215,-9498,-6196]],"id":757},{"properties":{"hex_id":"8829a1d19dfffff"},"type":"Polygon","arcs":[[-1228,-4927,-6568,-918,-6459,-9597]],"id":758},{"properties":{"hex_id":"8829a18817fffff"},"type":"Polygon","arcs":[[-2429,677,-1233,678,679,-6792]],"id":759},{"properties":{"hex_id":"8829a56c63fffff"},"type":"Polygon","arcs":[[-8074,-1310,-7921,-4237,-4493,-4670]],"id":760},{"properties":{"hex_id":"8829a56e81fffff"},"type":"Polygon","arcs":[[-2721,680,681,-1517,682,-9748]],"id":761},{"properties":{"hex_id":"8829a1d761fffff"},"type":"Polygon","arcs":[[683,-10521,-10330,-8190,-7450,-1284]],"id":762},{"properties":{"hex_id":"8829a56a97fffff"},"type":"Polygon","arcs":[[-1449,-907,-7273,684,-9650,-2074]],"id":763},{"properties":{"hex_id":"8829a1db29fffff"},"type":"Polygon","arcs":[[-3067,-9675,-884,-2884,-7204,685]],"id":764},{"properties":{"hex_id":"8829a56aa9fffff"},"type":"Polygon","arcs":[[-1708,-4007,-3360,686,-10072,687]],"id":765},{"properties":{"hex_id":"8829a11599fffff"},"type":"Polygon","arcs":[[-2070,-1684,-2142,688,-5447]],"id":766},{"properties":{"hex_id":"8829a19885fffff"},"type":"Polygon","arcs":[[689,-5473,690,691,-10201,-732]],"id":767},{"properties":{"hex_id":"8829a57587fffff"},"type":"Polygon","arcs":[[-4446,692,-4053,693,694,-1063]],"id":768},{"properties":{"hex_id":"8829a1d521fffff"},"type":"Polygon","arcs":[[-1814,-10579,-7022,695,-5045,-4305]],"id":769},{"properties":{"hex_id":"8829a0a5abfffff"},"type":"Polygon","arcs":[[696,697,-10534,-10446,698,-822]],"id":770},{"properties":{"hex_id":"8829a56a4dfffff"},"type":"Polygon","arcs":[[-8047,-10297,-10199,699,-6518,-2053]],"id":771},{"properties":{"hex_id":"8829a1d759fffff"},"type":"Polygon","arcs":[[-11421,-4995,-9932,-3245,-9882,700]],"id":772},{"properties":{"hex_id":"8829a56d69fffff"},"type":"Polygon","arcs":[[-3185,-8515,-5480,-3344,-2125,-1598]],"id":773},{"properties":{"hex_id":"8829a1d1abfffff"},"type":"Polygon","arcs":[[-4865,-7335,701,-881,-8921,-7354]],"id":774},{"properties":{"hex_id":"8829a1c247fffff"},"type":"Polygon","arcs":[[-1381,-1545,-4815,-10222,-744,702]],"id":775},{"properties":{"hex_id":"8829a1880bfffff"},"type":"Polygon","arcs":[[-5463,703,-2111,-6087,-2156,704]],"id":776},{"properties":{"hex_id":"8829a146a3fffff"},"type":"Polygon","arcs":[[-9588,-2903,-5455,-8432,-3285,-3756]],"id":777},{"properties":{"hex_id":"8829a1d70bfffff"},"type":"Polygon","arcs":[[-5302,-2724,-2826,-6360,-4517,705]],"id":778},{"properties":{"hex_id":"8829a56f2dfffff"},"type":"Polygon","arcs":[[706,707,708,-8846,-1218,-1156]],"id":779},{"properties":{"hex_id":"8829a18dcdfffff"},"type":"Polygon","arcs":[[709,710,-1190,-10696,-3700,-1352]],"id":780},{"properties":{"hex_id":"8829a56297fffff"},"type":"Polygon","arcs":[[711,712,713,-10995,714,-5143]],"id":781},{"properties":{"hex_id":"8829a10305fffff"},"type":"Polygon","arcs":[[-7803,715]],"id":782},{"properties":{"hex_id":"8829a1d297fffff"},"type":"Polygon","arcs":[[716,-8492,717,-1282,-2432,-2332]],"id":783},{"properties":{"hex_id":"8829a0ac2bfffff"},"type":"Polygon","arcs":[[-7523,718,-722,-4743,-3693,-11372]],"id":784},{"properties":{"hex_id":"8829a0ac3dfffff"},"type":"Polygon","arcs":[[719,-5482,-8222,720,-4744,721]],"id":785},{"properties":{"hex_id":"8829a19987fffff"},"type":"Polygon","arcs":[[-6317,-4909,-7519,-2389,-9150,722]],"id":786},{"properties":{"hex_id":"8829a0a683fffff"},"type":"Polygon","arcs":[[-5443,-3253,-1342,-5127,-5580,-2083]],"id":787},{"properties":{"hex_id":"8829a11527fffff"},"type":"Polygon","arcs":[[-1012,-8770,-2553,-7486,-9387,-6113]],"id":788},{"properties":{"hex_id":"8829a18d51fffff"},"type":"Polygon","arcs":[[-10738,-6704,-1092,-3006,723,-2295]],"id":789},{"properties":{"hex_id":"8829a568a3fffff"},"type":"Polygon","arcs":[[-5285,-3745,-4472,-3605,-3746,-10359]],"id":790},{"properties":{"hex_id":"8829a0a41dfffff"},"type":"Polygon","arcs":[[724,-11294,725,-5111,-3806]],"id":791},{"properties":{"hex_id":"8829a1d537fffff"},"type":"Polygon","arcs":[[-5337,-6984,726,-1646]],"id":792},{"properties":{"hex_id":"8829a11233fffff"},"type":"Polygon","arcs":[[-1575,727,728,-2581,-6034,-4289]],"id":793},{"properties":{"hex_id":"8829a1846bfffff"},"type":"Polygon","arcs":[[729,-1089,-4515,-7764,-4794,-6405]],"id":794},{"properties":{"hex_id":"8829a1d505fffff"},"type":"Polygon","arcs":[[-9684,-3047,-1048,-10575,-1813,-11391]],"id":795},{"properties":{"hex_id":"8829a198e3fffff"},"type":"Polygon","arcs":[[-2072,730,731,-10200,-1699,-3089]],"id":796},{"properties":{"hex_id":"8829a1c069fffff"},"type":"Polygon","arcs":[[-2733,-1176,-1154,-3724,-1665,-3403]],"id":797},{"properties":{"hex_id":"8829a1c259fffff"},"type":"Polygon","arcs":[[-10482,-7763,-1894,-7636,732,-7770]],"id":798},{"properties":{"hex_id":"8829a1c315fffff"},"type":"Polygon","arcs":[[-1946,-1873,-3406,-2660,-2655,-8811]],"id":799},{"properties":{"hex_id":"8829a1d2a1fffff"},"type":"Polygon","arcs":[[-7432,-9823,-9951,-1333,-6975,733]],"id":800},{"properties":{"hex_id":"8829a56a59fffff"},"type":"Polygon","arcs":[[-824,-5152,-10137,-3766,-1078,-11447]],"id":801},{"properties":{"hex_id":"8829a56dd1fffff"},"type":"Polygon","arcs":[[734,-1644,735,-4655,-7717,736]],"id":802},{"properties":{"hex_id":"8829a1d6b3fffff"},"type":"Polygon","arcs":[[737,738,-3155,-8887,-2626,739]],"id":803},{"properties":{"hex_id":"8829a18aabfffff"},"type":"Polygon","arcs":[[-8064,-1831,-1224,740,-6787]],"id":804},{"properties":{"hex_id":"8829a1d5c3fffff"},"type":"Polygon","arcs":[[-7683,-3332,-3065,-4945,741,-7245]],"id":805},{"properties":{"hex_id":"8829a1c26bfffff"},"type":"Polygon","arcs":[[742,743,-10227,-1014,-1305,744]],"id":806},{"properties":{"hex_id":"8829a109e1fffff"},"type":"Polygon","arcs":[[-4862,745,-1033,746,-3389,747]],"id":807},{"properties":{"hex_id":"8829a1809dfffff"},"type":"Polygon","arcs":[[748,749]],"id":808},{"properties":{"hex_id":"8829a11487fffff"},"type":"Polygon","arcs":[[750]],"id":809},{"properties":{"hex_id":"8829a1d53bfffff"},"type":"Polygon","arcs":[[-5570,-5684,-3698,-6980,-5336,-1000]],"id":810},{"properties":{"hex_id":"8829a10983fffff"},"type":"Polygon","arcs":[[751,-8002,-922]],"id":811},{"properties":{"hex_id":"8829a56e3dfffff"},"type":"Polygon","arcs":[[-10432,752,-2580,753,-5089]],"id":812},{"properties":{"hex_id":"8829a1d057fffff"},"type":"Polygon","arcs":[[-10129,-1028,-3825,-7025,-2811,-1925]],"id":813},{"properties":{"hex_id":"8829a18f4bfffff"},"type":"Polygon","arcs":[[-4032,-6969,-8677,-10281,-6768,-11190]],"id":814},{"properties":{"hex_id":"8829a0ad87fffff"},"type":"Polygon","arcs":[[-5900,754,-2104,-1106,755,-3299]],"id":815},{"properties":{"hex_id":"8829a56ab7fffff"},"type":"Polygon","arcs":[[756,-9966,-9560,-2746,-1848,-1087]],"id":816},{"properties":{"hex_id":"8829a1c057fffff"},"type":"Polygon","arcs":[[757,758,759,-1874,-5413,-9068]],"id":817},{"properties":{"hex_id":"8829a56981fffff"},"type":"Polygon","arcs":[[760,-916,-2689,-2024,761,-2322]],"id":818},{"properties":{"hex_id":"8829a56c93fffff"},"type":"Polygon","arcs":[[-10847,-10466,762,763,-9780,764]],"id":819},{"properties":{"hex_id":"8829a14517fffff"},"type":"Polygon","arcs":[[-6189,-936,765]],"id":820},{"properties":{"hex_id":"8829a112c5fffff"},"type":"Polygon","arcs":[[-8698,766,767,768,769,-9728]],"id":821},{"properties":{"hex_id":"8829a1d22dfffff"},"type":"Polygon","arcs":[[-1127,770,-4952,-6870,-4630,-7944]],"id":822},{"properties":{"hex_id":"8829a56e2dfffff"},"type":"Polygon","arcs":[[-10033,-8597,771,-7675,-3165,-947]],"id":823},{"properties":{"hex_id":"8829a1c347fffff"},"type":"Polygon","arcs":[[-4955,-4488,-2088,772,773,-5564]],"id":824},{"properties":{"hex_id":"8829a56733fffff"},"type":"Polygon","arcs":[[774,-8401,775,-7504]],"id":825},{"properties":{"hex_id":"8829a569ebfffff"},"type":"Polygon","arcs":[[-2123,-1338,-2325,-2256,776,-7482]],"id":826},{"properties":{"hex_id":"8829a56515fffff"},"type":"Polygon","arcs":[[777,-8207,-8522,-1271,-1530,778]],"id":827},{"properties":{"hex_id":"8829a14129fffff"},"type":"Polygon","arcs":[[779,-6529,780,-1201,-3178]],"id":828},{"properties":{"hex_id":"8829a1734bfffff"},"type":"Polygon","arcs":[[781,-4615,-9198,-7644]],"id":829},{"properties":{"hex_id":"8829a18c6dfffff"},"type":"Polygon","arcs":[[-1920,-4691,782,783,784,-4538]],"id":830},{"properties":{"hex_id":"8829a1da09fffff"},"type":"Polygon","arcs":[[-1917,-2213,-1214,-9099,-1362,-2044]],"id":831},{"properties":{"hex_id":"8829a0a6a7fffff"},"type":"Polygon","arcs":[[785,-11005,786,-10818,-11308,787]],"id":832},{"properties":{"hex_id":"8829a1890dfffff"},"type":"Polygon","arcs":[[788,-8130,-3129,-3721,-6550,-8552]],"id":833},{"properties":{"hex_id":"8829a560ebfffff"},"type":"Polygon","arcs":[[-4641,789,-3975,-11296,790,-8316]],"id":834},{"properties":{"hex_id":"8829a18a49fffff"},"type":"Polygon","arcs":[[-11179,-4241,791,792,-867,-3479]],"id":835},{"properties":{"hex_id":"8829a1d6c9fffff"},"type":"Polygon","arcs":[[793,-5726,-3686,794,795,-886]],"id":836},{"properties":{"hex_id":"8829a1d43dfffff"},"type":"Polygon","arcs":[[-10382,-1560,-1082,-5919,-6351,-1066]],"id":837},{"properties":{"hex_id":"8829a560c3fffff"},"type":"Polygon","arcs":[[796,-7777,-11050,-10974,797,-1987]],"id":838},{"properties":{"hex_id":"8829a56d8bfffff"},"type":"Polygon","arcs":[[-7719,-4659,-2557,-8497,798,-9432]],"id":839},{"properties":{"hex_id":"8829a56d55fffff"},"type":"Polygon","arcs":[[799,800,-8141,-3933,-3959,801]],"id":840},{"properties":{"hex_id":"8829a1c14dfffff"},"type":"Polygon","arcs":[[-2727,-10727,802]],"id":841},{"properties":{"hex_id":"8829a56739fffff"},"type":"Polygon","arcs":[[-1834,803,-7502,-5531,-1142]],"id":842},{"properties":{"hex_id":"8829a18f29fffff"},"type":"Polygon","arcs":[[-8692,804,-8802,-9355,-1487,-1030]],"id":843},{"properties":{"hex_id":"8829a575a7fffff"},"type":"Polygon","arcs":[[-1890,-6055,805,-4898,-6218,-7031]],"id":844},{"properties":{"hex_id":"8829a18a0bfffff"},"type":"Polygon","arcs":[[-7615,806,-10061,807,-7168]],"id":845},{"properties":{"hex_id":"8829a0a597fffff"},"type":"Polygon","arcs":[[808,-1287,-1067,-10183,-1592,809]],"id":846},{"properties":{"hex_id":"8829a1845dfffff"},"type":"Polygon","arcs":[[-931,810,-3819,-6283,811]],"id":847},{"properties":{"hex_id":"8829a15539fffff"},"type":"Polygon","arcs":[[-4920,-1955,812]],"id":848},{"properties":{"hex_id":"8829a56ed7fffff"},"type":"Polygon","arcs":[[-5195,813,814,815,816,817]],"id":849},{"properties":{"hex_id":"8829a115e7fffff"},"type":"Polygon","arcs":[[-7066,-2860,818,-4779,-8751]],"id":850},{"properties":{"hex_id":"8829a1d8d5fffff"},"type":"Polygon","arcs":[[-2950,-2640,-2832,819,-3886,-1303]],"id":851},{"properties":{"hex_id":"8829a0a5a9fffff"},"type":"Polygon","arcs":[[-11146,820,821,822,-9551,-4169]],"id":852},{"properties":{"hex_id":"8829a578b3fffff"},"type":"Polygon","arcs":[[-8029,-2953,-5153,823,-11446,-9383]],"id":853},{"properties":{"hex_id":"8829a11343fffff"},"type":"Polygon","arcs":[[-3810,824,-4255,-2445,-10833,-2062]],"id":854},{"properties":{"hex_id":"8829a1db53fffff"},"type":"Polygon","arcs":[[-2006,825,826,-3678,-6309,-4257]],"id":855},{"properties":{"hex_id":"8829a1d51bfffff"},"type":"Polygon","arcs":[[-1279,-3508,-8265,827,-1319,828]],"id":856},{"properties":{"hex_id":"8829a19a35fffff"},"type":"Polygon","arcs":[[-10080,-2204,-4734,-5317,-3157,829]],"id":857},{"properties":{"hex_id":"8829a18c31fffff"},"type":"Polygon","arcs":[[830,-3963,831]],"id":858},{"properties":{"hex_id":"8829a19a63fffff"},"type":"Polygon","arcs":[[832,-2916,-2779,833]],"id":859},{"properties":{"hex_id":"8829a56a19fffff"},"type":"Polygon","arcs":[[-2694,-5981,834,835,-4904]],"id":860},{"properties":{"hex_id":"8829a56c17fffff"},"type":"Polygon","arcs":[[-9312,-9142,-6865,-10342,836,-3214]],"id":861},{"properties":{"hex_id":"8829a0a401fffff"},"type":"Polygon","arcs":[[-3807,-5113,837]],"id":862},{"properties":{"hex_id":"8829a56d9bfffff"},"type":"Polygon","arcs":[[838,-5393,-3355,-2453,-2367,-1044]],"id":863},{"properties":{"hex_id":"8829a56f35fffff"},"type":"Polygon","arcs":[[839,840,841,-1328,842,-854]],"id":864},{"properties":{"hex_id":"8829a1d957fffff"},"type":"Polygon","arcs":[[-7124,843,-1437,-4431,844,-7540]],"id":865},{"properties":{"hex_id":"8829a1d697fffff"},"type":"Polygon","arcs":[[845,-972,-7547,846,847,848]],"id":866},{"properties":{"hex_id":"8829a5682bfffff"},"type":"Polygon","arcs":[[-8620,-3270,849,-3446,850,851]],"id":867},{"properties":{"hex_id":"8829a56f23fffff"},"type":"Polygon","arcs":[[-1119,852,853,854,-5290,855]],"id":868},{"properties":{"hex_id":"8829a1d40bfffff"},"type":"Polygon","arcs":[[856,-3350,-10461,857,-4220,-2186]],"id":869},{"properties":{"hex_id":"8829a0acc1fffff"},"type":"Polygon","arcs":[[-10443,858,-3842,859,-2342,860]],"id":870},{"properties":{"hex_id":"8829a56dbbfffff"},"type":"Polygon","arcs":[[861,-11038,-7174,-11418,-6388,-1385]],"id":871},{"properties":{"hex_id":"8829a1136bfffff"},"type":"Polygon","arcs":[[-3501,-10836,862,863,-10175,-3554]],"id":872},{"properties":{"hex_id":"8829a56d2bfffff"},"type":"Polygon","arcs":[[-1477,-3866,864,865,-1195,-2095]],"id":873},{"properties":{"hex_id":"8829a18a4dfffff"},"type":"Polygon","arcs":[[-3480,866,867,868]],"id":874},{"properties":{"hex_id":"8829a1443dfffff"},"type":"Polygon","arcs":[[-1540,869,-1923,870,871,-2842]],"id":875},{"properties":{"hex_id":"8829a18e55fffff"},"type":"Polygon","arcs":[[-5346,-6005,872,-9279,-5630,873]],"id":876},{"properties":{"hex_id":"8829a1db5dfffff"},"type":"Polygon","arcs":[[-1638,-5528,-4259,-1191,-7091,-9476]],"id":877},{"properties":{"hex_id":"8829a18c51fffff"},"type":"Polygon","arcs":[[-4420,874]],"id":878},{"properties":{"hex_id":"8829a0ad95fffff"},"type":"Polygon","arcs":[[-3376,-8615,-9719,-2021,-2100,875]],"id":879},{"properties":{"hex_id":"8829a154b3fffff"},"type":"Polygon","arcs":[[876,-1706,-1466,-4660,877,-2586]],"id":880},{"properties":{"hex_id":"8829a198cbfffff"},"type":"Polygon","arcs":[[-1736,878,-3623,-1617,879,-6647]],"id":881},{"properties":{"hex_id":"8829a1d1a3fffff"},"type":"Polygon","arcs":[[880,881,-10161,-5846,-5308,-8922]],"id":882},{"properties":{"hex_id":"8829a1db2bfffff"},"type":"Polygon","arcs":[[-9674,882,-939,-5874,-2885,883]],"id":883},{"properties":{"hex_id":"8829a19927fffff"},"type":"Polygon","arcs":[[-4594,884,885,886,-10363,887]],"id":884},{"properties":{"hex_id":"8829a0ae83fffff"},"type":"Polygon","arcs":[[888,889,-9665,-4580,890]],"id":885},{"properties":{"hex_id":"8829a56c23fffff"},"type":"Polygon","arcs":[[-9695,-6413,-976,-2932,-4140,-1334]],"id":886},{"properties":{"hex_id":"8829a560a7fffff"},"type":"Polygon","arcs":[[-1070,-968,-4592,891,-7980,-2191]],"id":887},{"properties":{"hex_id":"8829a1d61dfffff"},"type":"Polygon","arcs":[[892,-3366,-10609,893,-9800,-6575]],"id":888},{"properties":{"hex_id":"8829a14223fffff"},"type":"Polygon","arcs":[[894,-7916,-2762,-2310,-2249,895]],"id":889},{"properties":{"hex_id":"8829a1d883fffff"},"type":"Polygon","arcs":[[896,-7787,897]],"id":890},{"properties":{"hex_id":"8829a11465fffff"},"type":"Polygon","arcs":[[-1882,-2048,-4133,898]],"id":891},{"properties":{"hex_id":"8829a1c733fffff"},"type":"Polygon","arcs":[[-8758,-2424,899,-5096]],"id":892},{"properties":{"hex_id":"8829a1d557fffff"},"type":"Polygon","arcs":[[-5740,-1099,900,-5456,-2064,-2619]],"id":893},{"properties":{"hex_id":"8829a1d9d9fffff"},"type":"Polygon","arcs":[[-8371,-8648,901,902]],"id":894},{"properties":{"hex_id":"8829a56831fffff"},"type":"Polygon","arcs":[[903,-3830,-8009,-10910,-2547,904]],"id":895},{"properties":{"hex_id":"8829a56a93fffff"},"type":"Polygon","arcs":[[-9210,905,-4981,-7268,906,-1448]],"id":896},{"properties":{"hex_id":"8829a1d8cdfffff"},"type":"Polygon","arcs":[[-4022,-3037,-4704,907]],"id":897},{"properties":{"hex_id":"8829a56f39fffff"},"type":"Polygon","arcs":[[-7344,-11076,-11022,908,909,-7602]],"id":898},{"properties":{"hex_id":"8829a56523fffff"},"type":"Polygon","arcs":[[-1388,-11488,-2041,-1346,-9175,910]],"id":899},{"properties":{"hex_id":"8829a560abfffff"},"type":"Polygon","arcs":[[-6298,911,-8862,-967,-1068,-1159]],"id":900},{"properties":{"hex_id":"8829a0375bfffff"},"type":"Polygon","arcs":[[-1170,-3603,912,913]],"id":901},{"properties":{"hex_id":"8829a5698bfffff"},"type":"Polygon","arcs":[[-6515,-9956,914,-2685,915,916]],"id":902},{"properties":{"hex_id":"8829a1d195fffff"},"type":"Polygon","arcs":[[917,-6567,918,-1741,-979,-6460]],"id":903},{"properties":{"hex_id":"8829a18181fffff"},"type":"Polygon","arcs":[[-4247,-1110,-6879,-7239,919]],"id":904},{"properties":{"hex_id":"8829a10981fffff"},"type":"Polygon","arcs":[[920,921,-8001,-2420,-1321]],"id":905},{"properties":{"hex_id":"8829a1988bfffff"},"type":"Polygon","arcs":[[922,-10648,923,-2337,-5470,-1764]],"id":906},{"properties":{"hex_id":"8829a18329fffff"},"type":"Polygon","arcs":[[-2862,-1024,924,-9121,-6339,-3777]],"id":907},{"properties":{"hex_id":"8829a188e5fffff"},"type":"Polygon","arcs":[[925,-1702,-11429,-1906,-8853,-3918]],"id":908},{"properties":{"hex_id":"8829a1da33fffff"},"type":"Polygon","arcs":[[926,927,-4600,-2806,-1137,-2879]],"id":909},{"properties":{"hex_id":"8829a18459fffff"},"type":"Polygon","arcs":[[928,-9250,-5222,929,930,931]],"id":910},{"properties":{"hex_id":"8829a1d0edfffff"},"type":"Polygon","arcs":[[-3494,-3266,-3297,932,-8098,933]],"id":911},{"properties":{"hex_id":"8829a145e9fffff"},"type":"Polygon","arcs":[[-6188,-9858,934,935]],"id":912},{"properties":{"hex_id":"8829a5666dfffff"},"type":"Polygon","arcs":[[936,-3107,-1721]],"id":913},{"properties":{"hex_id":"8829a1db3dfffff"},"type":"Polygon","arcs":[[937,-11337,-2751,-987,-5875,938]],"id":914},{"properties":{"hex_id":"8829a1c683fffff"},"type":"Polygon","arcs":[[939,-11091,-5713,-1653,-2222,940]],"id":915},{"properties":{"hex_id":"8829a56569fffff"},"type":"Polygon","arcs":[[941,-3817,942,-2848]],"id":916},{"properties":{"hex_id":"8829a1d08dfffff"},"type":"Polygon","arcs":[[943,-11135,-5721,944,-2782,-2797]],"id":917},{"properties":{"hex_id":"8829a57527fffff"},"type":"Polygon","arcs":[[945,-2385,-2279,-3560,-1184]],"id":918},{"properties":{"hex_id":"8829a56f5bfffff"},"type":"Polygon","arcs":[[-4293,-10034,946,-3164,-4093,947]],"id":919},{"properties":{"hex_id":"8829a56d1bfffff"},"type":"Polygon","arcs":[[-10453,-4143,948,949,950,-9867]],"id":920},{"properties":{"hex_id":"8829a18d37fffff"},"type":"Polygon","arcs":[[951,-2875,952,953,-2740]],"id":921},{"properties":{"hex_id":"8829a0add1fffff"},"type":"Polygon","arcs":[[-7128,-8337,-5523,-5294,-8893,-6964]],"id":922},{"properties":{"hex_id":"8829a10253fffff"},"type":"Polygon","arcs":[[-2013,954,-6115,955,956,-3591]],"id":923},{"properties":{"hex_id":"8829a10917fffff"},"type":"Polygon","arcs":[[957,-4864,958,-4197,-4269]],"id":924},{"properties":{"hex_id":"8829a0ad8dfffff"},"type":"Polygon","arcs":[[-7339,-1480,-5902,-3298,-2672,-7300]],"id":925},{"properties":{"hex_id":"8829a19825fffff"},"type":"Polygon","arcs":[[-1115,-10773,-9157,-4412,-6180,959]],"id":926},{"properties":{"hex_id":"8829a181d1fffff"},"type":"Polygon","arcs":[[-4829,-1757,-1157,960]],"id":927},{"properties":{"hex_id":"8829a5623dfffff"},"type":"Polygon","arcs":[[961,962,-4283,963,964,965]],"id":928},{"properties":{"hex_id":"8829a560a3fffff"},"type":"Polygon","arcs":[[966,-8861,-4016,-4589,967,-1069]],"id":929},{"properties":{"hex_id":"8829a0a5ddfffff"},"type":"Polygon","arcs":[[-8978,-6324,968,-7435,-1853]],"id":930},{"properties":{"hex_id":"8829a1d0a3fffff"},"type":"Polygon","arcs":[[-3542,-9045,-4645,-2596,-10424,-8547]],"id":931},{"properties":{"hex_id":"8829a1d693fffff"},"type":"Polygon","arcs":[[969,970,-3897,-7543,971,972]],"id":932},{"properties":{"hex_id":"8829a0acd7fffff"},"type":"Polygon","arcs":[[973,-6266,-6592,-5409,-5585,-6920]],"id":933},{"properties":{"hex_id":"8829a1d625fffff"},"type":"Polygon","arcs":[[-2845,-6696,-1723,-3195,-9236,-1478]],"id":934},{"properties":{"hex_id":"8829a56a05fffff"},"type":"Polygon","arcs":[[-5171,-2038,974,-1998,-4373,-9628]],"id":935},{"properties":{"hex_id":"8829a56c35fffff"},"type":"Polygon","arcs":[[-6412,-3018,-1937,-6654,-2933,975]],"id":936},{"properties":{"hex_id":"8829a1d593fffff"},"type":"Polygon","arcs":[[-7699,976,-7077,977,-7195,-5892]],"id":937},{"properties":{"hex_id":"8829a1d1b9fffff"},"type":"Polygon","arcs":[[-6461,978,-1743,-4836,979,-7333]],"id":938},{"properties":{"hex_id":"8829a18843fffff"},"type":"Polygon","arcs":[[-4329,-7714,-5465,980,-5213,-2897]],"id":939},{"properties":{"hex_id":"8829a18851fffff"},"type":"Polygon","arcs":[[-5211,981,-1259,982,-5461,-7712]],"id":940},{"properties":{"hex_id":"8829a11099fffff"},"type":"Polygon","arcs":[[-1373,-2717,-2248,983,-1903]],"id":941},{"properties":{"hex_id":"8829a1c32bfffff"},"type":"Polygon","arcs":[[-2154,-3587,984,-5123,-5938,-8440]],"id":942},{"properties":{"hex_id":"8829a17369fffff"},"type":"Polygon","arcs":[[-9287,-7007,-2676,985,-8036,-3764]],"id":943},{"properties":{"hex_id":"8829a1db35fffff"},"type":"Polygon","arcs":[[986,-2750,-5977,-3687,-9492,-5876]],"id":944},{"properties":{"hex_id":"8829a5688bfffff"},"type":"Polygon","arcs":[[-6809,-1133,987,988,-5137,-5745]],"id":945},{"properties":{"hex_id":"8829a5650dfffff"},"type":"Polygon","arcs":[[989,-3752,-7424,-5433,-2707,990]],"id":946},{"properties":{"hex_id":"8829a18f09fffff"},"type":"Polygon","arcs":[[-10284,-7878,-7185,-9343,-3011,-6424]],"id":947},{"properties":{"hex_id":"8829a56ea9fffff"},"type":"Polygon","arcs":[[-2774,991,-6241,992,-6071,-7898]],"id":948},{"properties":{"hex_id":"8829a18195fffff"},"type":"Polygon","arcs":[[-11084,-1238,-10004,-2405,-4350,-1109]],"id":949},{"properties":{"hex_id":"8829a14427fffff"},"type":"Polygon","arcs":[[-4696,993,-3575,-2450,994,995]],"id":950},{"properties":{"hex_id":"8829a1d367fffff"},"type":"Polygon","arcs":[[-3173,-2530,996,-9834,997,-5489]],"id":951},{"properties":{"hex_id":"8829a0aecbfffff"},"type":"Polygon","arcs":[[-4914,-10499,-1795,-1784,-9296,998]],"id":952},{"properties":{"hex_id":"8829a56ec7fffff"},"type":"Polygon","arcs":[[-9078,-9324,-2722,-9746,-5706,-3203]],"id":953},{"properties":{"hex_id":"8829a1d539fffff"},"type":"Polygon","arcs":[[-5311,-5571,999,-5335,-4121,-1047]],"id":954},{"properties":{"hex_id":"8829a19865fffff"},"type":"Polygon","arcs":[[-3512,-4073,-8933,1000,-7263,-4317]],"id":955},{"properties":{"hex_id":"8829a0ae85fffff"},"type":"Polygon","arcs":[[1001,1002,-9633,-4960]],"id":956},{"properties":{"hex_id":"8829a1c2bbfffff"},"type":"Polygon","arcs":[[-7960,-2220,-6492,-5417,1003]],"id":957},{"properties":{"hex_id":"8829a1d105fffff"},"type":"Polygon","arcs":[[-1655,-3876,-5927,-1634,-5036,-6886]],"id":958},{"properties":{"hex_id":"8829a56aa7fffff"},"type":"Polygon","arcs":[[1004,-1095,-3087,1005,-6720,-9422]],"id":959},{"properties":{"hex_id":"8829a155d7fffff"},"type":"Polygon","arcs":[[-7250,-1361,-9897,-2609,-6061,-8057]],"id":960},{"properties":{"hex_id":"8829a1d091fffff"},"type":"Polygon","arcs":[[1006,-11141,-4989,1007,-3881,-4301]],"id":961},{"properties":{"hex_id":"8829a1c011fffff"},"type":"Polygon","arcs":[[1008,-3104,-4456,1009,-1876]],"id":962},{"properties":{"hex_id":"8829a11521fffff"},"type":"Polygon","arcs":[[1010,-9501,-8771,1011,-6112,1012]],"id":963},{"properties":{"hex_id":"8829a1c263fffff"},"type":"Polygon","arcs":[[1013,-10226,-6374,-1355,-9576,-1306]],"id":964},{"properties":{"hex_id":"8829a199adfffff"},"type":"Polygon","arcs":[[-1451,-10791,-10569,-1311,1014,-4846]],"id":965},{"properties":{"hex_id":"8829a578a3fffff"},"type":"Polygon","arcs":[[-3454,1015,1016,-10293,-8046,-4943]],"id":966},{"properties":{"hex_id":"8829a56ad7fffff"},"type":"Polygon","arcs":[[-10007,-10172,-1262,-3858,1017,-8996]],"id":967},{"properties":{"hex_id":"8829a1c451fffff"},"type":"Polygon","arcs":[[1018,1019,-4191,1020,-3707]],"id":968},{"properties":{"hex_id":"8829a18305fffff"},"type":"Polygon","arcs":[[-8744,-11209,1021,1022,1023,-2861]],"id":969},{"properties":{"hex_id":"8829a144cbfffff"},"type":"Polygon","arcs":[[-5454,-7654,1024,-2017,1025,-8434]],"id":970},{"properties":{"hex_id":"8829a1d053fffff"},"type":"Polygon","arcs":[[-2987,1026,-6979,-3823,1027,-10128]],"id":971},{"properties":{"hex_id":"8829a1db1dfffff"},"type":"Polygon","arcs":[[-6311,-3681,-7284,1028,-6613,-2515]],"id":972},{"properties":{"hex_id":"8829a18f67fffff"},"type":"Polygon","arcs":[[-7230,-8693,1029,-1486,-7141,-8081]],"id":973},{"properties":{"hex_id":"8829a109e3fffff"},"type":"Polygon","arcs":[[1030,-1322,-2421,-3048,1031,1032]],"id":974},{"properties":{"hex_id":"8829a57887fffff"},"type":"Polygon","arcs":[[-1410,1033,-3452,1034]],"id":975},{"properties":{"hex_id":"8829a18b1bfffff"},"type":"Polygon","arcs":[[-7319,-9642,-2638,-8562,-9350,-8916]],"id":976},{"properties":{"hex_id":"8829a1c657fffff"},"type":"Polygon","arcs":[[-3999,1035,-6951,1036,1037]],"id":977},{"properties":{"hex_id":"8829a1465dfffff"},"type":"Polygon","arcs":[[1038,-4663,1039,1040]],"id":978},{"properties":{"hex_id":"8829a56d99fffff"},"type":"Polygon","arcs":[[1041,1042,1043,-2366,-2554,-4657]],"id":979},{"properties":{"hex_id":"8829a18e69fffff"},"type":"Polygon","arcs":[[-9161,-2595,-5937,-4520,-1383,-10001]],"id":980},{"properties":{"hex_id":"8829a1d1ebfffff"},"type":"Polygon","arcs":[[1044,-9428,-10060,-6512,-9016,1045]],"id":981},{"properties":{"hex_id":"8829a1d507fffff"},"type":"Polygon","arcs":[[-3046,-5312,1046,-4120,-10576,1047]],"id":982},{"properties":{"hex_id":"8829a56dc3fffff"},"type":"Polygon","arcs":[[-6657,1048,-7720,-9430,-2172,-1768]],"id":983},{"properties":{"hex_id":"8829a1d357fffff"},"type":"Polygon","arcs":[[-2883,-4631,-9420,-2033,1049,-5669]],"id":984},{"properties":{"hex_id":"8829a56993fffff"},"type":"Polygon","arcs":[[1050,-6135,-7912,-2448,-7592,-10475]],"id":985},{"properties":{"hex_id":"8829a5628dfffff"},"type":"Polygon","arcs":[[1051,1052,-8988,-8989,-8428,-5100]],"id":986},{"properties":{"hex_id":"8829a110b7fffff"},"type":"Polygon","arcs":[[1053,-3041,-8320,-11183,-1129]],"id":987},{"properties":{"hex_id":"8829a1c691fffff"},"type":"Polygon","arcs":[[-7606,1054,-5710,-11089]],"id":988},{"properties":{"hex_id":"8829a1c70bfffff"},"type":"Polygon","arcs":[[-5610,-1205,-5386,1055,-7426,-6776]],"id":989},{"properties":{"hex_id":"8829a5603bfffff"},"type":"Polygon","arcs":[[-7572,1056,1057,-4790,-11456,-8052]],"id":990},{"properties":{"hex_id":"8829a198cdfffff"},"type":"Polygon","arcs":[[-5703,-6649,1058,-4436,-7310,-8152]],"id":991},{"properties":{"hex_id":"8829a1d4ddfffff"},"type":"Polygon","arcs":[[-2627,-8890,-3583,1059,-8791,-10917]],"id":992},{"properties":{"hex_id":"8829a56863fffff"},"type":"Polygon","arcs":[[-8736,-7189,-8622,1060,-1498,-4272]],"id":993},{"properties":{"hex_id":"8829a57585fffff"},"type":"Polygon","arcs":[[1061,-4447,1062,1063,-4818,-6630]],"id":994},{"properties":{"hex_id":"8829a1d42bfffff"},"type":"Polygon","arcs":[[1064,-10383,1065,-6350,-4749,-5004]],"id":995},{"properties":{"hex_id":"8829a1da69fffff"},"type":"Polygon","arcs":[[-1286,-2770,-11250,-6914,-10184,1066]],"id":996},{"properties":{"hex_id":"8829a560a1fffff"},"type":"Polygon","arcs":[[-1160,1067,1068,1069,-2190,1070]],"id":997},{"properties":{"hex_id":"8829a1026bfffff"},"type":"Polygon","arcs":[[-7255,1071,-11471,1072,-11236,-6177]],"id":998},{"properties":{"hex_id":"8829a1da83fffff"},"type":"Polygon","arcs":[[-4935,-1441,-1597,-5686,1073,-2888]],"id":999},{"properties":{"hex_id":"8829a562b7fffff"},"type":"Polygon","arcs":[[-9318,-3278,-1212,-7774,1074,-2284]],"id":1000},{"properties":{"hex_id":"8829a1d49dfffff"},"type":"Polygon","arcs":[[-4773,-2238,1075,-5274,1076]],"id":1001},{"properties":{"hex_id":"8829a56a5dfffff"},"type":"Polygon","arcs":[[-11448,1077,-3768,-10400,-2800,-2654]],"id":1002},{"properties":{"hex_id":"8829a56abdfffff"},"type":"Polygon","arcs":[[1078,-2488,1079,-1085,-1093,-3357]],"id":1003},{"properties":{"hex_id":"8829a1d431fffff"},"type":"Polygon","arcs":[[-1559,1080,-3142,-5920,1081]],"id":1004},{"properties":{"hex_id":"8829a189edfffff"},"type":"Polygon","arcs":[[-2601,1082,-1606,-2355,1083,-4852]],"id":1005},{"properties":{"hex_id":"8829a56ab5fffff"},"type":"Polygon","arcs":[[1084,1085,1086,-1847,-3084,-1094]],"id":1006},{"properties":{"hex_id":"8829a18447fffff"},"type":"Polygon","arcs":[[-6286,1087,-4513,1088,1089]],"id":1007},{"properties":{"hex_id":"8829a18d53fffff"},"type":"Polygon","arcs":[[-6703,-2593,1090,-7727,-3007,1091]],"id":1008},{"properties":{"hex_id":"8829a56aa3fffff"},"type":"Polygon","arcs":[[-3358,1092,1093,-3083,1094,1095]],"id":1009},{"properties":{"hex_id":"8829a1d0a9fffff"},"type":"Polygon","arcs":[[-2784,1096,-3543,-8545,-2158,-10091]],"id":1010},{"properties":{"hex_id":"8829a1d553fffff"},"type":"Polygon","arcs":[[-3914,-5794,-1281,1097,1098,-5739]],"id":1011},{"properties":{"hex_id":"8829a1c711fffff"},"type":"Polygon","arcs":[[-1472,1099,-3316,1100,-5106,-5383]],"id":1012},{"properties":{"hex_id":"8829a1441bfffff"},"type":"Polygon","arcs":[[1101,-3287,-2288,-1659,-3160,1102]],"id":1013},{"properties":{"hex_id":"8829a0a4b1fffff"},"type":"Polygon","arcs":[[-3995,-5228,-7799,1103,1104]],"id":1014},{"properties":{"hex_id":"8829a1d189fffff"},"type":"Polygon","arcs":[[-9689,-3284,-9600,-5742,-10056,-9427]],"id":1015},{"properties":{"hex_id":"8829a0adbdfffff"},"type":"Polygon","arcs":[[1105,-2103,-1582,-3976,-10486,1106]],"id":1016},{"properties":{"hex_id":"8829a11533fffff"},"type":"Polygon","arcs":[[-2521,-10264,-8754,1107,-3031,-11276]],"id":1017},{"properties":{"hex_id":"8829a18183fffff"},"type":"Polygon","arcs":[[-4246,-11085,1108,-4349,-6880,1109]],"id":1018},{"properties":{"hex_id":"8829a11245fffff"},"type":"Polygon","arcs":[[-4799,-7725,-1658,-8349,-11109,-7398]],"id":1019},{"properties":{"hex_id":"8829a1c761fffff"},"type":"Polygon","arcs":[[1110,-8312,1111,-10708,1112,-6489]],"id":1020},{"properties":{"hex_id":"8829a0a697fffff"},"type":"Polygon","arcs":[[1113,-10238,-4778,-3563,-1146,-1340]],"id":1021},{"properties":{"hex_id":"8829a1982dfffff"},"type":"Polygon","arcs":[[-8931,-5771,-10774,1114,1115,1116]],"id":1022},{"properties":{"hex_id":"8829a0acb1fffff"},"type":"Polygon","arcs":[[-2335,-2564,-2334,-5241,-5115,-2650]],"id":1023},{"properties":{"hex_id":"8829a56f2bfffff"},"type":"Polygon","arcs":[[-10013,-7604,1117,1118,1119,1120]],"id":1024},{"properties":{"hex_id":"8829a1d73bfffff"},"type":"Polygon","arcs":[[-1844,1121,-9581,1122,-2517]],"id":1025},{"properties":{"hex_id":"8829a19809fffff"},"type":"Polygon","arcs":[[-6275,1123,-4402,-7856,-4002,-5466]],"id":1026},{"properties":{"hex_id":"8829a1d267fffff"},"type":"Polygon","arcs":[[-2169,1124,1125,1126,-7943,-7410]],"id":1027},{"properties":{"hex_id":"8829a110b5fffff"},"type":"Polygon","arcs":[[-4083,1127,1128,-11182,-1957,-8157]],"id":1028},{"properties":{"hex_id":"8829a19ae7fffff"},"type":"Polygon","arcs":[[1129,-7097,-9773,-2462,-3718]],"id":1029},{"properties":{"hex_id":"8829a18807fffff"},"type":"Polygon","arcs":[[-2157,-6090,1130,-6838,-5077,-5650]],"id":1030},{"properties":{"hex_id":"8829a568d7fffff"},"type":"Polygon","arcs":[[-1679,-1219,-2571,1131,1132,-6808]],"id":1031},{"properties":{"hex_id":"8829a56a37fffff"},"type":"Polygon","arcs":[[-11415,1133,-8834,-4721,-6378,-3423]],"id":1032},{"properties":{"hex_id":"8829a1db6dfffff"},"type":"Polygon","arcs":[[1134,-6281,1135]],"id":1033},{"properties":{"hex_id":"8829a1da37fffff"},"type":"Polygon","arcs":[[-2880,1136,-2809,1137,-2058,-9226]],"id":1034},{"properties":{"hex_id":"8829a11539fffff"},"type":"Polygon","arcs":[[-6417,-4978,-2522,-11274,-6216,1138]],"id":1035},{"properties":{"hex_id":"8829a56e3bfffff"},"type":"Polygon","arcs":[[1139,-3654,-7386,-4249,-2578,1140]],"id":1036},{"properties":{"hex_id":"8829a56707fffff"},"type":"Polygon","arcs":[[-3783,-1835,1141,-5530,-3627,-2639]],"id":1037},{"properties":{"hex_id":"8829a56c8dfffff"},"type":"Polygon","arcs":[[-3644,1142,-9380,-1183,-7968,-11282]],"id":1038},{"properties":{"hex_id":"8829a0a5a5fffff"},"type":"Polygon","arcs":[[-9553,1143,-11435,-6222,-1368,-3514]],"id":1039},{"properties":{"hex_id":"8829a1425bfffff"},"type":"Polygon","arcs":[[1144]],"id":1040},{"properties":{"hex_id":"8829a0a6bbfffff"},"type":"Polygon","arcs":[[-1341,1145,-3565,-7013,-4921,-5129]],"id":1041},{"properties":{"hex_id":"8829a199d7fffff"},"type":"Polygon","arcs":[[-10688,1146,1147,-10240,-4735,-5067]],"id":1042},{"properties":{"hex_id":"8829a18c4bfffff"},"type":"Polygon","arcs":[[-2016,1148,1149,-7687,-3430]],"id":1043},{"properties":{"hex_id":"8829a56d33fffff"},"type":"Polygon","arcs":[[1150,-2838,1151,-3835,-7848,-8472]],"id":1044},{"properties":{"hex_id":"8829a1c06bfffff"},"type":"Polygon","arcs":[[-1175,-5517,1152,-3725,1153]],"id":1045},{"properties":{"hex_id":"8829a568dbfffff"},"type":"Polygon","arcs":[[-8226,1154,1155,-1217,-1677,-9557]],"id":1046},{"properties":{"hex_id":"8829a181d5fffff"},"type":"Polygon","arcs":[[1156,-1759,-4244,1157]],"id":1047},{"properties":{"hex_id":"8829a560a9fffff"},"type":"Polygon","arcs":[[-11299,-6299,1158,1159,1160,-2360]],"id":1048},{"properties":{"hex_id":"8829a19aa3fffff"},"type":"Polygon","arcs":[[-8955,-2931,-1737,-6645,-5702,-4800]],"id":1049},{"properties":{"hex_id":"8829a0a539fffff"},"type":"Polygon","arcs":[[1161,-3074,1162,-9006,-10890,-2001]],"id":1050},{"properties":{"hex_id":"8829a1c411fffff"},"type":"Polygon","arcs":[[1163,1164,1165,-1484]],"id":1051},{"properties":{"hex_id":"8829a1d69dfffff"},"type":"Polygon","arcs":[[1166,-2908,1167,1168,-2695,-4526]],"id":1052},{"properties":{"hex_id":"8829a03665fffff"},"type":"Polygon","arcs":[[-10778,-1880,-3604,1169,1170]],"id":1053},{"properties":{"hex_id":"8829a1d737fffff"},"type":"Polygon","arcs":[[1171,-9584,-2306,-8727,-2995,-9165]],"id":1054},{"properties":{"hex_id":"8829a1c357fffff"},"type":"Polygon","arcs":[[-2483,-6358,-8147,-1944,-11378,-4876]],"id":1055},{"properties":{"hex_id":"8829a11547fffff"},"type":"Polygon","arcs":[[-4892,-5260,1172,1173]],"id":1056},{"properties":{"hex_id":"8829a1c045fffff"},"type":"Polygon","arcs":[[-7118,-4034,-5518,1174,1175,-2732]],"id":1057},{"properties":{"hex_id":"8829a18a93fffff"},"type":"Polygon","arcs":[[-11289,-2869,-2009,1176,1177,-1746]],"id":1058},{"properties":{"hex_id":"8829a56e0dfffff"},"type":"Polygon","arcs":[[1178,-8671,1179,-3872,-7512,-3123]],"id":1059},{"properties":{"hex_id":"8829a1d601fffff"},"type":"Polygon","arcs":[[-9232,-6576,-9804,1180,1181,-1394]],"id":1060},{"properties":{"hex_id":"8829a56c85fffff"},"type":"Polygon","arcs":[[1182,-9379,-1289,-2317,-3432,-7969]],"id":1061},{"properties":{"hex_id":"8829a57525fffff"},"type":"Polygon","arcs":[[1183,-3559,-10229,1184]],"id":1062},{"properties":{"hex_id":"8829a1d509fffff"},"type":"Polygon","arcs":[[-4570,-2621,-2065,-3044,-9682,1185]],"id":1063},{"properties":{"hex_id":"8829a181a5fffff"},"type":"Polygon","arcs":[[-2512,-2561,1186,-11286,-3091,-4174]],"id":1064},{"properties":{"hex_id":"8829a11041fffff"},"type":"Polygon","arcs":[[-1628,-8715,1187,-5600,-3147,-4741]],"id":1065},{"properties":{"hex_id":"8829a18895fffff"},"type":"Polygon","arcs":[[-8478,-2495,-9036,-6554,-6014,-10716]],"id":1066},{"properties":{"hex_id":"8829a18dc1fffff"},"type":"Polygon","arcs":[[1188,-3192,-10697,1189]],"id":1067},{"properties":{"hex_id":"8829a1db55fffff"},"type":"Polygon","arcs":[[1190,-4258,-6313,-2514,-3801,-7092]],"id":1068},{"properties":{"hex_id":"8829a154b5fffff"},"type":"Polygon","arcs":[[1191,-2588,1192,1193,-3969,-5399]],"id":1069},{"properties":{"hex_id":"8829a56d21fffff"},"type":"Polygon","arcs":[[-2096,1194,1195,-3566,1196,-6641]],"id":1070},{"properties":{"hex_id":"8829a1c217fffff"},"type":"Polygon","arcs":[[-2506,1197,-3642,1198,-2642,-1673]],"id":1071},{"properties":{"hex_id":"8829a1d92bfffff"},"type":"Polygon","arcs":[[1199,-9222,-4609,-1229,-1621,-1227]],"id":1072},{"properties":{"hex_id":"8829a1412dfffff"},"type":"Polygon","arcs":[[-3179,1200,1201,-10746,-1767,1202]],"id":1073},{"properties":{"hex_id":"8829a1c757fffff"},"type":"Polygon","arcs":[[1203,-1473,-5381,1204,-5609]],"id":1074},{"properties":{"hex_id":"8829a19b0dfffff"},"type":"Polygon","arcs":[[-4386,-4682,1205,-9258,-8578,-5896]],"id":1075},{"properties":{"hex_id":"8829a0ade7fffff"},"type":"Polygon","arcs":[[-4623,-2673,-7563,-9985,1206]],"id":1076},{"properties":{"hex_id":"8829a1d83dfffff"},"type":"Polygon","arcs":[[1207,-11040,1208,-8355]],"id":1077},{"properties":{"hex_id":"8829a56037fffff"},"type":"Polygon","arcs":[[-11458,-4793,-6295,-7963,1209]],"id":1078},{"properties":{"hex_id":"8829a560d9fffff"},"type":"Polygon","arcs":[[-3277,-2603,-9030,1210,-7775,1211]],"id":1079},{"properties":{"hex_id":"8829a56c69fffff"},"type":"Polygon","arcs":[[1212,-1751,-8076,-4669,-1714,-3053]],"id":1080},{"properties":{"hex_id":"8829a1da0bfffff"},"type":"Polygon","arcs":[[-2212,-1570,-7882,-3464,-9100,1213]],"id":1081},{"properties":{"hex_id":"8829a155cbfffff"},"type":"Polygon","arcs":[[1214,1215,-4011,-1534,-1947]],"id":1082},{"properties":{"hex_id":"8829a568d3fffff"},"type":"Polygon","arcs":[[1216,1217,-8851,-2569,1218,-1678]],"id":1083},{"properties":{"hex_id":"8829a1db17fffff"},"type":"Polygon","arcs":[[-7282,1219,-8416,1220,-4450,1221]],"id":1084},{"properties":{"hex_id":"8829a18abdfffff"},"type":"Polygon","arcs":[[-1830,-11387,-2327,-3209,1222,1223]],"id":1085},{"properties":{"hex_id":"8829a1d5a9fffff"},"type":"Polygon","arcs":[[-1435,-3926,-2291,-8626,-7820,-3489]],"id":1086},{"properties":{"hex_id":"8829a1d929fffff"},"type":"Polygon","arcs":[[1224,1225,1226,-1620,-1897,-2634]],"id":1087},{"properties":{"hex_id":"8829a1d1d7fffff"},"type":"Polygon","arcs":[[-6754,-7737,-4928,1227,-9596,-3283]],"id":1088},{"properties":{"hex_id":"8829a1d923fffff"},"type":"Polygon","arcs":[[1228,-4608,-4119,1229,-1622]],"id":1089},{"properties":{"hex_id":"8829a188e9fffff"},"type":"Polygon","arcs":[[1230,-4069,-5032,-1700,1231,1232]],"id":1090},{"properties":{"hex_id":"8829a11193fffff"},"type":"Polygon","arcs":[[-5626,-5956,-7257,-6176,1233,1234]],"id":1091},{"properties":{"hex_id":"8829a19b53fffff"},"type":"Polygon","arcs":[[1235,-11198,-10505,-2369,-2166,-9305]],"id":1092},{"properties":{"hex_id":"8829a18191fffff"},"type":"Polygon","arcs":[[1236,-3538,-9162,-9999,1237,-11083]],"id":1093},{"properties":{"hex_id":"8829a10933fffff"},"type":"Polygon","arcs":[[-4199,1238,-3393,-2899,1239,1240]],"id":1094},{"properties":{"hex_id":"8829a1dac9fffff"},"type":"Polygon","arcs":[[-1266,1241,1242,-10627,-9877,-7291]],"id":1095},{"properties":{"hex_id":"8829a1c2cdfffff"},"type":"Polygon","arcs":[[1243,-6244,1244,1245,1246,1247]],"id":1096},{"properties":{"hex_id":"8829a56c95fffff"},"type":"Polygon","arcs":[[-5547,1248,-9783,-10083,-4152,-2980]],"id":1097},{"properties":{"hex_id":"8829a565bdfffff"},"type":"Polygon","arcs":[[-9996,1249,-1861,1250,-9302,-8926]],"id":1098},{"properties":{"hex_id":"8829a56923fffff"},"type":"Polygon","arcs":[[-1496,-9457,-8259,-5958,-8304,-3797]],"id":1099},{"properties":{"hex_id":"8829a1c2e1fffff"},"type":"Polygon","arcs":[[-3640,1251,-4264,1252,1253,1254]],"id":1100},{"properties":{"hex_id":"8829a18853fffff"},"type":"Polygon","arcs":[[1255,1256,1257,1258]],"id":1101},{"properties":{"hex_id":"8829a19b31fffff"},"type":"Polygon","arcs":[[-3381,-1553,-4319,-1413,-3131,1259]],"id":1102},{"properties":{"hex_id":"8829a56a99fffff"},"type":"Polygon","arcs":[[-10171,1260,-9212,-1447,-3859,1261]],"id":1103},{"properties":{"hex_id":"8829a56ccbfffff"},"type":"Polygon","arcs":[[-1991,-5356,-8410,-9788,-6149,-7550]],"id":1104},{"properties":{"hex_id":"8829a1d29bfffff"},"type":"Polygon","arcs":[[-11453,-6986,-8489,1262,1263]],"id":1105},{"properties":{"hex_id":"8829a1d123fffff"},"type":"Polygon","arcs":[[-1635,-2468,1264,1265,-7290,-10289]],"id":1106},{"properties":{"hex_id":"8829a1d043fffff"},"type":"Polygon","arcs":[[-4211,-6204,-1927,1266,-1782,1267]],"id":1107},{"properties":{"hex_id":"8829a18f1bfffff"},"type":"Polygon","arcs":[[1268,-9091,1269,-2148,-1345,-2281]],"id":1108},{"properties":{"hex_id":"8829a5653bfffff"},"type":"Polygon","arcs":[[1270,-8521,-5220,-5796,1271,-1531]],"id":1109},{"properties":{"hex_id":"8829a1d469fffff"},"type":"Polygon","arcs":[[-3280,-4065,-2373,-2401,1272]],"id":1110},{"properties":{"hex_id":"8829a1d307fffff"},"type":"Polygon","arcs":[[-2963,1273,1274,-5832,1275,1276]],"id":1111},{"properties":{"hex_id":"8829a1c301fffff"},"type":"Polygon","arcs":[[-2086,-11381,-8814,-3584,-2153,1277]],"id":1112},{"properties":{"hex_id":"8829a1d425fffff"},"type":"Polygon","arcs":[[-5793,-4751,-3509,1278,1279,1280]],"id":1113},{"properties":{"hex_id":"8829a1d76dfffff"},"type":"Polygon","arcs":[[1281,1282,1283,-7449,-6710,-2433]],"id":1114},{"properties":{"hex_id":"8829a0a593fffff"},"type":"Polygon","arcs":[[1284,-6831,-2771,1285,1286,1287]],"id":1115},{"properties":{"hex_id":"8829a56c87fffff"},"type":"Polygon","arcs":[[-9378,-2981,-4154,-2705,-2318,1288]],"id":1116},{"properties":{"hex_id":"8829a56141fffff"},"type":"Polygon","arcs":[[1289,-3629,-4730,-9270,-5825,1290]],"id":1117},{"properties":{"hex_id":"8829a1d861fffff"},"type":"Polygon","arcs":[[-8414,-2139,-7650,-5438,-3412,1291]],"id":1118},{"properties":{"hex_id":"8829a1c707fffff"},"type":"Polygon","arcs":[[-7428,1292,-3930,1293,-11219]],"id":1119},{"properties":{"hex_id":"8829a1d613fffff"},"type":"Polygon","arcs":[[-10365,1294,-8587,-6227,-2519,-10606]],"id":1120},{"properties":{"hex_id":"8829a57897fffff"},"type":"Polygon","arcs":[[1295,-3902,-3222,-2952,-8027,-3119]],"id":1121},{"properties":{"hex_id":"8829a11563fffff"},"type":"Polygon","arcs":[[1296,-6198,1297,1298,-8067]],"id":1122},{"properties":{"hex_id":"8829a1986bfffff"},"type":"Polygon","arcs":[[-11105,-5468,-4003,-5588,-4072,1299]],"id":1123},{"properties":{"hex_id":"8829a0a685fffff"},"type":"Polygon","arcs":[[1300,-2084,-5584,1301,-4054,-10333]],"id":1124},{"properties":{"hex_id":"8829a1d8c3fffff"},"type":"Polygon","arcs":[[-5085,-2951,1302,-3885,-6077,-3036]],"id":1125},{"properties":{"hex_id":"8829a1c261fffff"},"type":"Polygon","arcs":[[1303,1304,1305,-9575,1306,-8366]],"id":1126},{"properties":{"hex_id":"8829a56c0dfffff"},"type":"Polygon","arcs":[[1307,1308,-9245,-7918,1309,-8073]],"id":1127},{"properties":{"hex_id":"8829a199a5fffff"},"type":"Polygon","arcs":[[1310,-10568,-4430,1311,-2905,1312]],"id":1128},{"properties":{"hex_id":"8829a1d2ddfffff"},"type":"Polygon","arcs":[[-7850,-3837,-6235,1313,-7888]],"id":1129},{"properties":{"hex_id":"8829a181bdfffff"},"type":"Polygon","arcs":[[-6882,-4353,-1613,-4030,-5760,1314]],"id":1130},{"properties":{"hex_id":"8829a56001fffff"},"type":"Polygon","arcs":[[-3593,-4343,-1608,-5321,1315]],"id":1131},{"properties":{"hex_id":"8829a1d8e7fffff"},"type":"Polygon","arcs":[[-1740,1316,-8646]],"id":1132},{"properties":{"hex_id":"8829a1d511fffff"},"type":"Polygon","arcs":[[1317,1318,1319,-5680,-5569,-5458]],"id":1133},{"properties":{"hex_id":"8829a1098dfffff"},"type":"Polygon","arcs":[[1320,-2419,1321,1322]],"id":1134},{"properties":{"hex_id":"8829a1023bfffff"},"type":"Polygon","arcs":[[-3993,-8178,1323]],"id":1135},{"properties":{"hex_id":"8829a0ac91fffff"},"type":"Polygon","arcs":[[-6590,-8088,1324,-6875,-8292,-5410]],"id":1136},{"properties":{"hex_id":"8829a1d74bfffff"},"type":"Polygon","arcs":[[1325,1326,-9885,-10066,-10874,-9602]],"id":1137},{"properties":{"hex_id":"8829a56d4bfffff"},"type":"Polygon","arcs":[[1327,1328,1329,1330,-9398,1331]],"id":1138},{"properties":{"hex_id":"8829a1d2a7fffff"},"type":"Polygon","arcs":[[1332,-9950,-8571,-6366,-4956,-6976]],"id":1139},{"properties":{"hex_id":"8829a56c21fffff"},"type":"Polygon","arcs":[[-4238,-9696,1333,-4139,-10451,1334]],"id":1140},{"properties":{"hex_id":"8829a569c7fffff"},"type":"Polygon","arcs":[[1335,-10744,1336,-2320,1337,-2122]],"id":1141},{"properties":{"hex_id":"8829a0a695fffff"},"type":"Polygon","arcs":[[-3252,1338,1339,1340,-5128,1341]],"id":1142},{"properties":{"hex_id":"8829a562b9fffff"},"type":"Polygon","arcs":[[1342,-5145,1343,-9315,-1727,-1433]],"id":1143},{"properties":{"hex_id":"8829a18f11fffff"},"type":"Polygon","arcs":[[-2282,1344,-2151,-1919,-6120,-4018]],"id":1144},{"properties":{"hex_id":"8829a56ec9fffff"},"type":"Polygon","arcs":[[1345,-2040,-11477,-9077,-3779,-9176]],"id":1145},{"properties":{"hex_id":"8829a18f6dfffff"},"type":"Polygon","arcs":[[1346,1347,-7231,-8079,-6849,-1549]],"id":1146},{"properties":{"hex_id":"8829a1d359fffff"},"type":"Polygon","arcs":[[-6766,-7411,-7947,-2882,-6585,1348]],"id":1147},{"properties":{"hex_id":"8829a18d1bfffff"},"type":"Polygon","arcs":[[1349,1350,1351,-3699,-1589,-7729]],"id":1148},{"properties":{"hex_id":"8829a561d3fffff"},"type":"Polygon","arcs":[[-4653,1352,-2192,-5349,1353,-1614]],"id":1149},{"properties":{"hex_id":"8829a1c229fffff"},"type":"Polygon","arcs":[[1354,-6373,1355,1356,-6335,-9577]],"id":1150},{"properties":{"hex_id":"8829a56e43fffff"},"type":"Polygon","arcs":[[-9874,1357,-8667,1358]],"id":1151},{"properties":{"hex_id":"8829a18961fffff"},"type":"Polygon","arcs":[[-6549,-8554,-6553,-9886,-8641,-7663]],"id":1152},{"properties":{"hex_id":"8829a155d3fffff"},"type":"Polygon","arcs":[[1359,-7955,-8453,-9892,1360,-7249]],"id":1153},{"properties":{"hex_id":"8829a1da0dfffff"},"type":"Polygon","arcs":[[-2045,1361,-9103,-9698,1362,-11247]],"id":1154},{"properties":{"hex_id":"8829a18e29fffff"},"type":"Polygon","arcs":[[1363,-9708,-1415,-9409,-2852,-1453]],"id":1155},{"properties":{"hex_id":"8829a19815fffff"},"type":"Polygon","arcs":[[-10829,-1491,-2646,-2855,-6508,-7056]],"id":1156},{"properties":{"hex_id":"8829a19963fffff"},"type":"Polygon","arcs":[[-4415,-4555,1364,-7041,1365,1366]],"id":1157},{"properties":{"hex_id":"8829a0ae99fffff"},"type":"Polygon","arcs":[[-3515,1367,-6226,-1967,1368,-3335]],"id":1158},{"properties":{"hex_id":"8829a0a435fffff"},"type":"Polygon","arcs":[[1369,-8980,-1852,-6825,-9976]],"id":1159},{"properties":{"hex_id":"8829a110d3fffff"},"type":"Polygon","arcs":[[1370,1371,-2718,1372,-1902,-6714]],"id":1160},{"properties":{"hex_id":"8829a146d7fffff"},"type":"Polygon","arcs":[[-5306,-6025,1373,-8981,-11212,1374]],"id":1161},{"properties":{"hex_id":"8829a14457fffff"},"type":"Polygon","arcs":[[-3741,1375,-8650,1376,1377]],"id":1162},{"properties":{"hex_id":"8829a15591fffff"},"type":"Polygon","arcs":[[-9895,-3984,-5105,-4879,-2391,-2610]],"id":1163},{"properties":{"hex_id":"8829a0a4d7fffff"},"type":"Polygon","arcs":[[1378,-11126,1379,-6421]],"id":1164},{"properties":{"hex_id":"8829a1c241fffff"},"type":"Polygon","arcs":[[-2598,-2133,-1546,1380,1381,-10251]],"id":1165},{"properties":{"hex_id":"8829a18e6dfffff"},"type":"Polygon","arcs":[[-10002,1382,-4524,-2793,-7294,-2406]],"id":1166},{"properties":{"hex_id":"8829a56db9fffff"},"type":"Polygon","arcs":[[-8500,1383,1384,-6387,1385,-10421]],"id":1167},{"properties":{"hex_id":"8829a1d235fffff"},"type":"Polygon","arcs":[[-11173,-5168,-2927,-4209,-3577,-1895]],"id":1168},{"properties":{"hex_id":"8829a5652bfffff"},"type":"Polygon","arcs":[[-5435,1386,-11489,1387,1388,-2029]],"id":1169},{"properties":{"hex_id":"8829a0acebfffff"},"type":"Polygon","arcs":[[-2344,1389,-1958,-10970]],"id":1170},{"properties":{"hex_id":"8829a575b5fffff"},"type":"Polygon","arcs":[[1390,-2135,-2671,-2463,1391,-6053]],"id":1171},{"properties":{"hex_id":"8829a0a42bfffff"},"type":"Polygon","arcs":[[-9974,-2159,1392]],"id":1172},{"properties":{"hex_id":"8829a1d60dfffff"},"type":"Polygon","arcs":[[-8783,-9233,1393,1394,-9144,-8288]],"id":1173},{"properties":{"hex_id":"8829a1d193fffff"},"type":"Polygon","arcs":[[-1881,-10253,1395,1396,1397,-6565]],"id":1174},{"properties":{"hex_id":"8829a0a5e1fffff"},"type":"Polygon","arcs":[[-4939,-8274,-11148,-4168,1398,-6910]],"id":1175},{"properties":{"hex_id":"8829a1d453fffff"},"type":"Polygon","arcs":[[1399,-4203,1400,-2743,-3348,-3096]],"id":1176},{"properties":{"hex_id":"8829a18323fffff"},"type":"Polygon","arcs":[[1401,-4267,-4870,1402,-9123]],"id":1177},{"properties":{"hex_id":"8829a115dbfffff"},"type":"Polygon","arcs":[[1403,-2067,-6043,-1494]],"id":1178},{"properties":{"hex_id":"8829a1106dfffff"},"type":"Polygon","arcs":[[-4816,-5093,-9574,1404,-6997,-1778]],"id":1179},{"properties":{"hex_id":"8829a1872bfffff"},"type":"Polygon","arcs":[[-2679,-1849,-4910,1405]],"id":1180},{"properties":{"hex_id":"8829a19995fffff"},"type":"Polygon","arcs":[[-10243,-1493,-2474,-5377,-7515,-4908]],"id":1181},{"properties":{"hex_id":"8829a1898bfffff"},"type":"Polygon","arcs":[[-2972,-1469,-5841,-4841,-2444,1406]],"id":1182},{"properties":{"hex_id":"8829a578b9fffff"},"type":"Polygon","arcs":[[1407,-3120,-8030,-9381,1408,1409]],"id":1183},{"properties":{"hex_id":"8829a18dedfffff"},"type":"Polygon","arcs":[[1410,-4576,-2536,1411,-2873,-10508]],"id":1184},{"properties":{"hex_id":"8829a19b37fffff"},"type":"Polygon","arcs":[[1412,-4318,-7267,1413,-3132]],"id":1185},{"properties":{"hex_id":"8829a18e2bfffff"},"type":"Polygon","arcs":[[-9707,-8536,-3326,-2942,-9410,1414]],"id":1186},{"properties":{"hex_id":"8829a1c05bfffff"},"type":"Polygon","arcs":[[1415,1416,1417,1418,1419,-5930]],"id":1187},{"properties":{"hex_id":"8829a56e93fffff"},"type":"Polygon","arcs":[[1420,-9720,1421,-6168]],"id":1188},{"properties":{"hex_id":"8829a0a699fffff"},"type":"Polygon","arcs":[[1422,-6580,-1975,1423,-3250,-11065]],"id":1189},{"properties":{"hex_id":"8829a18a8dfffff"},"type":"Polygon","arcs":[[-8778,-10767,-3427,-8061,1424,-3369]],"id":1190},{"properties":{"hex_id":"8829a11445fffff"},"type":"Polygon","arcs":[[1425,-4564,-6258,-2538]],"id":1191},{"properties":{"hex_id":"8829a1d137fffff"},"type":"Polygon","arcs":[[-1868,1426,1427,1428,1429,1430]],"id":1192},{"properties":{"hex_id":"8829a56287fffff"},"type":"Polygon","arcs":[[-8987,1431,1432,-1726,-7444,-8991]],"id":1193},{"properties":{"hex_id":"8829a1d689fffff"},"type":"Polygon","arcs":[[-1523,-5158,-4529,1433,-9265,-2568]],"id":1194},{"properties":{"hex_id":"8829a1d5e3fffff"},"type":"Polygon","arcs":[[-2820,-5500,-3927,1434,-3488,-1585]],"id":1195},{"properties":{"hex_id":"8829a1d919fffff"},"type":"Polygon","arcs":[[1435,-2349,-9507,-5993,-4432,1436]],"id":1196},{"properties":{"hex_id":"8829a56189fffff"},"type":"Polygon","arcs":[[1437,-3527,1438,1439]],"id":1197},{"properties":{"hex_id":"8829a1d1a5fffff"},"type":"Polygon","arcs":[[-1625,-8924,-5309,-7524,-7473,-5204]],"id":1198},{"properties":{"hex_id":"8829a1da9dfffff"},"type":"Polygon","arcs":[[-5232,-7475,-3942,-1596,1440,-4934]],"id":1199},{"properties":{"hex_id":"8829a188c7fffff"},"type":"Polygon","arcs":[[-4102,1441,1442,1443,-5028,-4068]],"id":1200},{"properties":{"hex_id":"8829a568b7fffff"},"type":"Polygon","arcs":[[1444,-4060,-3030,-3319,-1541,-4469]],"id":1201},{"properties":{"hex_id":"8829a561b3fffff"},"type":"Polygon","arcs":[[-9510,-3058,-4295,1445,-2227]],"id":1202},{"properties":{"hex_id":"8829a56a91fffff"},"type":"Polygon","arcs":[[1446,-9211,1447,1448,-2073,-3860]],"id":1203},{"properties":{"hex_id":"8829a0adcbfffff"},"type":"Polygon","arcs":[[1449,-10602,-6966,-4178,-7814,-2865]],"id":1204},{"properties":{"hex_id":"8829a199e7fffff"},"type":"Polygon","arcs":[[-3311,-9533,-10792,1450,-4845,-8763]],"id":1205},{"properties":{"hex_id":"8829a18e67fffff"},"type":"Polygon","arcs":[[-4522,1451,1452,-2851,1453,-2794]],"id":1206},{"properties":{"hex_id":"8829a18941fffff"},"type":"Polygon","arcs":[[1454,-11204,1455,1456,1457,-3199]],"id":1207},{"properties":{"hex_id":"8829a1d443fffff"},"type":"Polygon","arcs":[[-8828,-2347,1458,-2184,-1603,1459]],"id":1208},{"properties":{"hex_id":"8829a11937fffff"},"type":"Polygon","arcs":[[1460]],"id":1209},{"properties":{"hex_id":"8829a1daadfffff"},"type":"Polygon","arcs":[[-6163,1461,-9903,1462]],"id":1210},{"properties":{"hex_id":"8829a1d06dfffff"},"type":"Polygon","arcs":[[-9843,-10706,-10280,1463,-1854,-3769]],"id":1211},{"properties":{"hex_id":"8829a10965fffff"},"type":"Polygon","arcs":[[-1705,1464,-4785,-7439,-4661,1465]],"id":1212},{"properties":{"hex_id":"8829a1d637fffff"},"type":"Polygon","arcs":[[-11324,1466,-7591,-2345,-8826,-2254]],"id":1213},{"properties":{"hex_id":"8829a10345fffff"},"type":"Polygon","arcs":[[-6248,-2129,-10561,1467]],"id":1214},{"properties":{"hex_id":"8829a189d7fffff"},"type":"Polygon","arcs":[[-4090,-1661,-11369,-5838,1468,-2971]],"id":1215},{"properties":{"hex_id":"8829a1c719fffff"},"type":"Polygon","arcs":[[1469,1470,1471,-5382,1472]],"id":1216},{"properties":{"hex_id":"8829a18d61fffff"},"type":"Polygon","arcs":[[-2188,-3938,-10309,1473,-2397,-2791]],"id":1217},{"properties":{"hex_id":"8829a11589fffff"},"type":"Polygon","arcs":[[1474,-9293,-1886,-4473,-2145,-4164]],"id":1218},{"properties":{"hex_id":"8829a56d05fffff"},"type":"Polygon","arcs":[[-5280,1475,-3867,1476,-2094,-6744]],"id":1219},{"properties":{"hex_id":"8829a1d753fffff"},"type":"Polygon","arcs":[[-9930,-2846,1477,-9235,-2723,-3246]],"id":1220},{"properties":{"hex_id":"8829a0ad89fffff"},"type":"Polygon","arcs":[[-4179,-8896,1478,-5897,1479,-7338]],"id":1221},{"properties":{"hex_id":"8829a56137fffff"},"type":"Polygon","arcs":[[1480,-2230,-2896,1481,-3238,-2834]],"id":1222},{"properties":{"hex_id":"8829a1c41dfffff"},"type":"Polygon","arcs":[[-4194,1482,1483,1484,-2409]],"id":1223},{"properties":{"hex_id":"8829a18f2dfffff"},"type":"Polygon","arcs":[[1485,1486,-9359,-5533,1487,-7142]],"id":1224},{"properties":{"hex_id":"8829a5681dfffff"},"type":"Polygon","arcs":[[-4325,1488,1489,-2241,-3944,-3056]],"id":1225},{"properties":{"hex_id":"8829a19811fffff"},"type":"Polygon","arcs":[[-9854,-8154,-7314,-2645,1490,-10828]],"id":1226},{"properties":{"hex_id":"8829a19991fffff"},"type":"Polygon","arcs":[[1491,-2472,1492,-10242]],"id":1227},{"properties":{"hex_id":"8829a115d9fffff"},"type":"Polygon","arcs":[[1493,-6042,1494]],"id":1228},{"properties":{"hex_id":"8829a5692bfffff"},"type":"Polygon","arcs":[[-9458,1495,-3796,1496]],"id":1229},{"properties":{"hex_id":"8829a56867fffff"},"type":"Polygon","arcs":[[-4273,1497,1498,-4724,-8104,-1808]],"id":1230},{"properties":{"hex_id":"8829a11721fffff"},"type":"Polygon","arcs":[[-5025,-7403,1499,1500,-2714,1501]],"id":1231},{"properties":{"hex_id":"8829a1c743fffff"},"type":"Polygon","arcs":[[-6458,1502,-5611,-6774,-2936,-9022]],"id":1232},{"properties":{"hex_id":"8829a1da3dfffff"},"type":"Polygon","arcs":[[-4227,1503,-2881,-9224,-1599,-3001]],"id":1233},{"properties":{"hex_id":"8829a11719fffff"},"type":"Polygon","arcs":[[-8165,-7190,1504]],"id":1234},{"properties":{"hex_id":"8829a1c647fffff"},"type":"Polygon","arcs":[[1505,-5407,1506,1507,-1693,-7074]],"id":1235},{"properties":{"hex_id":"8829a18727fffff"},"type":"Polygon","arcs":[[-4912,-1851,-2984,1508]],"id":1236},{"properties":{"hex_id":"8829a18e53fffff"},"type":"Polygon","arcs":[[1509,1510,1511,-6003]],"id":1237},{"properties":{"hex_id":"8829a19b11fffff"},"type":"Polygon","arcs":[[-2370,-8966,-2316,1512,1513,-2766]],"id":1238},{"properties":{"hex_id":"8829a0acedfffff"},"type":"Polygon","arcs":[[-7363,-10972,-1961,1514,1515,-2002]],"id":1239},{"properties":{"hex_id":"8829a56e87fffff"},"type":"Polygon","arcs":[[1516,1517,-11234,1518,-6237,1519]],"id":1240},{"properties":{"hex_id":"8829a17309fffff"},"type":"Polygon","arcs":[[-4617,1520,-2803,1521]],"id":1241},{"properties":{"hex_id":"8829a1d6c3fffff"},"type":"Polygon","arcs":[[-3684,-1681,-5159,1522,-2567,1523]],"id":1242},{"properties":{"hex_id":"8829a14519fffff"},"type":"Polygon","arcs":[[-1772,1524,1525,1526,1527]],"id":1243},{"properties":{"hex_id":"8829a56539fffff"},"type":"Polygon","arcs":[[1528,1529,1530,1531,-11485,1532]],"id":1244},{"properties":{"hex_id":"8829a155c1fffff"},"type":"Polygon","arcs":[[-1948,1533,-4014,-10189,-5122,1534]],"id":1245},{"properties":{"hex_id":"8829a18d3dfffff"},"type":"Polygon","arcs":[[1535,-7379,1536,-2738,-10905,1537]],"id":1246},{"properties":{"hex_id":"8829a14407fffff"},"type":"Polygon","arcs":[[-2261,-7987,1538,1539,-2841,-2613]],"id":1247},{"properties":{"hex_id":"8829a1d24bfffff"},"type":"Polygon","arcs":[[-4470,1540,-3322,-5785,1541,-3606]],"id":1248},{"properties":{"hex_id":"8829a18b47fffff"},"type":"Polygon","arcs":[[-2274,-1888,1542,-1716,-7863,-3896]],"id":1249},{"properties":{"hex_id":"8829a1c243fffff"},"type":"Polygon","arcs":[[-2132,1543,-7847,-4813,1544,1545]],"id":1250},{"properties":{"hex_id":"8829a18abbfffff"},"type":"Polygon","arcs":[[1546,1547,1548,-6848,-2326,-11385]],"id":1251},{"properties":{"hex_id":"8829a199b3fffff"},"type":"Polygon","arcs":[[-5379,-9936,-10552,1549,-1755]],"id":1252},{"properties":{"hex_id":"8829a19b3bfffff"},"type":"Polygon","arcs":[[1550,1551,-3513,-4315,1552,-3380]],"id":1253},{"properties":{"hex_id":"8829a0a519fffff"},"type":"Polygon","arcs":[[-3672,1553,-9916,1554,1555]],"id":1254},{"properties":{"hex_id":"8829a1d439fffff"},"type":"Polygon","arcs":[[1556,-7176,1557,1558,1559,-10381]],"id":1255},{"properties":{"hex_id":"8829a18957fffff"},"type":"Polygon","arcs":[[-4635,1560,-1734,1561,1562,-3736]],"id":1256},{"properties":{"hex_id":"8829a1c6cdfffff"},"type":"Polygon","arcs":[[-10113,-10668,1563,-3754]],"id":1257},{"properties":{"hex_id":"8829a1d6a1fffff"},"type":"Polygon","arcs":[[-8112,1564,-2925,-6397,1565,-4201]],"id":1258},{"properties":{"hex_id":"8829a56cadfffff"},"type":"Polygon","arcs":[[-1798,-3435,1566,1567,1568,-1642]],"id":1259},{"properties":{"hex_id":"8829a1da57fffff"},"type":"Polygon","arcs":[[-8703,-4394,-10182,-7879,1569,-2211]],"id":1260},{"properties":{"hex_id":"8829a56c65fffff"},"type":"Polygon","arcs":[[-1715,-4672,-4497,-1863,1570,-6594]],"id":1261},{"properties":{"hex_id":"8829a18b05fffff"},"type":"Polygon","arcs":[[-1719,1571,-5056,-3124,1572,-6429]],"id":1262},{"properties":{"hex_id":"8829a1123bfffff"},"type":"Polygon","arcs":[[1573,1574,-4288,1575]],"id":1263},{"properties":{"hex_id":"8829a18081fffff"},"type":"Polygon","arcs":[[1576,-6626,-4359,1577]],"id":1264},{"properties":{"hex_id":"8829a1d623fffff"},"type":"Polygon","arcs":[[1578,-10438,-2255,-10405,-1722,-6694]],"id":1265},{"properties":{"hex_id":"8829a180a3fffff"},"type":"Polygon","arcs":[[-7277,1579,-5573,-1698,-8384]],"id":1266},{"properties":{"hex_id":"8829a0adb1fffff"},"type":"Polygon","arcs":[[-2102,-2023,1580,-6779,-3977,1581]],"id":1267},{"properties":{"hex_id":"8829a1d56bfffff"},"type":"Polygon","arcs":[[-3610,1582,-9685,-11389,-10348,-3598]],"id":1268},{"properties":{"hex_id":"8829a0ac11fffff"},"type":"Polygon","arcs":[[-11054,-6102,-4711,-7361,-6007,-7478]],"id":1269},{"properties":{"hex_id":"8829a1d5e1fffff"},"type":"Polygon","arcs":[[1583,-2821,1584,-3487,-5659,-3697]],"id":1270},{"properties":{"hex_id":"8829a565adfffff"},"type":"Polygon","arcs":[[1585,-8090,1586,1587]],"id":1271},{"properties":{"hex_id":"8829a18d11fffff"},"type":"Polygon","arcs":[[-7730,1588,-3702,1589,-2496,-2938]],"id":1272},{"properties":{"hex_id":"8829a0a5bbfffff"},"type":"Polygon","arcs":[[1590,1591,-10188,1592,1593,1594]],"id":1273},{"properties":{"hex_id":"8829a1da95fffff"},"type":"Polygon","arcs":[[1595,-3941,-11356,-5340,-5687,1596]],"id":1274},{"properties":{"hex_id":"8829a56897fffff"},"type":"Polygon","arcs":[[-4758,-3186,1597,-2124,-4762,-1804]],"id":1275},{"properties":{"hex_id":"8829a1da23fffff"},"type":"Polygon","arcs":[[-3002,1598,-9228,-10751,-3689,-8017]],"id":1276},{"properties":{"hex_id":"8829a15491fffff"},"type":"Polygon","arcs":[[1599,-6800,1600]],"id":1277},{"properties":{"hex_id":"8829a1d447fffff"},"type":"Polygon","arcs":[[1601,1602,-2187,-7215,-2372,-4063]],"id":1278},{"properties":{"hex_id":"8829a1d711fffff"},"type":"Polygon","arcs":[[-9238,-3197,-3282,1603,-1842,-2824]],"id":1279},{"properties":{"hex_id":"8829a189e1fffff"},"type":"Polygon","arcs":[[1604,-2387,-4507,-5842,-2356,1605]],"id":1280},{"properties":{"hex_id":"8829a181e5fffff"},"type":"Polygon","arcs":[[-3081,-11501,-1993,1606]],"id":1281},{"properties":{"hex_id":"8829a56007fffff"},"type":"Polygon","arcs":[[1607,-4342,-8054,1608,1609,-5322]],"id":1282},{"properties":{"hex_id":"8829a1d309fffff"},"type":"Polygon","arcs":[[1610,-5671,1611,-2960,-4442,-10103]],"id":1283},{"properties":{"hex_id":"8829a181b1fffff"},"type":"Polygon","arcs":[[-4352,-2407,-7298,-6967,-4031,1612]],"id":1284},{"properties":{"hex_id":"8829a561d1fffff"},"type":"Polygon","arcs":[[-6294,-4654,1613,1614,1615,-7965]],"id":1285},{"properties":{"hex_id":"8829a198c3fffff"},"type":"Polygon","arcs":[[1616,-3622,1617,-1762,-9116,1618]],"id":1286},{"properties":{"hex_id":"8829a1d921fffff"},"type":"Polygon","arcs":[[1619,1620,1621,1622,-4086,-1898]],"id":1287},{"properties":{"hex_id":"8829a1d1adfffff"},"type":"Polygon","arcs":[[1623,-7355,-8925,1624,-5203,-1787]],"id":1288},{"properties":{"hex_id":"8829a19837fffff"},"type":"Polygon","arcs":[[-6535,-6962,-8377,-3189,-6142,1625]],"id":1289},{"properties":{"hex_id":"8829a11049fffff"},"type":"Polygon","arcs":[[-5766,1626,-8716,1627,-4740,-3660]],"id":1290},{"properties":{"hex_id":"8829a56c4dfffff"},"type":"Polygon","arcs":[[-11342,1628,-3471,-1749,1629,-2817]],"id":1291},{"properties":{"hex_id":"8829a1d6b9fffff"},"type":"Polygon","arcs":[[-2697,1630,1631,1632,-10868,-7781]],"id":1292},{"properties":{"hex_id":"8829a1d12bfffff"},"type":"Polygon","arcs":[[1633,-5926,-2469,1634,-10288,-5037]],"id":1293},{"properties":{"hex_id":"8829a0a5b7fffff"},"type":"Polygon","arcs":[[1635,1636,-5529,1637,-9475,1638]],"id":1294},{"properties":{"hex_id":"8829a11565fffff"},"type":"Polygon","arcs":[[-8069,1639,-2010,-3039,1640]],"id":1295},{"properties":{"hex_id":"8829a56ddbfffff"},"type":"Polygon","arcs":[[-10809,-1799,1641,1642,1643,1644]],"id":1296},{"properties":{"hex_id":"8829a1d535fffff"},"type":"Polygon","arcs":[[-4122,-5338,1645,1646,-6242,-7019]],"id":1297},{"properties":{"hex_id":"8829a0365bfffff"},"type":"Polygon","arcs":[[1647,-2636,-1900,1648,1649,-4858]],"id":1298},{"properties":{"hex_id":"8829a5675dfffff"},"type":"Polygon","arcs":[[-2669,-2240,1650,-4982,-4336,-2464]],"id":1299},{"properties":{"hex_id":"8829a1d72bfffff"},"type":"Polygon","arcs":[[-9528,-3899,-5638,1651,-2458,-4296]],"id":1300},{"properties":{"hex_id":"8829a1c6b9fffff"},"type":"Polygon","arcs":[[1652,-5712,1653,-2223]],"id":1301},{"properties":{"hex_id":"8829a1d10dfffff"},"type":"Polygon","arcs":[[-3224,-3877,1654,-6885,1655]],"id":1302},{"properties":{"hex_id":"8829a11247fffff"},"type":"Polygon","arcs":[[-7724,-2510,-4310,1656,-8350,1657]],"id":1303},{"properties":{"hex_id":"8829a14413fffff"},"type":"Polygon","arcs":[[1658,-2287,-3063,-2954,1659,-3161]],"id":1304},{"properties":{"hex_id":"8829a189d3fffff"},"type":"Polygon","arcs":[[-1907,-10625,-10388,-11365,1660,-4089]],"id":1305},{"properties":{"hex_id":"8829a1c34bfffff"},"type":"Polygon","arcs":[[-10159,-2947,1661,-4485,-4953,-5847]],"id":1306},{"properties":{"hex_id":"8829a18f03fffff"},"type":"Polygon","arcs":[[-7184,-4019,-6124,1662,-3988,-9345]],"id":1307},{"properties":{"hex_id":"8829a198d3fffff"},"type":"Polygon","arcs":[[-2098,-6341,1663,-10646,-4161]],"id":1308},{"properties":{"hex_id":"8829a1c06dfffff"},"type":"Polygon","arcs":[[-3404,1664,-3727,1665,-9011,-2661]],"id":1309},{"properties":{"hex_id":"8829a56129fffff"},"type":"Polygon","arcs":[[-5735,1666,-4081,1667,-5359,1668]],"id":1310},{"properties":{"hex_id":"8829a1943bfffff"},"type":"Polygon","arcs":[[-1821,1669]],"id":1311},{"properties":{"hex_id":"8829a0a613fffff"},"type":"Polygon","arcs":[[-7395,-5149,-8660,1670]],"id":1312},{"properties":{"hex_id":"8829a56f6bfffff"},"type":"Polygon","arcs":[[-4980,-9569,1671,-4155,-7108,-7270]],"id":1313},{"properties":{"hex_id":"8829a1c215fffff"},"type":"Polygon","arcs":[[-6609,-2507,1672,-2641,-2437,1673]],"id":1314},{"properties":{"hex_id":"8829a180b3fffff"},"type":"Polygon","arcs":[[-9909,1674,-1953,-1978,1675]],"id":1315},{"properties":{"hex_id":"8829a568d1fffff"},"type":"Polygon","arcs":[[-9558,1676,1677,1678,-6807,-2747]],"id":1316},{"properties":{"hex_id":"8829a1d6ddfffff"},"type":"Polygon","arcs":[[-2615,-3647,1679,-5154,1680,-3683]],"id":1317},{"properties":{"hex_id":"8829a0ac0dfffff"},"type":"Polygon","arcs":[[1681,-2414,-5225,-7520,-10207,-7232]],"id":1318},{"properties":{"hex_id":"8829a114a5fffff"},"type":"Polygon","arcs":[[1682,-8249,-7223,-2140,1683,-2069]],"id":1319},{"properties":{"hex_id":"8829a19989fffff"},"type":"Polygon","arcs":[[1684,-5069,-4736,-6314,-4181,-2912]],"id":1320},{"properties":{"hex_id":"8829a0aeb5fffff"},"type":"Polygon","arcs":[[-6448,1685,-8173,1686,-10441,1687]],"id":1321},{"properties":{"hex_id":"8829a18d29fffff"},"type":"Polygon","arcs":[[-10307,-8527,1688,-9837,-11121,1689]],"id":1322},{"properties":{"hex_id":"8829a10905fffff"},"type":"Polygon","arcs":[[1690,-4041,1691,-2176,-9057]],"id":1323},{"properties":{"hex_id":"8829a1c66bfffff"},"type":"Polygon","arcs":[[-7075,1692,1693,1694]],"id":1324},{"properties":{"hex_id":"8829a102d5fffff"},"type":"Polygon","arcs":[[1695,1696,-7179,-5594]],"id":1325},{"properties":{"hex_id":"8829a180a7fffff"},"type":"Polygon","arcs":[[-8385,1697,-5578,-2112,-3536,-3233]],"id":1326},{"properties":{"hex_id":"8829a198e7fffff"},"type":"Polygon","arcs":[[-3090,1698,-10205,-3459,-8969,-5256]],"id":1327},{"properties":{"hex_id":"8829a188e1fffff"},"type":"Polygon","arcs":[[1699,-5031,1700,-11424,1701,1702]],"id":1328},{"properties":{"hex_id":"8829a1096dfffff"},"type":"Polygon","arcs":[[1703,1704,1705,1706]],"id":1329},{"properties":{"hex_id":"8829a56ae3fffff"},"type":"Polygon","arcs":[[-1789,-10340,-4008,1707,1708,-7460]],"id":1330},{"properties":{"hex_id":"8829a562a5fffff"},"type":"Polygon","arcs":[[-2630,-2075,-7495,1709,1710]],"id":1331},{"properties":{"hex_id":"8829a56ac3fffff"},"type":"Polygon","arcs":[[-3240,1711,-8999,-5751,-6890,1712]],"id":1332},{"properties":{"hex_id":"8829a56c6dfffff"},"type":"Polygon","arcs":[[-3054,1713,-4673,1714,-6593,-11019]],"id":1333},{"properties":{"hex_id":"8829a18b0dfffff"},"type":"Polygon","arcs":[[1715,1716,1717,1718,-6428,-7864]],"id":1334},{"properties":{"hex_id":"8829a575bbfffff"},"type":"Polygon","arcs":[[1719,1720,-3106,-2134,-4050]],"id":1335},{"properties":{"hex_id":"8829a1d627fffff"},"type":"Polygon","arcs":[[-6695,1721,-10409,-10921,-3196,1722]],"id":1336},{"properties":{"hex_id":"8829a1d0d5fffff"},"type":"Polygon","arcs":[[1723,1724,-11101,-5781,-11132,-3546]],"id":1337},{"properties":{"hex_id":"8829a562bdfffff"},"type":"Polygon","arcs":[[1725,1726,-9320,-2283,-3826,-7445]],"id":1338},{"properties":{"hex_id":"8829a1c2abfffff"},"type":"Polygon","arcs":[[-11152,-10866,1727,-3440,-7790,1728]],"id":1339},{"properties":{"hex_id":"8829a56b1bfffff"},"type":"Polygon","arcs":[[-3207,-10142,1729,1730,-5943,-7746]],"id":1340},{"properties":{"hex_id":"8829a18919fffff"},"type":"Polygon","arcs":[[1731,-3317,-5694,-7346,1732,1733]],"id":1341},{"properties":{"hex_id":"8829a19ab5fffff"},"type":"Polygon","arcs":[[-2930,-4832,1734,1735,-6646,1736]],"id":1342},{"properties":{"hex_id":"8829a1d8e1fffff"},"type":"Polygon","arcs":[[-2270,1737,1738,1739,-8645,-3135]],"id":1343},{"properties":{"hex_id":"8829a1d1bbfffff"},"type":"Polygon","arcs":[[1740,1741,-8369,-3761,-4837,1742]],"id":1344},{"properties":{"hex_id":"8829a18d03fffff"},"type":"Polygon","arcs":[[1743,-2940,-2498,-7376,1744,-3981]],"id":1345},{"properties":{"hex_id":"8829a18a91fffff"},"type":"Polygon","arcs":[[-3092,-11290,1745,1746,1747,-2092]],"id":1346},{"properties":{"hex_id":"8829a56c45fffff"},"type":"Polygon","arcs":[[1748,-3470,1749,-8071,1750,1751]],"id":1347},{"properties":{"hex_id":"8829a1d11dfffff"},"type":"Polygon","arcs":[[-8119,-4888,1752,-4298,-4531,1753]],"id":1348},{"properties":{"hex_id":"8829a199b1fffff"},"type":"Polygon","arcs":[[-7517,-5380,1754,1755,-11263,-2390]],"id":1349},{"properties":{"hex_id":"8829a181d7fffff"},"type":"Polygon","arcs":[[1756,-4828,1757,-11081,-4245,1758]],"id":1350},{"properties":{"hex_id":"8829a14415fffff"},"type":"Polygon","arcs":[[-8653,-3163,1759,-6933,1760,-7985]],"id":1351},{"properties":{"hex_id":"8829a19889fffff"},"type":"Polygon","arcs":[[1761,1762,1763,-5469,1764,-9117]],"id":1352},{"properties":{"hex_id":"8829a14a53fffff"},"type":"Polygon","arcs":[[1765,1766,-10750,-2206,-8123,-3167]],"id":1353},{"properties":{"hex_id":"8829a56dc1fffff"},"type":"Polygon","arcs":[[-2934,-6658,1767,-2171,1768,1769]],"id":1354},{"properties":{"hex_id":"8829a14553fffff"},"type":"Polygon","arcs":[[-2244,-6679,1770,1771,1772]],"id":1355},{"properties":{"hex_id":"8829a1d037fffff"},"type":"Polygon","arcs":[[-8042,-8101,1773,-4422,-3833,1774]],"id":1356},{"properties":{"hex_id":"8829a18e4bfffff"},"type":"Polygon","arcs":[[1775,-1980,-5348,1776,-4024,-5575]],"id":1357},{"properties":{"hex_id":"8829a1133bfffff"},"type":"Polygon","arcs":[[-6085,-4817,1777,-6996,-4149,1778]],"id":1358},{"properties":{"hex_id":"8829a146dbfffff"},"type":"Polygon","arcs":[[-3391,1779,-5176,-6021,-5305,-2900]],"id":1359},{"properties":{"hex_id":"8829a1d047fffff"},"type":"Polygon","arcs":[[1780,1781,1782,-10895,-7811,-5075]],"id":1360},{"properties":{"hex_id":"8829a0aec3fffff"},"type":"Polygon","arcs":[[1783,-1794,1784,-9297]],"id":1361},{"properties":{"hex_id":"8829a1dadbfffff"},"type":"Polygon","arcs":[[-6926,1785,1786,-5202,-3485,1787]],"id":1362},{"properties":{"hex_id":"8829a56aebfffff"},"type":"Polygon","arcs":[[-6892,-10341,1788,-7459,1789]],"id":1363},{"properties":{"hex_id":"8829a1c44dfffff"},"type":"Polygon","arcs":[[1790,-5181,-4477,-3314,1791]],"id":1364},{"properties":{"hex_id":"8829a0aeddfffff"},"type":"Polygon","arcs":[[-10498,1792,1793,1794]],"id":1365},{"properties":{"hex_id":"8829a1d20dfffff"},"type":"Polygon","arcs":[[-3219,-10220,-4835,-7564,1795,-6729]],"id":1366},{"properties":{"hex_id":"8829a56ce7fffff"},"type":"Polygon","arcs":[[1796,-7971,-3436,1797,1798,-10808]],"id":1367},{"properties":{"hex_id":"8829a5654bfffff"},"type":"Polygon","arcs":[[-5814,1799,-6252,-9767,-6758,-3205]],"id":1368},{"properties":{"hex_id":"8829a1993dfffff"},"type":"Polygon","arcs":[[-5366,1800,-1966,-5722,1801,-7938]],"id":1369},{"properties":{"hex_id":"8829a56895fffff"},"type":"Polygon","arcs":[[1802,-4759,1803,-4761,-2216,1804]],"id":1370},{"properties":{"hex_id":"8829a109a5fffff"},"type":"Polygon","arcs":[[-5175,-10943,1805,-10659,1806,-6023]],"id":1371},{"properties":{"hex_id":"8829a56865fffff"},"type":"Polygon","arcs":[[-6049,-4274,1807,-8103,-1984,1808]],"id":1372},{"properties":{"hex_id":"8829a03669fffff"},"type":"Polygon","arcs":[[-5807,-2659,-7695,-1878,-10776,-9717]],"id":1373},{"properties":{"hex_id":"8829a56e03fffff"},"type":"Polygon","arcs":[[-4098,-8725,1809,1810,-10430,1811]],"id":1374},{"properties":{"hex_id":"8829a1d529fffff"},"type":"Polygon","arcs":[[-11392,1812,-10580,1813,-4304,-10582]],"id":1375},{"properties":{"hex_id":"8829a1c64bfffff"},"type":"Polygon","arcs":[[1814,1815,1816,-5403,1817,1818]],"id":1376},{"properties":{"hex_id":"8829a19417fffff"},"type":"Polygon","arcs":[[-10555,-3256,1819,1820,1821]],"id":1377},{"properties":{"hex_id":"8829a565e5fffff"},"type":"Polygon","arcs":[[-5219,1822,1823,1824,1825,-5798]],"id":1378},{"properties":{"hex_id":"8829a0a6c1fffff"},"type":"Polygon","arcs":[[-5959,-10165,-1943,-4331,-5147,-7393]],"id":1379},{"properties":{"hex_id":"8829a1d2c9fffff"},"type":"Polygon","arcs":[[1826,1827,-7891,1828,-3792,-3568]],"id":1380},{"properties":{"hex_id":"8829a18a87fffff"},"type":"Polygon","arcs":[[-3426,-9744,-11388,1829,1830,-8063]],"id":1381},{"properties":{"hex_id":"8829a56703fffff"},"type":"Polygon","arcs":[[1831,1832,1833,1834,-3782]],"id":1382},{"properties":{"hex_id":"8829a1d2e3fffff"},"type":"Polygon","arcs":[[1835,1836,1837,-7430,-8940,-3263]],"id":1383},{"properties":{"hex_id":"8829a14161fffff"},"type":"Polygon","arcs":[[1838,1839,-3176,1840,-5236]],"id":1384},{"properties":{"hex_id":"8829a1d715fffff"},"type":"Polygon","arcs":[[-2825,1841,1842,1843,-2516,-6362]],"id":1385},{"properties":{"hex_id":"8829a1d9c1fffff"},"type":"Polygon","arcs":[[-3520,1844,-5780,1845,-10117,-2704]],"id":1386},{"properties":{"hex_id":"8829a568cbfffff"},"type":"Polygon","arcs":[[1846,1847,-2748,-5560,-11252,-3085]],"id":1387},{"properties":{"hex_id":"8829a18723fffff"},"type":"Polygon","arcs":[[1848,-2678,1849,-2982,1850,-4911]],"id":1388},{"properties":{"hex_id":"8829a0a5cbfffff"},"type":"Polygon","arcs":[[1851,-8979,1852,-7434,-11479,-6826]],"id":1389},{"properties":{"hex_id":"8829a1d333fffff"},"type":"Polygon","arcs":[[-3770,1853,1854,1855,1856,1857]],"id":1390},{"properties":{"hex_id":"8829a565b1fffff"},"type":"Polygon","arcs":[[1858,-3101,1859,1860]],"id":1391},{"properties":{"hex_id":"8829a19917fffff"},"type":"Polygon","arcs":[[-4699,-9539,-5495,1861,-8863,-10641]],"id":1392},{"properties":{"hex_id":"8829a56d5bfffff"},"type":"Polygon","arcs":[[1862,-4496,1863,-3662,1864,1865]],"id":1393},{"properties":{"hex_id":"8829a1d131fffff"},"type":"Polygon","arcs":[[-7741,-7952,1866,1867,1868,-2466]],"id":1394},{"properties":{"hex_id":"8829a19897fffff"},"type":"Polygon","arcs":[[1869,-2303]],"id":1395},{"properties":{"hex_id":"8829a56c03fffff"},"type":"Polygon","arcs":[[-10930,-6307,-3217,-2525,1870,-9242]],"id":1396},{"properties":{"hex_id":"8829a1c311fffff"},"type":"Polygon","arcs":[[-8145,1871,-2734,-3401,1872,-1945]],"id":1397},{"properties":{"hex_id":"8829a1c01dfffff"},"type":"Polygon","arcs":[[1873,1874,1875,1876,-10902,-5414]],"id":1398},{"properties":{"hex_id":"8829a03661fffff"},"type":"Polygon","arcs":[[1877,-7694,1878,-3600,1879,-10777]],"id":1399},{"properties":{"hex_id":"8829a1d19bfffff"},"type":"Polygon","arcs":[[-3400,-10427,-10254,1880,-6564,-4926]],"id":1400},{"properties":{"hex_id":"8829a1146dfffff"},"type":"Polygon","arcs":[[-9817,-6261,-2049,1881,1882,1883]],"id":1401},{"properties":{"hex_id":"8829a1158bfffff"},"type":"Polygon","arcs":[[-9292,-5449,1884,-4474,1885]],"id":1402},{"properties":{"hex_id":"8829a18b43fffff"},"type":"Polygon","arcs":[[-6173,1886,1887,-2273]],"id":1403},{"properties":{"hex_id":"8829a575a1fffff"},"type":"Polygon","arcs":[[-4820,1888,-6056,1889,-7030,1890]],"id":1404},{"properties":{"hex_id":"8829a0ac67fffff"},"type":"Polygon","arcs":[[-4889,-10209,-11375,1891]],"id":1405},{"properties":{"hex_id":"8829a56957fffff"},"type":"Polygon","arcs":[[-3635,-2545,-9076,-7997,-5198,-9991]],"id":1406},{"properties":{"hex_id":"8829a1c25bfffff"},"type":"Polygon","arcs":[[-7762,-10584,-4307,1892,-7637,1893]],"id":1407},{"properties":{"hex_id":"8829a1d223fffff"},"type":"Polygon","arcs":[[-9049,-11174,1894,-3576,1895,-4950]],"id":1408},{"properties":{"hex_id":"8829a1d92dfffff"},"type":"Polygon","arcs":[[-2635,1896,1897,-4085,1898,1899]],"id":1409},{"properties":{"hex_id":"8829a18a21fffff"},"type":"Polygon","arcs":[[-2091,1900,-9396,-9638,-7318,-6726]],"id":1410},{"properties":{"hex_id":"8829a110d7fffff"},"type":"Polygon","arcs":[[-6715,1901,1902,1903,-9753,-4321]],"id":1411},{"properties":{"hex_id":"8829a1124bfffff"},"type":"Polygon","arcs":[[-7201,-7134,1904,-2508,-7722,-2763]],"id":1412},{"properties":{"hex_id":"8829a189dbfffff"},"type":"Polygon","arcs":[[1905,-11428,-10626,1906,-4088,-8854]],"id":1413},{"properties":{"hex_id":"8829a56ea7fffff"},"type":"Polygon","arcs":[[1907,1908,-7553,1909,-3385,-5161]],"id":1414},{"properties":{"hex_id":"8829a19a2bfffff"},"type":"Polygon","arcs":[[1910,-3879,-10082,1911,-2918]],"id":1415},{"properties":{"hex_id":"8829a1d961fffff"},"type":"Polygon","arcs":[[1912,-3711,1913,-2632,1914,-10635]],"id":1416},{"properties":{"hex_id":"8829a1da43fffff"},"type":"Polygon","arcs":[[1915,-9983,-2214,1916,-2043,-4127]],"id":1417},{"properties":{"hex_id":"8829a1d12dfffff"},"type":"Polygon","arcs":[[1917,-5038,-10292,-7454,-4393,-2353]],"id":1418},{"properties":{"hex_id":"8829a18f17fffff"},"type":"Polygon","arcs":[[1918,-2150,-4692,1919,-4537,-6121]],"id":1419},{"properties":{"hex_id":"8829a14431fffff"},"type":"Polygon","arcs":[[1920,-6937,-3659,-4701,1921,1922]],"id":1420},{"properties":{"hex_id":"8829a569a9fffff"},"type":"Polygon","arcs":[[-2258,1923,-5618,-8557,-4483]],"id":1421},{"properties":{"hex_id":"8829a1d055fffff"},"type":"Polygon","arcs":[[-6203,-10130,1924,-2810,1925,1926]],"id":1422},{"properties":{"hex_id":"8829a11195fffff"},"type":"Polygon","arcs":[[1927,1928,1929,-3731,-9126,1930]],"id":1423},{"properties":{"hex_id":"8829a18b23fffff"},"type":"Polygon","arcs":[[-3125,-4390,1931,1932,-8873,-9521]],"id":1424},{"properties":{"hex_id":"8829a56c37fffff"},"type":"Polygon","arcs":[[-3017,1933,1934,1935,-6655,1936]],"id":1425},{"properties":{"hex_id":"8829a5650bfffff"},"type":"Polygon","arcs":[[-3410,1937,1938,1939,-7420,-3751]],"id":1426},{"properties":{"hex_id":"8829a56ee5fffff"},"type":"Polygon","arcs":[[-7384,-2979,-7901,-3703,-7103,-4250]],"id":1427},{"properties":{"hex_id":"8829a0a6c3fffff"},"type":"Polygon","arcs":[[-10164,-10355,1940,1941,-4332,1942]],"id":1428},{"properties":{"hex_id":"8829a1c31dfffff"},"type":"Polygon","arcs":[[1943,-8146,1944,1945,-8810,-11379]],"id":1429},{"properties":{"hex_id":"8829a155c9fffff"},"type":"Polygon","arcs":[[1946,1947,1948,1949]],"id":1430},{"properties":{"hex_id":"8829a189abfffff"},"type":"Polygon","arcs":[[-4185,-10993,1950,-2115,1951,-9827]],"id":1431},{"properties":{"hex_id":"8829a18e59fffff"},"type":"Polygon","arcs":[[1952,1953,-6001,-5345,-1979]],"id":1432},{"properties":{"hex_id":"8829a15531fffff"},"type":"Polygon","arcs":[[1954,-4919,-11062,-2276,-4716,1955]],"id":1433},{"properties":{"hex_id":"8829a10249fffff"},"type":"Polygon","arcs":[[-8158,1956,-11187,-6137,-5955,-2066]],"id":1434},{"properties":{"hex_id":"8829a0ace1fffff"},"type":"Polygon","arcs":[[-10971,1957,1958,-10246,1959,1960]],"id":1435},{"properties":{"hex_id":"8829a1c2d3fffff"},"type":"Polygon","arcs":[[-3729,-7822,-2201,-10512,-11302,1961]],"id":1436},{"properties":{"hex_id":"8829a56845fffff"},"type":"Polygon","arcs":[[1962,-2126,-2253,-8733,-4753,1963]],"id":1437},{"properties":{"hex_id":"8829a19931fffff"},"type":"Polygon","arcs":[[1964,-8866,-8612,-2614,-5723,1965]],"id":1438},{"properties":{"hex_id":"8829a0ae91fffff"},"type":"Polygon","arcs":[[1966,-6225,-5065,1967,-9661,1968]],"id":1439},{"properties":{"hex_id":"8829a56b53fffff"},"type":"Polygon","arcs":[[-3208,-7744,1969]],"id":1440},{"properties":{"hex_id":"8829a1d007fffff"},"type":"Polygon","arcs":[[-2711,-7085,-5731,1970,-2263,1971]],"id":1441},{"properties":{"hex_id":"8829a0a69bfffff"},"type":"Polygon","arcs":[[-6579,1972,-5513,-10234,1973,1974]],"id":1442},{"properties":{"hex_id":"8829a1d843fffff"},"type":"Polygon","arcs":[[-2060,1975,-4372,-10957,-8836,1976]],"id":1443},{"properties":{"hex_id":"8829a180b7fffff"},"type":"Polygon","arcs":[[1977,1978,-5344,1979,1980]],"id":1444},{"properties":{"hex_id":"8829a561e3fffff"},"type":"Polygon","arcs":[[-11507,1981,-11078,-5809,-2475]],"id":1445},{"properties":{"hex_id":"8829a56b1dfffff"},"type":"Polygon","arcs":[[-7748,-5946,1982]],"id":1446},{"properties":{"hex_id":"8829a56959fffff"},"type":"Polygon","arcs":[[1983,-8108,-3633,1984]],"id":1447},{"properties":{"hex_id":"8829a560c1fffff"},"type":"Polygon","arcs":[[-8135,1985,1986,1987,-4639,1988]],"id":1448},{"properties":{"hex_id":"8829a56eb5fffff"},"type":"Polygon","arcs":[[1989,-7905,-5357,1990,-7549,1991]],"id":1449},{"properties":{"hex_id":"8829a18adbfffff"},"type":"Polygon","arcs":[[1992,-11500,-2513,-4172,-2756,1993]],"id":1450},{"properties":{"hex_id":"8829a188cdfffff"},"type":"Polygon","arcs":[[1994,1995,-4104,-4067,1996,-7618]],"id":1451},{"properties":{"hex_id":"8829a56a2bfffff"},"type":"Polygon","arcs":[[1997,1998,-6991,-3333,-5966,-4374]],"id":1452},{"properties":{"hex_id":"8829a0a507fffff"},"type":"Polygon","arcs":[[-5238,1999,2000,-10889,-6452,-3383]],"id":1453},{"properties":{"hex_id":"8829a0ac3bfffff"},"type":"Polygon","arcs":[[-6008,-7364,2001,2002,-8219,-5481]],"id":1454},{"properties":{"hex_id":"8829a5616bfffff"},"type":"Polygon","arcs":[[-5826,-9274,-2666,-5732,-10611,-3220]],"id":1455},{"properties":{"hex_id":"8829a1db5bfffff"},"type":"Polygon","arcs":[[2003,-3305,2004,2005,-4256,-5526]],"id":1456},{"properties":{"hex_id":"8829a18f45fffff"},"type":"Polygon","arcs":[[-2868,-6770,-6427,2006,2007,2008]],"id":1457},{"properties":{"hex_id":"8829a1025bfffff"},"type":"Polygon","arcs":[[2009,2010,2011,2012,-3590,-3040]],"id":1458},{"properties":{"hex_id":"8829a1d5c9fffff"},"type":"Polygon","arcs":[[-6353,-5922,-7685,-7244,-8261,-3507]],"id":1459},{"properties":{"hex_id":"8829a18e35fffff"},"type":"Polygon","arcs":[[-3324,2013,2014,2015,-3429,-2943]],"id":1460},{"properties":{"hex_id":"8829a144c3fffff"},"type":"Polygon","arcs":[[2016,2017,2018,-7155,2019]],"id":1461},{"properties":{"hex_id":"8829a0adbbfffff"},"type":"Polygon","arcs":[[2020,-9718,-10780,2021,2022,-2101]],"id":1462},{"properties":{"hex_id":"8829a56987fffff"},"type":"Polygon","arcs":[[2023,-2688,2024,-4398,2025]],"id":1463},{"properties":{"hex_id":"8829a154a7fffff"},"type":"Polygon","arcs":[[-2028,-5401,-3971,-11029,-3983,-8451]],"id":1464},{"properties":{"hex_id":"8829a199ebfffff"},"type":"Polygon","arcs":[[-3153,-2913,-4183,-9530,-3310,-5492]],"id":1465},{"properties":{"hex_id":"8829a154a1fffff"},"type":"Polygon","arcs":[[2026,-5402,2027,-8450,-7954]],"id":1466},{"properties":{"hex_id":"8829a56529fffff"},"type":"Polygon","arcs":[[-2708,-5436,2028,2029,-3533,-4585]],"id":1467},{"properties":{"hex_id":"8829a18913fffff"},"type":"Polygon","arcs":[[-5693,2030,-6444,2031,-2599,-7348]],"id":1468},{"properties":{"hex_id":"8829a1d31dfffff"},"type":"Polygon","arcs":[[2032,-9419,2033,-10095,2034,2035]],"id":1469},{"properties":{"hex_id":"8829a56a01fffff"},"type":"Polygon","arcs":[[-10619,-3141,-10938,2036,2037,-5170]],"id":1470},{"properties":{"hex_id":"8829a56535fffff"},"type":"Polygon","arcs":[[-11487,2038,-9670,-11472,2039,2040]],"id":1471},{"properties":{"hex_id":"8829a1d0bbfffff"},"type":"Polygon","arcs":[[-3883,2041,-6118,-10479,-2130,-5884]],"id":1472},{"properties":{"hex_id":"8829a1da47fffff"},"type":"Polygon","arcs":[[-4128,2042,2043,2044,-11246,-2769]],"id":1473},{"properties":{"hex_id":"8829a14255fffff"},"type":"Polygon","arcs":[[-5950,-6894,2045]],"id":1474},{"properties":{"hex_id":"8829a11461fffff"},"type":"Polygon","arcs":[[-6260,-4567,2046,-4130,2047,2048]],"id":1475},{"properties":{"hex_id":"8829a1d939fffff"},"type":"Polygon","arcs":[[-2692,2049,2050,2051,-4605,-9220]],"id":1476},{"properties":{"hex_id":"8829a5799bfffff"},"type":"Polygon","arcs":[[-8048,2052,-6517,2053]],"id":1477},{"properties":{"hex_id":"8829a1028dfffff"},"type":"Polygon","arcs":[[2054,-7181,2055]],"id":1478},{"properties":{"hex_id":"8829a1889bfffff"},"type":"Polygon","arcs":[[-5534,-9647,-6483,-7627,-2494,2056]],"id":1479},{"properties":{"hex_id":"8829a1d84bfffff"},"type":"Polygon","arcs":[[-9227,2057,2058,2059,2060,-10753]],"id":1480},{"properties":{"hex_id":"8829a11341fffff"},"type":"Polygon","arcs":[[-3149,-3811,2061,-10832,-3500,2062]],"id":1481},{"properties":{"hex_id":"8829a1d50bfffff"},"type":"Polygon","arcs":[[-2620,2063,-5460,-5310,-3045,2064]],"id":1482},{"properties":{"hex_id":"8829a569d9fffff"},"type":"Polygon","arcs":[[-8008,-6687,-3987,-6956,-11396,-10912]],"id":1483},{"properties":{"hex_id":"8829a110a7fffff"},"type":"Polygon","arcs":[[-4787,-8159,2065,-5954,-5625,-2915]],"id":1484},{"properties":{"hex_id":"8829a115d3fffff"},"type":"Polygon","arcs":[[2066,2067,2068,2069,-5446,-6044]],"id":1485},{"properties":{"hex_id":"8829a198ebfffff"},"type":"Polygon","arcs":[[-4438,-9119,2070,2071,-3088,-7212]],"id":1486},{"properties":{"hex_id":"8829a56a95fffff"},"type":"Polygon","arcs":[[-3861,2072,2073,-9649,-2486,-6635]],"id":1487},{"properties":{"hex_id":"8829a562a1fffff"},"type":"Polygon","arcs":[[-6493,-7447,-3828,-7491,2074,-2629]],"id":1488},{"properties":{"hex_id":"8829a5621dfffff"},"type":"Polygon","arcs":[[-6347,-10232,2075,-4108,-2299,-4206]],"id":1489},{"properties":{"hex_id":"8829a565c7fffff"},"type":"Polygon","arcs":[[-3229,-8539,-7375,2076,-10758,-2999]],"id":1490},{"properties":{"hex_id":"8829a1888bfffff"},"type":"Polygon","arcs":[[-7929,-10955,-8479,-10714,2077,2078]],"id":1491},{"properties":{"hex_id":"8829a1d41bfffff"},"type":"Polygon","arcs":[[2079,-6400,-8381,2080,-10052,-2745]],"id":1492},{"properties":{"hex_id":"8829a0a681fffff"},"type":"Polygon","arcs":[[2081,-5444,2082,-5579,2083,2084]],"id":1493},{"properties":{"hex_id":"8829a1c309fffff"},"type":"Polygon","arcs":[[-4487,-4877,-11382,2085,2086,2087]],"id":1494},{"properties":{"hex_id":"8829a18a29fffff"},"type":"Polygon","arcs":[[-6749,2088,2089,2090,-6725,-4882]],"id":1495},{"properties":{"hex_id":"8829a18a9dfffff"},"type":"Polygon","arcs":[[-2292,-3093,2091,2092,-9742,-4277]],"id":1496},{"properties":{"hex_id":"8829a56d29fffff"},"type":"Polygon","arcs":[[-6745,2093,2094,2095,-6640,2096]],"id":1497},{"properties":{"hex_id":"8829a198dbfffff"},"type":"Polygon","arcs":[[-8637,-3778,-6342,2097,-4160,-4929]],"id":1498},{"properties":{"hex_id":"8829a0adb9fffff"},"type":"Polygon","arcs":[[2098,2099,2100,2101,2102,2103]],"id":1499},{"properties":{"hex_id":"8829a1c207fffff"},"type":"Polygon","arcs":[[2104,2105,-2439,2106,2107,-6371]],"id":1500},{"properties":{"hex_id":"8829a1881dfffff"},"type":"Polygon","arcs":[[2108,2109,-2430,-6790,-6088,2110]],"id":1501},{"properties":{"hex_id":"8829a18e4dfffff"},"type":"Polygon","arcs":[[2111,-5577,-4027,-2594,-9159,-3537]],"id":1502},{"properties":{"hex_id":"8829a56eddfffff"},"type":"Polygon","arcs":[[-9669,2112,-5197,2113,-9321,-11474]],"id":1503},{"properties":{"hex_id":"8829a189a3fffff"},"type":"Polygon","arcs":[[2114,2115,-7501,-3148,2116]],"id":1504},{"properties":{"hex_id":"8829a56c55fffff"},"type":"Polygon","arcs":[[-6739,2117,-9173,-10927,2118,2119]],"id":1505},{"properties":{"hex_id":"8829a569c5fffff"},"type":"Polygon","arcs":[[-2377,2120,2121,2122,-7481,-5998]],"id":1506},{"properties":{"hex_id":"8829a56d6dfffff"},"type":"Polygon","arcs":[[2123,2124,-3346,-5643,-4058,-4763]],"id":1507},{"properties":{"hex_id":"8829a56841fffff"},"type":"Polygon","arcs":[[-2604,-6381,-3343,-2252,2125,2126]],"id":1508},{"properties":{"hex_id":"8829a10347fffff"},"type":"Polygon","arcs":[[-6247,2127,-5376,-7800,-10562,2128]],"id":1509},{"properties":{"hex_id":"8829a1d0b1fffff"},"type":"Polygon","arcs":[[-5885,2129,-10484,-7769,-4642,-9043]],"id":1510},{"properties":{"hex_id":"8829a1c24bfffff"},"type":"Polygon","arcs":[[-4643,-7772,2130,2131,2132,-2597]],"id":1511},{"properties":{"hex_id":"8829a575b1fffff"},"type":"Polygon","arcs":[[-4051,2133,-3111,-2667,2134,2135]],"id":1512},{"properties":{"hex_id":"8829a1d067fffff"},"type":"Polygon","arcs":[[-10278,-6290,2136,2137]],"id":1513},{"properties":{"hex_id":"8829a1d86bfffff"},"type":"Polygon","arcs":[[-2573,-8838,-4124,-7646,2138,-8413]],"id":1514},{"properties":{"hex_id":"8829a1159bfffff"},"type":"Polygon","arcs":[[2139,-7222,-3005,-9610,2140,2141]],"id":1515},{"properties":{"hex_id":"8829a56eb3fffff"},"type":"Polygon","arcs":[[-2922,-7002,-9364,2142,-5354,-7903]],"id":1516},{"properties":{"hex_id":"8829a569c9fffff"},"type":"Polygon","arcs":[[-3449,-2548,-7466,2143,-2375,-6835]],"id":1517},{"properties":{"hex_id":"8829a155e3fffff"},"type":"Polygon","arcs":[[-9367,-3850,-2305,-3615,-3911,-5450]],"id":1518},{"properties":{"hex_id":"8829a1158dfffff"},"type":"Polygon","arcs":[[-4165,2144,-4476,2145,-2858,2146]],"id":1519},{"properties":{"hex_id":"8829a18f13fffff"},"type":"Polygon","arcs":[[2147,2148,-3171,-4688,2149,2150]],"id":1520},{"properties":{"hex_id":"8829a1c305fffff"},"type":"Polygon","arcs":[[2151,2152,-3588,2153,-8439,-4397]],"id":1521},{"properties":{"hex_id":"8829a1c281fffff"},"type":"Polygon","arcs":[[-3504,-2382,-6572,-10862,-11150,-2441]],"id":1522},{"properties":{"hex_id":"8829a18801fffff"},"type":"Polygon","arcs":[[2154,2155,-6091,2156,-5649,-6603]],"id":1523},{"properties":{"hex_id":"8829a1d0adfffff"},"type":"Polygon","arcs":[[-10092,2157,-8549,-3399,-7734,-3145]],"id":1524},{"properties":{"hex_id":"8829a0a421fffff"},"type":"Polygon","arcs":[[2158,-9979,-8251,-3670,2159]],"id":1525},{"properties":{"hex_id":"8829a1d827fffff"},"type":"Polygon","arcs":[[-4404,2160,-3522,-2703,-9504,-2348]],"id":1526},{"properties":{"hex_id":"8829a18ae1fffff"},"type":"Polygon","arcs":[[2161,-3371,2162,2163,-3675,-3906]],"id":1527},{"properties":{"hex_id":"8829a1d941fffff"},"type":"Polygon","arcs":[[-9494,-3688,-7755,-5206,2164,-6384]],"id":1528},{"properties":{"hex_id":"8829a19b57fffff"},"type":"Polygon","arcs":[[-9306,2165,-2371,-2764,-3113,2166]],"id":1529},{"properties":{"hex_id":"8829a1d261fffff"},"type":"Polygon","arcs":[[-2449,-6731,2167,2168,-7409,-9487]],"id":1530},{"properties":{"hex_id":"8829a0adc5fffff"},"type":"Polygon","arcs":[[-3396,-7817,-7341,-7299,-8910,2169]],"id":1531},{"properties":{"hex_id":"8829a56dc7fffff"},"type":"Polygon","arcs":[[2170,2171,-9435,2172,2173,2174]],"id":1532},{"properties":{"hex_id":"8829a10929fffff"},"type":"Polygon","arcs":[[-9058,2175,2176,-2787,2177,-4783]],"id":1533},{"properties":{"hex_id":"8829a18f31fffff"},"type":"Polygon","arcs":[[2178,-4540,2179,2180,2181,2182]],"id":1534},{"properties":{"hex_id":"8829a1d409fffff"},"type":"Polygon","arcs":[[2183,2184,2185,-4219,-7216,2186]],"id":1535},{"properties":{"hex_id":"8829a18d69fffff"},"type":"Polygon","arcs":[[-7630,-2700,-3939,2187,-2790,-9033]],"id":1536},{"properties":{"hex_id":"8829a560a5fffff"},"type":"Polygon","arcs":[[2188,2189,2190,-7979,-5350,2191]],"id":1537},{"properties":{"hex_id":"8829a11715fffff"},"type":"Polygon","arcs":[[-7191,-8168,-9819,2192,2193,2194]],"id":1538},{"properties":{"hex_id":"8829a18b25fffff"},"type":"Polygon","arcs":[[-5503,-9523,-8877,2195,-2235,2196]],"id":1539},{"properties":{"hex_id":"8829a18331fffff"},"type":"Polygon","arcs":[[2197,-9473,-4380,-4867,-4266]],"id":1540},{"properties":{"hex_id":"8829a1d5a5fffff"},"type":"Polygon","arcs":[[-7821,-8630,2198,2199,-10513,2200]],"id":1541},{"properties":{"hex_id":"8829a19a31fffff"},"type":"Polygon","arcs":[[-6652,2201,2202,-4731,2203,-10079]],"id":1542},{"properties":{"hex_id":"8829a18acdfffff"},"type":"Polygon","arcs":[[-6125,-8181,2204]],"id":1543},{"properties":{"hex_id":"8829a14a19fffff"},"type":"Polygon","arcs":[[2205,-10749,2206,-8124]],"id":1544},{"properties":{"hex_id":"8829a565cdfffff"},"type":"Polygon","arcs":[[-8657,2207,-3231,-2998,2208,2209]],"id":1545},{"properties":{"hex_id":"8829a1da55fffff"},"type":"Polygon","arcs":[[-9982,-8704,2210,2211,2212,2213]],"id":1546},{"properties":{"hex_id":"8829a568b9fffff"},"type":"Polygon","arcs":[[2214,2215,-4766,2216,-3743,-9913]],"id":1547},{"properties":{"hex_id":"8829a1c297fffff"},"type":"Polygon","arcs":[[-5667,2217,2218,-6487,2219,-7959]],"id":1548},{"properties":{"hex_id":"8829a1c687fffff"},"type":"Polygon","arcs":[[2220,2221,2222,2223,2224,2225]],"id":1549},{"properties":{"hex_id":"8829a561b1fffff"},"type":"Polygon","arcs":[[-8664,-9511,2226,2227,-4996]],"id":1550},{"properties":{"hex_id":"8829a56133fffff"},"type":"Polygon","arcs":[[2228,-6662,-2380,-2892,2229,2230]],"id":1551},{"properties":{"hex_id":"8829a1d251fffff"},"type":"Polygon","arcs":[[-3029,2231,2232,-7596,-3491,-3321]],"id":1552},{"properties":{"hex_id":"8829a1d499fffff"},"type":"Polygon","arcs":[[2233,2234,2235,2236,2237,-4772]],"id":1553},{"properties":{"hex_id":"8829a56759fffff"},"type":"Polygon","arcs":[[-3109,2238,2239,-2668]],"id":1554},{"properties":{"hex_id":"8829a56815fffff"},"type":"Polygon","arcs":[[2240,2241,-7306,-3829,2242,-3945]],"id":1555},{"properties":{"hex_id":"8829a1455bfffff"},"type":"Polygon","arcs":[[-8277,-4407,-6680,2243,2244]],"id":1556},{"properties":{"hex_id":"8829a1109bfffff"},"type":"Polygon","arcs":[[-2716,2245,-6304,-11093,2246,2247]],"id":1557},{"properties":{"hex_id":"8829a14227fffff"},"type":"Polygon","arcs":[[2248,-2313,2249,2250]],"id":1558},{"properties":{"hex_id":"8829a56847fffff"},"type":"Polygon","arcs":[[2251,-3342,-4190,-7186,-8734,2252]],"id":1559},{"properties":{"hex_id":"8829a1d635fffff"},"type":"Polygon","arcs":[[-10437,-11325,2253,-8825,-10406,2254]],"id":1560},{"properties":{"hex_id":"8829a569e3fffff"},"type":"Polygon","arcs":[[2255,-2324,2256,2257,-4482,2258]],"id":1561},{"properties":{"hex_id":"8829a14401fffff"},"type":"Polygon","arcs":[[-4713,2259,-7988,2260,-2612,-7259]],"id":1562},{"properties":{"hex_id":"8829a1d02bfffff"},"type":"Polygon","arcs":[[2261,2262,2263,-6842,2264,2265]],"id":1563},{"properties":{"hex_id":"8829a1d16dfffff"},"type":"Polygon","arcs":[[2266,-8506,2267,-7796,-5227]],"id":1564},{"properties":{"hex_id":"8829a1d8e9fffff"},"type":"Polygon","arcs":[[-4707,2268,2269,-3134,2270]],"id":1565},{"properties":{"hex_id":"8829a18b41fffff"},"type":"Polygon","arcs":[[2271,-6174,2272,2273,-3895,2274]],"id":1566},{"properties":{"hex_id":"8829a15537fffff"},"type":"Polygon","arcs":[[2275,-11061,2276,-7994,2277,-4717]],"id":1567},{"properties":{"hex_id":"8829a562cdfffff"},"type":"Polygon","arcs":[[2278,-2384,-10320,-4075,-3846,-3561]],"id":1568},{"properties":{"hex_id":"8829a18f19fffff"},"type":"Polygon","arcs":[[-4038,2279,2280,2281,-4017,-8707]],"id":1569},{"properties":{"hex_id":"8829a562b5fffff"},"type":"Polygon","arcs":[[2282,-9319,2283,2284,-8133,-3827]],"id":1570},{"properties":{"hex_id":"8829a144cdfffff"},"type":"Polygon","arcs":[[-3286,-8436,2285,-3059,2286,2287]],"id":1571},{"properties":{"hex_id":"8829a1d5abfffff"},"type":"Polygon","arcs":[[-3925,2288,-4379,2289,-8627,2290]],"id":1572},{"properties":{"hex_id":"8829a18ad7fffff"},"type":"Polygon","arcs":[[-2757,-4176,-3094,2291,-4276,2292]],"id":1573},{"properties":{"hex_id":"8829a18d5dfffff"},"type":"Polygon","arcs":[[2293,-10739,2294,2295,2296,-11259]],"id":1574},{"properties":{"hex_id":"8829a568c7fffff"},"type":"Polygon","arcs":[[-11254,-5562,-5747,-8604,-5904,2297]],"id":1575},{"properties":{"hex_id":"8829a56203fffff"},"type":"Polygon","arcs":[[-4207,2298,-4112,2299,2300,-3361]],"id":1576},{"properties":{"hex_id":"8829a19895fffff"},"type":"Polygon","arcs":[[2301,2302,2303,-3852,-2339]],"id":1577},{"properties":{"hex_id":"8829a15585fffff"},"type":"Polygon","arcs":[[-3849,-6624,-5599,-2575,-3616,2304]],"id":1578},{"properties":{"hex_id":"8829a1d559fffff"},"type":"Polygon","arcs":[[-9583,-10414,-3915,-5737,-8728,2305]],"id":1579},{"properties":{"hex_id":"8829a14207fffff"},"type":"Polygon","arcs":[[-4384,2306,-11163,-7913,2307,2308]],"id":1580},{"properties":{"hex_id":"8829a14049fffff"},"type":"Polygon","arcs":[[2309,-2761,-7993,2310,2311,2312]],"id":1581},{"properties":{"hex_id":"8829a19b13fffff"},"type":"Polygon","arcs":[[-8965,-5133,-11107,2313,2314,2315]],"id":1582},{"properties":{"hex_id":"8829a56cabfffff"},"type":"Polygon","arcs":[[2316,2317,-2706,-11439,2318,-3433]],"id":1583},{"properties":{"hex_id":"8829a5698dfffff"},"type":"Polygon","arcs":[[2319,2320,2321,2322,2323,2324]],"id":1584},{"properties":{"hex_id":"8829a18ab1fffff"},"type":"Polygon","arcs":[[-11386,2325,-6852,-2532,-3210,2326]],"id":1585},{"properties":{"hex_id":"8829a1d2b5fffff"},"type":"Polygon","arcs":[[2327,-2623,-10528,2328,-8567,-9948]],"id":1586},{"properties":{"hex_id":"8829a1d295fffff"},"type":"Polygon","arcs":[[2329,2330,2331,-2431,-4674,-10985]],"id":1587},{"properties":{"hex_id":"8829a0acb3fffff"},"type":"Polygon","arcs":[[-2563,-10637,2332,-4856,-5242,2333]],"id":1588},{"properties":{"hex_id":"8829a0acb9fffff"},"type":"Polygon","arcs":[[-8295,-2565,2334,-2649,2335]],"id":1589},{"properties":{"hex_id":"8829a19883fffff"},"type":"Polygon","arcs":[[2336,2337,2338,-3851,2339,-5471]],"id":1590},{"properties":{"hex_id":"8829a0acc5fffff"},"type":"Polygon","arcs":[[2340,2341,2342,2343,-10969,-4710]],"id":1591},{"properties":{"hex_id":"8829a1d45dfffff"},"type":"Polygon","arcs":[[2344,-7590,-3098,2345,2346,-8827]],"id":1592},{"properties":{"hex_id":"8829a1d825fffff"},"type":"Polygon","arcs":[[-8245,-4405,2347,-9503,2348,2349]],"id":1593},{"properties":{"hex_id":"8829a1da5bfffff"},"type":"Polygon","arcs":[[2350,2351,2352,-4392,-8701,2353]],"id":1594},{"properties":{"hex_id":"8829a189e5fffff"},"type":"Polygon","arcs":[[2354,2355,-5845,2356,-5984,2357]],"id":1595},{"properties":{"hex_id":"8829a560e7fffff"},"type":"Polygon","arcs":[[2358,-11300,2359,2360,-4651,2361]],"id":1596},{"properties":{"hex_id":"8829a11731fffff"},"type":"Polygon","arcs":[[2362,2363,2364,-6866,-5215,-8466]],"id":1597},{"properties":{"hex_id":"8829a56d91fffff"},"type":"Polygon","arcs":[[2365,2366,-2456,-11034,2367,-2555]],"id":1598},{"properties":{"hex_id":"8829a19b19fffff"},"type":"Polygon","arcs":[[2368,-10504,-8967,2369,-2765,2370]],"id":1599},{"properties":{"hex_id":"8829a1d46bfffff"},"type":"Polygon","arcs":[[-4064,2371,-7219,-9104,-2402,2372]],"id":1600},{"properties":{"hex_id":"8829a18debfffff"},"type":"Polygon","arcs":[[-10699,-3194,2373,-2534,-4574]],"id":1601},{"properties":{"hex_id":"8829a569cdfffff"},"type":"Polygon","arcs":[[-6836,2374,2375,2376,-5997,2377]],"id":1602},{"properties":{"hex_id":"8829a561e5fffff"},"type":"Polygon","arcs":[[-6661,-2476,-5811,2378,-2893,2379]],"id":1603},{"properties":{"hex_id":"8829a1c28bfffff"},"type":"Polygon","arcs":[[2380,-11305,-6011,-6569,2381,-3503]],"id":1604},{"properties":{"hex_id":"8829a562c9fffff"},"type":"Polygon","arcs":[[2382,-2541,-10315,2383,2384]],"id":1605},{"properties":{"hex_id":"8829a568a9fffff"},"type":"Polygon","arcs":[[-6930,-10590,-5286,-10357,-10593,2385]],"id":1606},{"properties":{"hex_id":"8829a189ebfffff"},"type":"Polygon","arcs":[[-6442,-7584,-5992,-4505,2386,2387]],"id":1607},{"properties":{"hex_id":"8829a199bdfffff"},"type":"Polygon","arcs":[[2388,-7518,2389,-11262,-3187,-9151]],"id":1608},{"properties":{"hex_id":"8829a15595fffff"},"type":"Polygon","arcs":[[-2611,2390,-4881,2391,-8360,-7531]],"id":1609},{"properties":{"hex_id":"8829a1121dfffff"},"type":"Polygon","arcs":[[-10269,-7660,2392,2393,-3612,-9737]],"id":1610},{"properties":{"hex_id":"8829a56a81fffff"},"type":"Polygon","arcs":[[-5753,2394,-6638,2395,-4004,-10338]],"id":1611},{"properties":{"hex_id":"8829a18d65fffff"},"type":"Polygon","arcs":[[-2792,2396,2397,2398,2399,-5388]],"id":1612},{"properties":{"hex_id":"8829a1d461fffff"},"type":"Polygon","arcs":[[2400,2401,-9109,2402,-10411,2403]],"id":1613},{"properties":{"hex_id":"8829a181bbfffff"},"type":"Polygon","arcs":[[2404,-10003,2405,-7293,2406,-4351]],"id":1614},{"properties":{"hex_id":"8829a1c40bfffff"},"type":"Polygon","arcs":[[2407,-4195,2408,2409,2410]],"id":1615},{"properties":{"hex_id":"8829a10661fffff"},"type":"Polygon","arcs":[[-8796,-5606,2411]],"id":1616},{"properties":{"hex_id":"8829a0ac09fffff"},"type":"Polygon","arcs":[[2412,-8592,-5223,2413,2414]],"id":1617},{"properties":{"hex_id":"8829a5611dfffff"},"type":"Polygon","arcs":[[2415,-4491,-3261,2416,-3019,-10964]],"id":1618},{"properties":{"hex_id":"8829a0374bfffff"},"type":"Polygon","arcs":[[-3978,-6781,2417,-5915,-3624]],"id":1619},{"properties":{"hex_id":"8829a10985fffff"},"type":"Polygon","arcs":[[2418,2419,-8005,-7574,-3049,2420]],"id":1620},{"properties":{"hex_id":"8829a1c46dfffff"},"type":"Polygon","arcs":[[2421,-8301,2422,2423,-8757]],"id":1621},{"properties":{"hex_id":"8829a1c331fffff"},"type":"Polygon","arcs":[[-2656,-2662,-9014,2424,-3788,2425]],"id":1622},{"properties":{"hex_id":"8829a18811fffff"},"type":"Polygon","arcs":[[2426,-7620,2427,2428,-6791,2429]],"id":1623},{"properties":{"hex_id":"8829a1d2bbfffff"},"type":"Polygon","arcs":[[2430,2431,2432,-6709,-2622,-4675]],"id":1624},{"properties":{"hex_id":"8829a03621fffff"},"type":"Polygon","arcs":[[-5860,2433,2434]],"id":1625},{"properties":{"hex_id":"8829a1c239fffff"},"type":"Polygon","arcs":[[2435,2436,-2644,-11406,2437,2438]],"id":1626},{"properties":{"hex_id":"8829a1c28dfffff"},"type":"Polygon","arcs":[[2439,-3505,2440,-11149,-4261,2441]],"id":1627},{"properties":{"hex_id":"8829a18981fffff"},"type":"Polygon","arcs":[[2442,2443,-4844,-10989,-4184,-5989]],"id":1628},{"properties":{"hex_id":"8829a11309fffff"},"type":"Polygon","arcs":[[2444,-4254,2445,2446,-10834]],"id":1629},{"properties":{"hex_id":"8829a1d269fffff"},"type":"Polygon","arcs":[[2447,-7911,-6732,2448,-9486,-7593]],"id":1630},{"properties":{"hex_id":"8829a145cdfffff"},"type":"Polygon","arcs":[[2449,-3574,2450,-9855,-6187,2451]],"id":1631},{"properties":{"hex_id":"8829a56d93fffff"},"type":"Polygon","arcs":[[2452,-3354,2453,2454,-11035,2455]],"id":1632},{"properties":{"hex_id":"8829a0aee5fffff"},"type":"Polygon","arcs":[[-6394,-6020,2456,-8266,-7209,-5333]],"id":1633},{"properties":{"hex_id":"8829a1d721fffff"},"type":"Polygon","arcs":[[-4297,2457,2458,2459,2460,-7830]],"id":1634},{"properties":{"hex_id":"8829a1985bfffff"},"type":"Polygon","arcs":[[-3719,2461,-9778,-3026,-4894,-8341]],"id":1635},{"properties":{"hex_id":"8829a5674bfffff"},"type":"Polygon","arcs":[[2462,-2670,2463,-4335,-3558,2464]],"id":1636},{"properties":{"hex_id":"8829a1d13dfffff"},"type":"Polygon","arcs":[[-5925,-7742,2465,2466,2467,2468]],"id":1637},{"properties":{"hex_id":"8829a1c219fffff"},"type":"Polygon","arcs":[[2469,-5048,2470,-2503,-6607,-5330]],"id":1638},{"properties":{"hex_id":"8829a19997fffff"},"type":"Polygon","arcs":[[2471,2472,-3619,-9933,-5378,2473]],"id":1639},{"properties":{"hex_id":"8829a561e1fffff"},"type":"Polygon","arcs":[[-7061,-11508,2474,-5808,2475,-6660]],"id":1640},{"properties":{"hex_id":"8829a144d9fffff"},"type":"Polygon","arcs":[[-8394,2476,2477,-3069,2478,-7652]],"id":1641},{"properties":{"hex_id":"8829a15517fffff"},"type":"Polygon","arcs":[[2479,-7612,-7163,2480,-4917,2481]],"id":1642},{"properties":{"hex_id":"8829a1c351fffff"},"type":"Polygon","arcs":[[-7069,-7470,-6359,2482,-4875,2483]],"id":1643},{"properties":{"hex_id":"8829a56a47fffff"},"type":"Polygon","arcs":[[-10197,-2801,-10621,-5169,-3408,2484]],"id":1644},{"properties":{"hex_id":"8829a56ab9fffff"},"type":"Polygon","arcs":[[-6636,2485,-9653,2486,2487,2488]],"id":1645},{"properties":{"hex_id":"8829a144ebfffff"},"type":"Polygon","arcs":[[-3061,-7158,-3910,-4625,2489,-2955]],"id":1646},{"properties":{"hex_id":"8829a1123dfffff"},"type":"Polygon","arcs":[[-10039,2490,-4291,2491,-5764,-7633]],"id":1647},{"properties":{"hex_id":"8829a18891fffff"},"type":"Polygon","arcs":[[2492,2493,-7631,-9031,2494,-8477]],"id":1648},{"properties":{"hex_id":"8829a18d15fffff"},"type":"Polygon","arcs":[[-2939,2495,2496,-10506,-7377,2497]],"id":1649},{"properties":{"hex_id":"8829a1d31bfffff"},"type":"Polygon","arcs":[[-6873,2498,2499,2500,2501,-9417]],"id":1650},{"properties":{"hex_id":"8829a1c211fffff"},"type":"Polygon","arcs":[[2502,2503,2504,2505,2506,-6608]],"id":1651},{"properties":{"hex_id":"8829a11243fffff"},"type":"Polygon","arcs":[[2507,2508,-6546,-4308,2509,-7723]],"id":1652},{"properties":{"hex_id":"8829a181adfffff"},"type":"Polygon","arcs":[[-11499,2510,-2562,2511,-4173,2512]],"id":1653},{"properties":{"hex_id":"8829a1db0bfffff"},"type":"Polygon","arcs":[[2513,-6312,2514,-6612,-3548,-3802]],"id":1654},{"properties":{"hex_id":"8829a1d739fffff"},"type":"Polygon","arcs":[[-6363,2515,2516,2517,-5635,-3898]],"id":1655},{"properties":{"hex_id":"8829a1d617fffff"},"type":"Polygon","arcs":[[-10607,2518,-6229,-5829,-7555,2519]],"id":1656},{"properties":{"hex_id":"8829a1153bfffff"},"type":"Polygon","arcs":[[-4977,-10377,-10265,2520,-11275,2521]],"id":1657},{"properties":{"hex_id":"8829a0ac57fffff"},"type":"Polygon","arcs":[[2522,-5042,-11056,-7477,-8589,2523]],"id":1658},{"properties":{"hex_id":"8829a56c39fffff"},"type":"Polygon","arcs":[[2524,-3216,2525,-3014,-6410,2526]],"id":1659},{"properties":{"hex_id":"8829a1d363fffff"},"type":"Polygon","arcs":[[-11026,-4445,2527,2528,2529,-3172]],"id":1660},{"properties":{"hex_id":"8829a18b15fffff"},"type":"Polygon","arcs":[[2530,-9353,-4345,-5612,-9655,-5557]],"id":1661},{"properties":{"hex_id":"8829a18ab7fffff"},"type":"Polygon","arcs":[[2531,-6851,-5015,2532,-9253,-3211]],"id":1662},{"properties":{"hex_id":"8829a18de1fffff"},"type":"Polygon","arcs":[[-4575,2533,2534,2535]],"id":1663},{"properties":{"hex_id":"8829a11713fffff"},"type":"Polygon","arcs":[[2536,2537,-6257,-9815,-8167]],"id":1664},{"properties":{"hex_id":"8829a562cbfffff"},"type":"Polygon","arcs":[[2538,-7315,2539,-10316,2540]],"id":1665},{"properties":{"hex_id":"8829a0374dfffff"},"type":"Polygon","arcs":[[-4558,-3625,-5918,-5774,2541,2542]],"id":1666},{"properties":{"hex_id":"8829a111abfffff"},"type":"Polygon","arcs":[[2543]],"id":1667},{"properties":{"hex_id":"8829a56953fffff"},"type":"Polygon","arcs":[[-8106,-4727,-9441,-9072,2544,-3634]],"id":1668},{"properties":{"hex_id":"8829a56835fffff"},"type":"Polygon","arcs":[[2545,2546,-10914,-7464,2547,-3448]],"id":1669},{"properties":{"hex_id":"8829a180e3fffff"},"type":"Polygon","arcs":[[-4360,-4460,2548]],"id":1670},{"properties":{"hex_id":"8829a102c9fffff"},"type":"Polygon","arcs":[[-8769,2549,2550,2551,-7487,2552]],"id":1671},{"properties":{"hex_id":"8829a56d9dfffff"},"type":"Polygon","arcs":[[-4658,2553,2554,2555,-8498,2556]],"id":1672},{"properties":{"hex_id":"8829a181a1fffff"},"type":"Polygon","arcs":[[2557,2558,-5763,2559,2560,2561]],"id":1673},{"properties":{"hex_id":"8829a0acbbfffff"},"type":"Polygon","arcs":[[-8294,-6878,-10638,2562,2563,2564]],"id":1674},{"properties":{"hex_id":"8829a1d6c7fffff"},"type":"Polygon","arcs":[[2565,2566,2567,-9264,-8330,-8584]],"id":1675},{"properties":{"hex_id":"8829a56899fffff"},"type":"Polygon","arcs":[[2568,-8850,-4579,-4755,2569,2570]],"id":1676},{"properties":{"hex_id":"8829a1d845fffff"},"type":"Polygon","arcs":[[-2753,2571,-8839,2572,-8412,2573]],"id":1677},{"properties":{"hex_id":"8829a155abfffff"},"type":"Polygon","arcs":[[2574,-5598,2575,-7834,-6433,-3617]],"id":1678},{"properties":{"hex_id":"8829a56e31fffff"},"type":"Polygon","arcs":[[2576,2577,-4251,-5430,2578,2579]],"id":1679},{"properties":{"hex_id":"8829a11059fffff"},"type":"Polygon","arcs":[[2580,2581,2582,-3182,-5265,-6035]],"id":1680},{"properties":{"hex_id":"8829a18e3bfffff"},"type":"Polygon","arcs":[[-5880,-6784,-8488,2583,2584,-6438]],"id":1681},{"properties":{"hex_id":"8829a154b1fffff"},"type":"Polygon","arcs":[[2585,2586,2587,2588]],"id":1682},{"properties":{"hex_id":"8829a5676bfffff"},"type":"Polygon","arcs":[[-7870,-8212,-4048,-10850,-10823,2589]],"id":1683},{"properties":{"hex_id":"8829a18c2dfffff"},"type":"Polygon","arcs":[[2590,-2968,-4649,2591,2592,-6702]],"id":1684},{"properties":{"hex_id":"8829a18e45fffff"},"type":"Polygon","arcs":[[2593,-4026,-5873,-5933,2594,-9160]],"id":1685},{"properties":{"hex_id":"8829a1c249fffff"},"type":"Polygon","arcs":[[2595,-4644,2596,2597,-10250,-10425]],"id":1686},{"properties":{"hex_id":"8829a18917fffff"},"type":"Polygon","arcs":[[-7349,2598,2599,2600,-4851,2601]],"id":1687},{"properties":{"hex_id":"8829a56765fffff"},"type":"Polygon","arcs":[[-10998,-10825,-3632,-9025,2602,-3276]],"id":1688},{"properties":{"hex_id":"8829a56849fffff"},"type":"Polygon","arcs":[[-3334,-3424,-6382,2603,2604,-10140]],"id":1689},{"properties":{"hex_id":"8829a560d3fffff"},"type":"Polygon","arcs":[[-9028,-5508,2605,2606,-6485,2607]],"id":1690},{"properties":{"hex_id":"8829a1559dfffff"},"type":"Polygon","arcs":[[2608,-9896,2609,2610,-7530,-6062]],"id":1691},{"properties":{"hex_id":"8829a14405fffff"},"type":"Polygon","arcs":[[-7260,2611,2612,-2840,-4439,-8959]],"id":1692},{"properties":{"hex_id":"8829a19937fffff"},"type":"Polygon","arcs":[[2613,-8611,-3648,2614,-3682,-5724]],"id":1693},{"properties":{"hex_id":"8829a110abfffff"},"type":"Polygon","arcs":[[-4084,-8155,-4786,2615]],"id":1694},{"properties":{"hex_id":"8829a18d47fffff"},"type":"Polygon","arcs":[[-3117,2616,-9331,-4810,-3937,-2699]],"id":1695},{"properties":{"hex_id":"8829a1020bfffff"},"type":"Polygon","arcs":[[-6270,2617,-6330,-4134,-6505,-9372]],"id":1696},{"properties":{"hex_id":"8829a1d555fffff"},"type":"Polygon","arcs":[[-8730,-5741,2618,2619,2620,-4569]],"id":1697},{"properties":{"hex_id":"8829a1d2b1fffff"},"type":"Polygon","arcs":[[-4676,2621,-6712,-10523,2622,2623]],"id":1698},{"properties":{"hex_id":"8829a1d6b7fffff"},"type":"Polygon","arcs":[[2624,2625,-8891,2626,-10916,2627]],"id":1699},{"properties":{"hex_id":"8829a562adfffff"},"type":"Polygon","arcs":[[-6584,-6494,2628,2629,2630,-8327]],"id":1700},{"properties":{"hex_id":"8829a1d967fffff"},"type":"Polygon","arcs":[[2631,2632,2633,2634,2635,2636]],"id":1701},{"properties":{"hex_id":"8829a1884dfffff"},"type":"Polygon","arcs":[[-9641,-4993,-2898,-6129,-8563,2637]],"id":1702},{"properties":{"hex_id":"8829a56705fffff"},"type":"Polygon","arcs":[[-4047,-3784,2638,-3626,-3364,-10852]],"id":1703},{"properties":{"hex_id":"8829a1d8d1fffff"},"type":"Polygon","arcs":[[-2945,-7324,-2786,-2829,2639,-2949]],"id":1704},{"properties":{"hex_id":"8829a1c23bfffff"},"type":"Polygon","arcs":[[2640,2641,2642,-4114,-11407,2643]],"id":1705},{"properties":{"hex_id":"8829a19817fffff"},"type":"Polygon","arcs":[[2644,-7313,-7214,-9442,-2856,2645]],"id":1706},{"properties":{"hex_id":"8829a1800dfffff"},"type":"Polygon","arcs":[[-5519,2646,-3462,2647]],"id":1707},{"properties":{"hex_id":"8829a0acbdfffff"},"type":"Polygon","arcs":[[2648,2649,-5114,2650,2651]],"id":1708},{"properties":{"hex_id":"8829a56a4bfffff"},"type":"Polygon","arcs":[[2652,-11449,2653,-2799,-10195,-10295]],"id":1709},{"properties":{"hex_id":"8829a1c339fffff"},"type":"Polygon","arcs":[[-8812,2654,-2663,2655,2656,-3585]],"id":1710},{"properties":{"hex_id":"8829a03645fffff"},"type":"Polygon","arcs":[[2657,-9462,-10155,-7691,2658,-5806]],"id":1711},{"properties":{"hex_id":"8829a1c33bfffff"},"type":"Polygon","arcs":[[2659,-3405,2660,-9010,2661,2662]],"id":1712},{"properties":{"hex_id":"8829a5610dfffff"},"type":"Polygon","arcs":[[-9273,-7885,2663,2664,-5733,2665]],"id":1713},{"properties":{"hex_id":"8829a575b7fffff"},"type":"Polygon","arcs":[[2666,-3110,2667,2668,2669,2670]],"id":1714},{"properties":{"hex_id":"8829a0ade3fffff"},"type":"Polygon","arcs":[[-7301,2671,-3301,-7559,2672,-4622]],"id":1715},{"properties":{"hex_id":"8829a1736bfffff"},"type":"Polygon","arcs":[[-7006,2673,-2805,2674,2675]],"id":1716},{"properties":{"hex_id":"8829a1873dfffff"},"type":"Polygon","arcs":[[2676,2677,2678]],"id":1717},{"properties":{"hex_id":"8829a18b31fffff"},"type":"Polygon","arcs":[[-9657,-5616,-2872,-8443,2679,-4388]],"id":1718},{"properties":{"hex_id":"8829a0a581fffff"},"type":"Polygon","arcs":[[2680,-9940,-3422,2681,2682,2683]],"id":1719},{"properties":{"hex_id":"8829a56983fffff"},"type":"Polygon","arcs":[[2684,2685,-5818,2686,2687,2688]],"id":1720},{"properties":{"hex_id":"8829a1d903fffff"},"type":"Polygon","arcs":[[2689,-4434,2690,2691,-9219,2692]],"id":1721},{"properties":{"hex_id":"8829a56a53fffff"},"type":"Polygon","arcs":[[-10135,-5361,-5982,2693,-4903,-3767]],"id":1722},{"properties":{"hex_id":"8829a1d683fffff"},"type":"Polygon","arcs":[[-4527,2694,2695,2696,-7780,2697]],"id":1723},{"properties":{"hex_id":"8829a18d45fffff"},"type":"Polygon","arcs":[[-6482,-3118,2698,-3936,2699,-7629]],"id":1724},{"properties":{"hex_id":"8829a56855fffff"},"type":"Polygon","arcs":[[-4722,-8902,-4327,-3055,-4187,-3341]],"id":1725},{"properties":{"hex_id":"8829a5658bfffff"},"type":"Polygon","arcs":[[2700,-8772,2701,-7372]],"id":1726},{"properties":{"hex_id":"8829a1d9cdfffff"},"type":"Polygon","arcs":[[2702,-3521,2703,-10116,-10107,-9505]],"id":1727},{"properties":{"hex_id":"8829a56cbdfffff"},"type":"Polygon","arcs":[[2704,-4153,-5035,-10670,-11440,2705]],"id":1728},{"properties":{"hex_id":"8829a56563fffff"},"type":"Polygon","arcs":[[2706,-5437,2707,-4584,2708]],"id":1729},{"properties":{"hex_id":"8829a1d001fffff"},"type":"Polygon","arcs":[[2709,-2812,-7086,2710,2711,-10897]],"id":1730},{"properties":{"hex_id":"8829a11725fffff"},"type":"Polygon","arcs":[[2712,2713,2714,2715,2716,2717]],"id":1731},{"properties":{"hex_id":"8829a56e89fffff"},"type":"Polygon","arcs":[[-9323,2718,2719,2720,-9747,2721]],"id":1732},{"properties":{"hex_id":"8829a1d757fffff"},"type":"Polygon","arcs":[[-3247,2722,-9240,-2823,2723,-5301]],"id":1733},{"properties":{"hex_id":"8829a1c729fffff"},"type":"Polygon","arcs":[[2724,-11221,2725,-10710]],"id":1734},{"properties":{"hex_id":"8829a1c327fffff"},"type":"Polygon","arcs":[[-5940,-5126,-10728,2726,2727,-3966]],"id":1735},{"properties":{"hex_id":"8829a1d4a7fffff"},"type":"Polygon","arcs":[[-5851,-5757,2728,2729,-7697,-3308]],"id":1736},{"properties":{"hex_id":"8829a1c313fffff"},"type":"Polygon","arcs":[[2730,-7119,2731,2732,-3402,2733]],"id":1737},{"properties":{"hex_id":"8829a1c2b7fffff"},"type":"Polygon","arcs":[[2734,-5420,-3892,2735,-5654,2736]],"id":1738},{"properties":{"hex_id":"8829a18d35fffff"},"type":"Polygon","arcs":[[2737,2738,2739,2740,2741,-10906]],"id":1739},{"properties":{"hex_id":"8829a1d419fffff"},"type":"Polygon","arcs":[[2742,2743,2744,-10051,-10457,-3349]],"id":1740},{"properties":{"hex_id":"8829a568ddfffff"},"type":"Polygon","arcs":[[2745,-9559,2746,-6806,-5561,2747]],"id":1741},{"properties":{"hex_id":"8829a1db31fffff"},"type":"Polygon","arcs":[[-11336,-4453,2748,-5973,2749,2750]],"id":1742},{"properties":{"hex_id":"8829a1d84dfffff"},"type":"Polygon","arcs":[[-3690,-10755,2751,2752,2753,-3438]],"id":1743},{"properties":{"hex_id":"8829a18ad1fffff"},"type":"Polygon","arcs":[[2754,2755,-4177,2756,2757,2758]],"id":1744},{"properties":{"hex_id":"8829a14235fffff"},"type":"Polygon","arcs":[[-7915,-3483,2759,-7989,2760,2761]],"id":1745},{"properties":{"hex_id":"8829a11249fffff"},"type":"Polygon","arcs":[[-3715,-7202,2762,-7721,-4798,-3674]],"id":1746},{"properties":{"hex_id":"8829a19b1dfffff"},"type":"Polygon","arcs":[[2763,2764,2765,2766,-10121,-3114]],"id":1747},{"properties":{"hex_id":"8829a56e11fffff"},"type":"Polygon","arcs":[[-7152,-4224,-10803,-3652,2767,-8723]],"id":1748},{"properties":{"hex_id":"8829a1da45fffff"},"type":"Polygon","arcs":[[-6830,-4129,2768,-11245,2769,2770]],"id":1749},{"properties":{"hex_id":"8829a10601fffff"},"type":"Polygon","arcs":[[2771,-6706]],"id":1750},{"properties":{"hex_id":"8829a56ee3fffff"},"type":"Polygon","arcs":[[-5707,-9750,2772,2773,-7897,-2978]],"id":1751},{"properties":{"hex_id":"8829a188a9fffff"},"type":"Polygon","arcs":[[2774,-4503,2775,-7534,-10622,-11426]],"id":1752},{"properties":{"hex_id":"8829a561a3fffff"},"type":"Polygon","arcs":[[-4998,2776,-6802,2777]],"id":1753},{"properties":{"hex_id":"8829a19a67fffff"},"type":"Polygon","arcs":[[2778,-2920,-11194,2779,2780]],"id":1754},{"properties":{"hex_id":"8829a1d0e3fffff"},"type":"Polygon","arcs":[[-2798,2781,2782,2783,-10090,-3295]],"id":1755},{"properties":{"hex_id":"8829a1d8d3fffff"},"type":"Polygon","arcs":[[-7323,2784,-3968,-6904,-2830,2785]],"id":1756},{"properties":{"hex_id":"8829a10921fffff"},"type":"Polygon","arcs":[[2786,2787,-4231,2788]],"id":1757},{"properties":{"hex_id":"8829a18d6dfffff"},"type":"Polygon","arcs":[[-9034,2789,2790,2791,-5387,-6555]],"id":1758},{"properties":{"hex_id":"8829a18e65fffff"},"type":"Polygon","arcs":[[2792,-4523,2793,2794,-2827,-7295]],"id":1759},{"properties":{"hex_id":"8829a1d0ebfffff"},"type":"Polygon","arcs":[[-10538,2795,2796,2797,-3294,-3265]],"id":1760},{"properties":{"hex_id":"8829a56a43fffff"},"type":"Polygon","arcs":[[2798,2799,-10404,-10616,2800,-10196]],"id":1761},{"properties":{"hex_id":"8829a1730dfffff"},"type":"Polygon","arcs":[[2801,2802,2803,2804]],"id":1762},{"properties":{"hex_id":"8829a1d859fffff"},"type":"Polygon","arcs":[[2805,-4599,2806,-3327,2807,2808]],"id":1763},{"properties":{"hex_id":"8829a1d00bfffff"},"type":"Polygon","arcs":[[2809,2810,-7029,-7081,2811,2812]],"id":1764},{"properties":{"hex_id":"8829a1d0d3fffff"},"type":"Polygon","arcs":[[-6199,-7832,2813,2814,-11097,2815]],"id":1765},{"properties":{"hex_id":"8829a56f1bfffff"},"type":"Polygon","arcs":[[-7677,-11343,2816,2817,-7825,-7236]],"id":1766},{"properties":{"hex_id":"8829a1d5ebfffff"},"type":"Polygon","arcs":[[-5183,2818,-5501,2819,2820,2821]],"id":1767},{"properties":{"hex_id":"8829a1d71dfffff"},"type":"Polygon","arcs":[[2822,-9239,2823,2824,-6361,2825]],"id":1768},{"properties":{"hex_id":"8829a18f59fffff"},"type":"Polygon","arcs":[[-7296,2826,2827,-7164,-8674,-6968]],"id":1769},{"properties":{"hex_id":"8829a1d8d7fffff"},"type":"Polygon","arcs":[[2828,2829,-6907,-7784,2830,2831]],"id":1770},{"properties":{"hex_id":"8829a56135fffff"},"type":"Polygon","arcs":[[-6474,2832,2833,-3237,-6688,2834]],"id":1771},{"properties":{"hex_id":"8829a56dedfffff"},"type":"Polygon","arcs":[[2835,-5553,-4314,2836,2837,2838]],"id":1772},{"properties":{"hex_id":"8829a1442bfffff"},"type":"Polygon","arcs":[[2839,2840,2841,2842,-4694,-4440]],"id":1773},{"properties":{"hex_id":"8829a1d62dfffff"},"type":"Polygon","arcs":[[2843,-6155,-6697,2844,2845,-9929]],"id":1774},{"properties":{"hex_id":"8829a56097fffff"},"type":"Polygon","arcs":[[-3244,2846,2847,2848,2849,-6945]],"id":1775},{"properties":{"hex_id":"8829a18e2dfffff"},"type":"Polygon","arcs":[[2850,2851,-9414,2852,-4036,2853]],"id":1776},{"properties":{"hex_id":"8829a1983bfffff"},"type":"Polygon","arcs":[[2854,2855,-9447,-6960,-6534,-6509]],"id":1777},{"properties":{"hex_id":"8829a115e3fffff"},"type":"Polygon","arcs":[[2856,2857,2858,2859,-7065]],"id":1778},{"properties":{"hex_id":"8829a18363fffff"},"type":"Polygon","arcs":[[-8745,2860,2861,-3776,2862]],"id":1779},{"properties":{"hex_id":"8829a0adc9fffff"},"type":"Polygon","arcs":[[-4746,2863,2864,-7813,-3395,2865]],"id":1780},{"properties":{"hex_id":"8829a18f4dfffff"},"type":"Polygon","arcs":[[2866,-11192,-6771,2867,2868,-11288]],"id":1781},{"properties":{"hex_id":"8829a18b33fffff"},"type":"Polygon","arcs":[[-5615,2869,2870,-9513,-8444,2871]],"id":1782},{"properties":{"hex_id":"8829a18d33fffff"},"type":"Polygon","arcs":[[-10509,2872,2873,2874,2875]],"id":1783},{"properties":{"hex_id":"8829a1da31fffff"},"type":"Polygon","arcs":[[2876,2877,2878,2879,-9225,2880]],"id":1784},{"properties":{"hex_id":"8829a1d351fffff"},"type":"Polygon","arcs":[[2881,-7946,-4632,2882,-5668,-6586]],"id":1785},{"properties":{"hex_id":"8829a1db21fffff"},"type":"Polygon","arcs":[[2883,2884,-5878,2885,-10813,-7205]],"id":1786},{"properties":{"hex_id":"8829a1da81fffff"},"type":"Polygon","arcs":[[2886,-4936,2887,2888]],"id":1787},{"properties":{"hex_id":"8829a56c19fffff"},"type":"Polygon","arcs":[[2889,-5163,-3387,-9309,-6305,-9171]],"id":1788},{"properties":{"hex_id":"8829a19533fffff"},"type":"Polygon","arcs":[[2890,-6064]],"id":1789},{"properties":{"hex_id":"8829a56ad9fffff"},"type":"Polygon","arcs":[[2891,2892,2893,-10005,2894,2895]],"id":1790},{"properties":{"hex_id":"8829a18841fffff"},"type":"Polygon","arcs":[[-4992,-4330,2896,-5212,-6130,2897]],"id":1791},{"properties":{"hex_id":"8829a146d9fffff"},"type":"Polygon","arcs":[[2898,-3392,2899,-5304,2900]],"id":1792},{"properties":{"hex_id":"8829a1d015fffff"},"type":"Polygon","arcs":[[-7028,-3174,-3496,2901,-5728,-7083]],"id":1793},{"properties":{"hex_id":"8829a146bdfffff"},"type":"Polygon","arcs":[[-11015,-7101,-6083,-5453,2902,-9587]],"id":1794},{"properties":{"hex_id":"8829a1d699fffff"},"type":"Polygon","arcs":[[2903,2904,2905,2906,2907,2908]],"id":1795},{"properties":{"hex_id":"8829a199c7fffff"},"type":"Polygon","arcs":[[2909,2910,2911,-4180,2912,-3152]],"id":1796},{"properties":{"hex_id":"8829a110a5fffff"},"type":"Polygon","arcs":[[2913,-4788,2914,-5624,-4042,-5801]],"id":1797},{"properties":{"hex_id":"8829a19a29fffff"},"type":"Polygon","arcs":[[2915,2916,2917,2918,-11195,2919]],"id":1798},{"properties":{"hex_id":"8829a56ebbfffff"},"type":"Polygon","arcs":[[-4804,2920,-7003,2921,-7902,-11231]],"id":1799},{"properties":{"hex_id":"8829a1d6a3fffff"},"type":"Polygon","arcs":[[2922,-10871,2923,-4822,-6398,2924]],"id":1800},{"properties":{"hex_id":"8829a1d237fffff"},"type":"Polygon","arcs":[[-5167,2925,-9087,-6202,-4210,2926]],"id":1801},{"properties":{"hex_id":"8829a1c05dfffff"},"type":"Polygon","arcs":[[-10795,-5932,2927,-9066,-6027,-9711]],"id":1802},{"properties":{"hex_id":"8829a19abdfffff"},"type":"Polygon","arcs":[[2928,-4833,2929,2930,-8954]],"id":1803},{"properties":{"hex_id":"8829a56dc9fffff"},"type":"Polygon","arcs":[[2931,2932,-6659,2933,2934,-4141]],"id":1804},{"properties":{"hex_id":"8829a1c747fffff"},"type":"Polygon","arcs":[[-9023,2935,-6778,-2965,-8309,2936]],"id":1805},{"properties":{"hex_id":"8829a18d1dfffff"},"type":"Polygon","arcs":[[-3008,-7731,2937,2938,2939,2940]],"id":1806},{"properties":{"hex_id":"8829a18e23fffff"},"type":"Polygon","arcs":[[2941,-3325,2942,-3428,-9088,-9411]],"id":1807},{"properties":{"hex_id":"8829a1d8d9fffff"},"type":"Polygon","arcs":[[2943,-3921,-7325,2944,-2948,-9466]],"id":1808},{"properties":{"hex_id":"8829a1d1b7fffff"},"type":"Polygon","arcs":[[-4839,-3763,-7071,2945,2946,-10158]],"id":1809},{"properties":{"hex_id":"8829a1d8ddfffff"},"type":"Polygon","arcs":[[-9467,2947,2948,2949,2950,-5084]],"id":1810},{"properties":{"hex_id":"8829a5616dfffff"},"type":"Polygon","arcs":[[2951,-3221,-10615,-5150,2952,-8028]],"id":1811},{"properties":{"hex_id":"8829a144e9fffff"},"type":"Polygon","arcs":[[2953,-3062,2954,2955,-3955,2956]],"id":1812},{"properties":{"hex_id":"8829a0376bfffff"},"type":"Polygon","arcs":[[-5776,2957,-3931,2958]],"id":1813},{"properties":{"hex_id":"8829a1d301fffff"},"type":"Polygon","arcs":[[2959,2960,2961,2962,2963,-4443]],"id":1814},{"properties":{"hex_id":"8829a1c70dfffff"},"type":"Polygon","arcs":[[2964,-6777,-7429,-11217,2965,-8310]],"id":1815},{"properties":{"hex_id":"8829a18c29fffff"},"type":"Polygon","arcs":[[2966,-6069,-9484,-4646,2967,2968]],"id":1816},{"properties":{"hex_id":"8829a189d5fffff"},"type":"Polygon","arcs":[[2969,-4091,2970,2971,2972,2973]],"id":1817},{"properties":{"hex_id":"8829a1d341fffff"},"type":"Polygon","arcs":[[-4611,2974,-10101,-4113,-5511]],"id":1818},{"properties":{"hex_id":"8829a194cdfffff"},"type":"Polygon","arcs":[[2975,-3254,-5139]],"id":1819},{"properties":{"hex_id":"8829a56ee1fffff"},"type":"Polygon","arcs":[[2976,-5708,2977,-7896,2978,-7383]],"id":1820},{"properties":{"hex_id":"8829a56c83fffff"},"type":"Polygon","arcs":[[-7329,-5548,2979,-4151,2980,-9377]],"id":1821},{"properties":{"hex_id":"8829a18549fffff"},"type":"Polygon","arcs":[[2981,2982,2983]],"id":1822},{"properties":{"hex_id":"8829a1d05bfffff"},"type":"Polygon","arcs":[[2984,-8943,2985,2986,-10127,-9085]],"id":1823},{"properties":{"hex_id":"8829a56113fffff"},"type":"Polygon","arcs":[[2987,-7059,-8599,-3259]],"id":1824},{"properties":{"hex_id":"8829a1c0c1fffff"},"type":"Polygon","arcs":[[-5249,-5656,2988,-10858]],"id":1825},{"properties":{"hex_id":"8829a0ae11fffff"},"type":"Polygon","arcs":[[2989,2990,2991,-9958,2992]],"id":1826},{"properties":{"hex_id":"8829a198a1fffff"},"type":"Polygon","arcs":[[-10203,2993,-11181,-3478,-9810,-3460]],"id":1827},{"properties":{"hex_id":"8829a1d54bfffff"},"type":"Polygon","arcs":[[-9166,2994,-8732,-4568,2995,-4355]],"id":1828},{"properties":{"hex_id":"8829a1dab5fffff"},"type":"Polygon","arcs":[[-8188,-5201,-9469,-5083,-4020,2996]],"id":1829},{"properties":{"hex_id":"8829a565c5fffff"},"type":"Polygon","arcs":[[2997,-3230,2998,-10757,-8284,2999]],"id":1830},{"properties":{"hex_id":"8829a1da2bfffff"},"type":"Polygon","arcs":[[-9701,-4228,3000,3001,-8016,3002]],"id":1831},{"properties":{"hex_id":"8829a1064dfffff"},"type":"Polygon","arcs":[[-7221,3003,-9611,3004]],"id":1832},{"properties":{"hex_id":"8829a18d57fffff"},"type":"Polygon","arcs":[[3005,3006,-7732,3007,3008,3009]],"id":1833},{"properties":{"hex_id":"8829a18f0dfffff"},"type":"Polygon","arcs":[[-6425,3010,-9348,3011,-8690,3012]],"id":1834},{"properties":{"hex_id":"8829a56c31fffff"},"type":"Polygon","arcs":[[3013,3014,3015,3016,3017,-6411]],"id":1835},{"properties":{"hex_id":"8829a56103fffff"},"type":"Polygon","arcs":[[-10965,3018,3019,3020,-8228,3021]],"id":1836},{"properties":{"hex_id":"8829a111b7fffff"},"type":"Polygon","arcs":[[3022,3023,-6538,-8820,3024]],"id":1837},{"properties":{"hex_id":"8829a19853fffff"},"type":"Polygon","arcs":[[3025,-9777,3026,-9851,-10681,-4895]],"id":1838},{"properties":{"hex_id":"8829a1d259fffff"},"type":"Polygon","arcs":[[-4059,-5647,3027,3028,-3320,3029]],"id":1839},{"properties":{"hex_id":"8829a11537fffff"},"type":"Polygon","arcs":[[-11277,3030,3031,3032,3033,3034]],"id":1840},{"properties":{"hex_id":"8829a1d8c1fffff"},"type":"Polygon","arcs":[[-4021,-5086,3035,-6076,-4705,3036]],"id":1841},{"properties":{"hex_id":"8829a10259fffff"},"type":"Polygon","arcs":[[3037,3038,3039,-3589,-8321,3040]],"id":1842},{"properties":{"hex_id":"8829a19b25fffff"},"type":"Polygon","arcs":[[-10948,-5908,-9183,-10844,3041,-6031]],"id":1843},{"properties":{"hex_id":"8829a1991dfffff"},"type":"Polygon","arcs":[[3042,-6183,-4700,-10639,-3952,-9340]],"id":1844},{"properties":{"hex_id":"8829a1d501fffff"},"type":"Polygon","arcs":[[3043,3044,-5313,3045,3046,-9683]],"id":1845},{"properties":{"hex_id":"8829a109a9fffff"},"type":"Polygon","arcs":[[3047,3048,-7576,-10939,-5174,3049]],"id":1846},{"properties":{"hex_id":"8829a1d65dfffff"},"type":"Polygon","arcs":[[-6815,3050,-9545,-6502,-5007,-6157]],"id":1847},{"properties":{"hex_id":"8829a56f17fffff"},"type":"Polygon","arcs":[[-7827,3051,3052,3053,-11018,-11074]],"id":1848},{"properties":{"hex_id":"8829a5680bfffff"},"type":"Polygon","arcs":[[3054,-4326,3055,-3943,3056,-4188]],"id":1849},{"properties":{"hex_id":"8829a56e6dfffff"},"type":"Polygon","arcs":[[-5188,-6040,-9196,-4292,3057,-9509]],"id":1850},{"properties":{"hex_id":"8829a144c5fffff"},"type":"Polygon","arcs":[[3058,3059,-7159,3060,3061,3062]],"id":1851},{"properties":{"hex_id":"8829a1d5d5fffff"},"type":"Polygon","arcs":[[-3331,-5060,3063,-5019,-4946,3064]],"id":1852},{"properties":{"hex_id":"8829a1db63fffff"},"type":"Polygon","arcs":[[3065,-3226,-9676,3066,3067]],"id":1853},{"properties":{"hex_id":"8829a144d1fffff"},"type":"Polygon","arcs":[[3068,3069]],"id":1854},{"properties":{"hex_id":"8829a0a515fffff"},"type":"Polygon","arcs":[[3070,-9920,3071,3072,3073,3074]],"id":1855},{"properties":{"hex_id":"8829a14481fffff"},"type":"Polygon","arcs":[[3075,-11319,3076,-10022,-3909]],"id":1856},{"properties":{"hex_id":"8829a1db41fffff"},"type":"Polygon","arcs":[[-9900,-9478,-7094,-9403,3077,3078]],"id":1857},{"properties":{"hex_id":"8829a181e1fffff"},"type":"Polygon","arcs":[[3079,-11496,3080,3081]],"id":1858},{"properties":{"hex_id":"8829a568c9fffff"},"type":"Polygon","arcs":[[3082,3083,3084,-11251,3085,3086]],"id":1859},{"properties":{"hex_id":"8829a198e1fffff"},"type":"Polygon","arcs":[[-7213,3087,3088,3089,-5255,-9444]],"id":1860},{"properties":{"hex_id":"8829a18a99fffff"},"type":"Polygon","arcs":[[-4175,3090,-11291,3091,3092,3093]],"id":1861},{"properties":{"hex_id":"8829a1d451fffff"},"type":"Polygon","arcs":[[-7589,3094,3095,-3347,3096,3097]],"id":1862},{"properties":{"hex_id":"8829a565bbfffff"},"type":"Polygon","arcs":[[3098,3099,3100,3101]],"id":1863},{"properties":{"hex_id":"8829a1c01bfffff"},"type":"Polygon","arcs":[[3102,-7089,-10861,-4454,3103,3104]],"id":1864},{"properties":{"hex_id":"8829a575b3fffff"},"type":"Polygon","arcs":[[3105,3106,3107,3108,3109,3110]],"id":1865},{"properties":{"hex_id":"8829a19b0bfffff"},"type":"Polygon","arcs":[[3111,3112,3113,-10120,3114,-4680]],"id":1866},{"properties":{"hex_id":"8829a18d41fffff"},"type":"Polygon","arcs":[[-11362,-11261,3115,3116,3117,-6481]],"id":1867},{"properties":{"hex_id":"8829a57895fffff"},"type":"Polygon","arcs":[[3118,-8026,3119,3120]],"id":1868},{"properties":{"hex_id":"8829a56e6bfffff"},"type":"Polygon","arcs":[[3121,3122,-7511,-9193,-6039]],"id":1869},{"properties":{"hex_id":"8829a18b2bfffff"},"type":"Polygon","arcs":[[3123,-5055,-4391,3124,-9520,3125]],"id":1870},{"properties":{"hex_id":"8829a18901fffff"},"type":"Polygon","arcs":[[-8129,3126,3127,-9093,-3722,3128]],"id":1871},{"properties":{"hex_id":"8829a19b35fffff"},"type":"Polygon","arcs":[[3129,3130,3131,3132,-4737,-5428]],"id":1872},{"properties":{"hex_id":"8829a1d8edfffff"},"type":"Polygon","arcs":[[3133,3134,-8644,-8370,3135]],"id":1873},{"properties":{"hex_id":"8829a56de3fffff"},"type":"Polygon","arcs":[[3136,3137,3138,-4312]],"id":1874},{"properties":{"hex_id":"8829a56a0bfffff"},"type":"Polygon","arcs":[[-10403,-4906,3139,-10933,3140,-10618]],"id":1875},{"properties":{"hex_id":"8829a1d437fffff"},"type":"Polygon","arcs":[[3141,3142,-3445,-3330,-7681,-5921]],"id":1876},{"properties":{"hex_id":"8829a1d1dbfffff"},"type":"Polygon","arcs":[[3143,-10093,3144,-7733,-6753,3145]],"id":1877},{"properties":{"hex_id":"8829a11045fffff"},"type":"Polygon","arcs":[[-4742,3146,-5603,-10016,-5092,-7758]],"id":1878},{"properties":{"hex_id":"8829a11349fffff"},"type":"Polygon","arcs":[[3147,-7500,-3812,3148,3149]],"id":1879},{"properties":{"hex_id":"8829a199c5fffff"},"type":"Polygon","arcs":[[-7668,3150,3151,3152,-5491,-9537]],"id":1880},{"properties":{"hex_id":"8829a18b65fffff"},"type":"Polygon","arcs":[[3153,-5663,-7926,-9968,-8888,3154]],"id":1881},{"properties":{"hex_id":"8829a19849fffff"},"type":"Polygon","arcs":[[3155,3156,-5320,-6467,-5132,-7509]],"id":1882},{"properties":{"hex_id":"8829a18a35fffff"},"type":"Polygon","arcs":[[-3273,3157,-7626,-4328,-4990,-9394]],"id":1883},{"properties":{"hex_id":"8829a14411fffff"},"type":"Polygon","arcs":[[3158,3159,3160,3161,3162,-8652]],"id":1884},{"properties":{"hex_id":"8829a56f53fffff"},"type":"Polygon","arcs":[[3163,3164,-7679,-7235,-7388,-4094]],"id":1885},{"properties":{"hex_id":"8829a14a51fffff"},"type":"Polygon","arcs":[[-6500,3165,3166,-8122,3167]],"id":1886},{"properties":{"hex_id":"8829a18c45fffff"},"type":"Polygon","arcs":[[3168,-7689,-9453,3169,-4689,3170]],"id":1887},{"properties":{"hex_id":"8829a1d361fffff"},"type":"Polygon","arcs":[[-4776,-11027,3171,3172,-5488,-3564]],"id":1888},{"properties":{"hex_id":"8829a1d011fffff"},"type":"Polygon","arcs":[[-3824,-4957,-4974,-3492,3173,-7027]],"id":1889},{"properties":{"hex_id":"8829a18429fffff"},"type":"Polygon","arcs":[[-7766,-10028,3174,-3785]],"id":1890},{"properties":{"hex_id":"8829a14167fffff"},"type":"Polygon","arcs":[[3175,3176,3177,3178,3179,3180]],"id":1891},{"properties":{"hex_id":"8829a11051fffff"},"type":"Polygon","arcs":[[3181,3182,3183,-5266]],"id":1892},{"properties":{"hex_id":"8829a56893fffff"},"type":"Polygon","arcs":[[-4578,-4768,-8516,3184,3185,-4757]],"id":1893},{"properties":{"hex_id":"8829a562e1fffff"},"type":"Polygon","arcs":[[-9618,-5101,-8431,-6582,-8031,-8935]],"id":1894},{"properties":{"hex_id":"8829a199a3fffff"},"type":"Polygon","arcs":[[-9152,3186,-11267,3187,-4426,-10566]],"id":1895},{"properties":{"hex_id":"8829a199ddfffff"},"type":"Polygon","arcs":[[3188,-8376,-10690,-5066,3189,-6143]],"id":1896},{"properties":{"hex_id":"8829a56f01fffff"},"type":"Polygon","arcs":[[-3457,-5298,-7345,-7600,-10011,3190]],"id":1897},{"properties":{"hex_id":"8829a18dc7fffff"},"type":"Polygon","arcs":[[3191,3192,3193,-10698]],"id":1898},{"properties":{"hex_id":"8829a1d71bfffff"},"type":"Polygon","arcs":[[3194,3195,-10926,-3279,3196,-9237]],"id":1899},{"properties":{"hex_id":"8829a1894dfffff"},"type":"Polygon","arcs":[[-8875,3197,3198,3199,3200,3201]],"id":1900},{"properties":{"hex_id":"8829a56ec5fffff"},"type":"Polygon","arcs":[[-3780,-9079,3202,-5705,3203,-10800]],"id":1901},{"properties":{"hex_id":"8829a56549fffff"},"type":"Polygon","arcs":[[-8348,-5815,3204,-6757,-8507,-11270]],"id":1902},{"properties":{"hex_id":"8829a56a25fffff"},"type":"Polygon","arcs":[[3205,-5968,-10143,3206,-7745,3207]],"id":1903},{"properties":{"hex_id":"8829a18ab5fffff"},"type":"Polygon","arcs":[[3208,3209,3210,-9252,3211,3212]],"id":1904},{"properties":{"hex_id":"8829a56c15fffff"},"type":"Polygon","arcs":[[-6306,-9313,3213,3214,3215,3216]],"id":1905},{"properties":{"hex_id":"8829a1d247fffff"},"type":"Polygon","arcs":[[3217,-5788,-10221,3218,-6728,-7909]],"id":1906},{"properties":{"hex_id":"8829a56169fffff"},"type":"Polygon","arcs":[[-3901,-5827,3219,-10610,3220,3221]],"id":1907},{"properties":{"hex_id":"8829a1d109fffff"},"type":"Polygon","arcs":[[3222,-3874,3223,3224]],"id":1908},{"properties":{"hex_id":"8829a1db0dfffff"},"type":"Polygon","arcs":[[-9406,-3804,-3550,-9671,3225,3226]],"id":1909},{"properties":{"hex_id":"8829a565c1fffff"},"type":"Polygon","arcs":[[3227,-8540,3228,3229,3230]],"id":1910},{"properties":{"hex_id":"8829a180a5fffff"},"type":"Polygon","arcs":[[3231,-8386,3232,-3535,3233,-4826]],"id":1911},{"properties":{"hex_id":"8829a56931fffff"},"type":"Polygon","arcs":[[3234,3235,-5071,-8256,-9455]],"id":1912},{"properties":{"hex_id":"8829a56acbfffff"},"type":"Polygon","arcs":[[3236,3237,3238,3239,3240,-6689]],"id":1913},{"properties":{"hex_id":"8829a56091fffff"},"type":"Polygon","arcs":[[3241,-7934,3242,3243,-6944,-9924]],"id":1914},{"properties":{"hex_id":"8829a1d751fffff"},"type":"Polygon","arcs":[[3244,-9931,3245,3246,-5300,-9883]],"id":1915},{"properties":{"hex_id":"8829a0aec5fffff"},"type":"Polygon","arcs":[[-8741,-9299,3247,-8684,-4499,3248]],"id":1916},{"properties":{"hex_id":"8829a0a69dfffff"},"type":"Polygon","arcs":[[-11066,3249,3250,3251,3252,-5442]],"id":1917},{"properties":{"hex_id":"8829a19413fffff"},"type":"Polygon","arcs":[[-5140,3253,3254,3255,-10554]],"id":1918},{"properties":{"hex_id":"8829a0a6dbfffff"},"type":"Polygon","arcs":[[-9764,-4484,-8561,3256,-3665,-8529]],"id":1919},{"properties":{"hex_id":"8829a56111fffff"},"type":"Polygon","arcs":[[-4490,3257,3258,-8598,3259,3260]],"id":1920},{"properties":{"hex_id":"8829a1d2e1fffff"},"type":"Polygon","arcs":[[3261,3262,-8939,3263]],"id":1921},{"properties":{"hex_id":"8829a1d0e9fffff"},"type":"Polygon","arcs":[[-4972,-10539,3264,-3293,3265,-3493]],"id":1922},{"properties":{"hex_id":"8829a56807fffff"},"type":"Polygon","arcs":[[3266,-3947,3267,3268,3269,-8619]],"id":1923},{"properties":{"hex_id":"8829a18a3dfffff"},"type":"Polygon","arcs":[[3270,-6673,3271,3272,-9393,3273]],"id":1924},{"properties":{"hex_id":"8829a562b3fffff"},"type":"Polygon","arcs":[[3274,-10999,3275,3276,3277,-9317]],"id":1925},{"properties":{"hex_id":"8829a1d713fffff"},"type":"Polygon","arcs":[[3278,-10925,-4066,3279,3280,3281]],"id":1926},{"properties":{"hex_id":"8829a1d1d5fffff"},"type":"Polygon","arcs":[[-4424,-6755,3282,-9595,3283,-9688]],"id":1927},{"properties":{"hex_id":"8829a146a7fffff"},"type":"Polygon","arcs":[[-3757,3284,-8437,3285,3286,3287]],"id":1928},{"properties":{"hex_id":"8829a18939fffff"},"type":"Polygon","arcs":[[3288,3289,-4855,3290,3291,-9095]],"id":1929},{"properties":{"hex_id":"8829a1d0e1fffff"},"type":"Polygon","arcs":[[3292,3293,3294,-10089,3295,3296]],"id":1930},{"properties":{"hex_id":"8829a0ad85fffff"},"type":"Polygon","arcs":[[3297,-5901,3298,3299,-7560,3300]],"id":1931},{"properties":{"hex_id":"8829a1da67fffff"},"type":"Polygon","arcs":[[-6916,3301,3302,3303,3304,3305]],"id":1932},{"properties":{"hex_id":"8829a1d4a5fffff"},"type":"Polygon","arcs":[[3306,-5852,3307,-7696,3308,-7009]],"id":1933},{"properties":{"hex_id":"8829a199e1fffff"},"type":"Polygon","arcs":[[-5493,3309,-9534,3310,-8762,3311]],"id":1934},{"properties":{"hex_id":"8829a1c713fffff"},"type":"Polygon","arcs":[[3312,3313,-4480,-8297,3314,3315]],"id":1935},{"properties":{"hex_id":"8829a18825fffff"},"type":"Polygon","arcs":[[-10147,-5120,-8819,-5691,3316,3317]],"id":1936},{"properties":{"hex_id":"8829a1d25dfffff"},"type":"Polygon","arcs":[[3318,3319,3320,-3490,-5786,3321]],"id":1937},{"properties":{"hex_id":"8829a18e3dfffff"},"type":"Polygon","arcs":[[-8535,-6440,3322,3323,3324,3325]],"id":1938},{"properties":{"hex_id":"8829a1d851fffff"},"type":"Polygon","arcs":[[3326,3327,-9906,-6262,-4370,3328]],"id":1939},{"properties":{"hex_id":"8829a1d5ddfffff"},"type":"Polygon","arcs":[[3329,-3444,-5061,3330,3331,-7682]],"id":1940},{"properties":{"hex_id":"8829a56a23fffff"},"type":"Polygon","arcs":[[3332,-6990,-3425,3333,-10139,-5967]],"id":1941},{"properties":{"hex_id":"8829a0aed7fffff"},"type":"Polygon","arcs":[[-3516,3334,3335,3336,3337]],"id":1942},{"properties":{"hex_id":"8829a1da15fffff"},"type":"Polygon","arcs":[[-7880,-11118,-5964,3338,3339,-3465]],"id":1943},{"properties":{"hex_id":"8829a56843fffff"},"type":"Polygon","arcs":[[-6380,-4723,3340,-4186,3341,3342]],"id":1944},{"properties":{"hex_id":"8829a56d61fffff"},"type":"Polygon","arcs":[[3343,-5479,-6747,3344,-5644,3345]],"id":1945},{"properties":{"hex_id":"8829a1d457fffff"},"type":"Polygon","arcs":[[3346,3347,3348,-10456,3349,3350]],"id":1946},{"properties":{"hex_id":"8829a1d64dfffff"},"type":"Polygon","arcs":[[-5392,-6994,3351,3352,3353,3354]],"id":1947},{"properties":{"hex_id":"8829a56aabfffff"},"type":"Polygon","arcs":[[-4006,3355,3356,3357,3358,3359]],"id":1948},{"properties":{"hex_id":"8829a56201fffff"},"type":"Polygon","arcs":[[-6797,-4208,3360,3361,3362]],"id":1949},{"properties":{"hex_id":"8829a56729fffff"},"type":"Polygon","arcs":[[-10853,3363,-3628,-10675,-5506,-3631]],"id":1950},{"properties":{"hex_id":"8829a1d619fffff"},"type":"Polygon","arcs":[[-3498,3364,-10366,-10604,3365,3366]],"id":1951},{"properties":{"hex_id":"8829a56cc5fffff"},"type":"Polygon","arcs":[[3367,-6151,-3645,-11280,-6863,-9140]],"id":1952},{"properties":{"hex_id":"8829a18aebfffff"},"type":"Polygon","arcs":[[-6127,-8779,3368,3369,3370,3371]],"id":1953},{"properties":{"hex_id":"8829a18861fffff"},"type":"Polygon","arcs":[[-6855,-6532,-9189,3372,3373,3374]],"id":1954},{"properties":{"hex_id":"8829a0ad9dfffff"},"type":"Polygon","arcs":[[-5295,-9004,-8616,3375,3376,3377]],"id":1955},{"properties":{"hex_id":"8829a19b39fffff"},"type":"Polygon","arcs":[[-10123,3378,3379,3380,3381,-5263]],"id":1956},{"properties":{"hex_id":"8829a0a505fffff"},"type":"Polygon","arcs":[[-5239,3382,-6451,-5253,3383]],"id":1957},{"properties":{"hex_id":"8829a56c1bfffff"},"type":"Polygon","arcs":[[-5162,3384,3385,-9138,-9310,3386]],"id":1958},{"properties":{"hex_id":"8829a109e5fffff"},"type":"Polygon","arcs":[[3387,3388,3389,3390,3391,3392]],"id":1959},{"properties":{"hex_id":"8829a0adcdfffff"},"type":"Polygon","arcs":[[3393,3394,-7818,3395,3396,3397]],"id":1960},{"properties":{"hex_id":"8829a1d0a5fffff"},"type":"Polygon","arcs":[[3398,-8548,-10428,3399,-4925,-7735]],"id":1961},{"properties":{"hex_id":"8829a1c317fffff"},"type":"Polygon","arcs":[[3400,3401,3402,3403,3404,3405]],"id":1962},{"properties":{"hex_id":"8829a56a6bfffff"},"type":"Polygon","arcs":[[3406,3407,-5172,-9626,-7414,-6619]],"id":1963},{"properties":{"hex_id":"8829a56555fffff"},"type":"Polygon","arcs":[[-6251,-8116,3408,3409,-3750,-9769]],"id":1964},{"properties":{"hex_id":"8829a1d865fffff"},"type":"Polygon","arcs":[[3410,3411,-5440,3412,-4562,3413]],"id":1965},{"properties":{"hex_id":"8829a19965fffff"},"type":"Polygon","arcs":[[-4547,3414,3415,-11007,3416,3417]],"id":1966},{"properties":{"hex_id":"8829a0a583fffff"},"type":"Polygon","arcs":[[-9939,-9132,3418,3419,3420,3421]],"id":1967},{"properties":{"hex_id":"8829a56a35fffff"},"type":"Polygon","arcs":[[-6989,-11416,3422,-6377,3423,3424]],"id":1968},{"properties":{"hex_id":"8829a18a81fffff"},"type":"Polygon","arcs":[[-10766,-4278,-9745,3425,-8062,3426]],"id":1969},{"properties":{"hex_id":"8829a18c49fffff"},"type":"Polygon","arcs":[[3427,3428,3429,-7686,3430,-9089]],"id":1970},{"properties":{"hex_id":"8829a56ca9fffff"},"type":"Polygon","arcs":[[-7970,3431,3432,3433,3434,3435]],"id":1971},{"properties":{"hex_id":"8829a1db1bfffff"},"type":"Polygon","arcs":[[3436,-3691,3437,3438,-7280,-3680]],"id":1972},{"properties":{"hex_id":"8829a1c2a3fffff"},"type":"Polygon","arcs":[[3439,3440,3441,-5247,-7087,-7791]],"id":1973},{"properties":{"hex_id":"8829a1d5d9fffff"},"type":"Polygon","arcs":[[3442,-5057,3443,3444]],"id":1974},{"properties":{"hex_id":"8829a56823fffff"},"type":"Polygon","arcs":[[3445,3446,3447,3448,-6834,3449]],"id":1975},{"properties":{"hex_id":"8829a578abfffff"},"type":"Polygon","arcs":[[3450,3451,3452,3453,-4942,3454]],"id":1976},{"properties":{"hex_id":"8829a56f09fffff"},"type":"Polygon","arcs":[[3455,-10722,-5299,3456,3457,-9567]],"id":1977},{"properties":{"hex_id":"8829a198adfffff"},"type":"Polygon","arcs":[[3458,-10204,3459,-9809,3460,-8970]],"id":1978},{"properties":{"hex_id":"8829a18005fffff"},"type":"Polygon","arcs":[[3461,3462]],"id":1979},{"properties":{"hex_id":"8829a1da03fffff"},"type":"Polygon","arcs":[[3463,-7881,3464,3465,-4225,-9101]],"id":1980},{"properties":{"hex_id":"8829a56c41fffff"},"type":"Polygon","arcs":[[3466,-5822,3467,3468,3469,3470]],"id":1981},{"properties":{"hex_id":"8829a11555fffff"},"type":"Polygon","arcs":[[-4286,3471,3472,-6206,3473,-5258]],"id":1982},{"properties":{"hex_id":"8829a1d6e5fffff"},"type":"Polygon","arcs":[[-5830,-7840,-10982,3474,-7587,3475]],"id":1983},{"properties":{"hex_id":"8829a1985dfffff"},"type":"Polygon","arcs":[[-4733,-8343,-4897,3476,-6273,-5319]],"id":1984},{"properties":{"hex_id":"8829a198a7fffff"},"type":"Polygon","arcs":[[3477,-11180,3478,3479,3480,-9811]],"id":1985},{"properties":{"hex_id":"8829a14231fffff"},"type":"Polygon","arcs":[[-11161,3481,3482,-7914]],"id":1986},{"properties":{"hex_id":"8829a1dad1fffff"},"type":"Polygon","arcs":[[3483,3484,-5205,-5230,-4409,3485]],"id":1987},{"properties":{"hex_id":"8829a1d5e7fffff"},"type":"Polygon","arcs":[[3486,3487,3488,-7819,-3728,-5660]],"id":1988},{"properties":{"hex_id":"8829a1d255fffff"},"type":"Polygon","arcs":[[3489,3490,-7599,-11327,-10218,-5787]],"id":1989},{"properties":{"hex_id":"8829a1d017fffff"},"type":"Polygon","arcs":[[3491,-4973,3492,3493,3494,3495]],"id":1990},{"properties":{"hex_id":"8829a1d653fffff"},"type":"Polygon","arcs":[[-11009,-11168,3496,3497,3498,-9542]],"id":1991},{"properties":{"hex_id":"8829a11345fffff"},"type":"Polygon","arcs":[[3499,-10837,3500,-3553,3501]],"id":1992},{"properties":{"hex_id":"8829a1c289fffff"},"type":"Polygon","arcs":[[3502,3503,3504,3505]],"id":1993},{"properties":{"hex_id":"8829a1d427fffff"},"type":"Polygon","arcs":[[-4750,-6354,3506,-8260,3507,3508]],"id":1994},{"properties":{"hex_id":"8829a1986dfffff"},"type":"Polygon","arcs":[[3509,3510,-4074,3511,-4316,3512]],"id":1995},{"properties":{"hex_id":"8829a15589fffff"},"type":"Polygon","arcs":[[-4013,-8059,-6063,-6621,-3848,-10191]],"id":1996},{"properties":{"hex_id":"8829a0aed3fffff"},"type":"Polygon","arcs":[[-3531,-9554,3513,3514,3515,3516]],"id":1997},{"properties":{"hex_id":"8829a1d9c9fffff"},"type":"Polygon","arcs":[[3517,-11044,3518,3519,3520,3521]],"id":1998},{"properties":{"hex_id":"8829a5618bfffff"},"type":"Polygon","arcs":[[3522,3523,3524,3525,3526]],"id":1999},{"properties":{"hex_id":"8829a1405dfffff"},"type":"Polygon","arcs":[[3527,3528,3529,-7991]],"id":2000},{"properties":{"hex_id":"8829a0aedbfffff"},"type":"Polygon","arcs":[[-4170,-9555,3530,3531]],"id":2001},{"properties":{"hex_id":"8829a5652dfffff"},"type":"Polygon","arcs":[[-4586,3532,3533,-6211,-5696,-3552]],"id":2002},{"properties":{"hex_id":"8829a1819bfffff"},"type":"Polygon","arcs":[[3534,3535,3536,-9158,3537,3538]],"id":2003},{"properties":{"hex_id":"8829a1d0abfffff"},"type":"Polygon","arcs":[[3539,3540,-9046,3541,-8546,3542]],"id":2004},{"properties":{"hex_id":"8829a1d0c3fffff"},"type":"Polygon","arcs":[[3543,3544,3545,-11131,3546,-5017]],"id":2005},{"properties":{"hex_id":"8829a1db01fffff"},"type":"Polygon","arcs":[[-3803,3547,-6616,3548,-9672,3549]],"id":2006},{"properties":{"hex_id":"8829a56e5bfffff"},"type":"Polygon","arcs":[[3550,-4587,3551,-5695,-3649,-6058]],"id":2007},{"properties":{"hex_id":"8829a11369fffff"},"type":"Polygon","arcs":[[3552,3553,-10174,3554,3555]],"id":2008},{"properties":{"hex_id":"8829a56741fffff"},"type":"Polygon","arcs":[[3556,3557,-4337,-8209,-7869,-4900]],"id":2009},{"properties":{"hex_id":"8829a5621bfffff"},"type":"Polygon","arcs":[[3558,3559,3560,-3845,3561,-10230]],"id":2010},{"properties":{"hex_id":"8829a1d36dfffff"},"type":"Polygon","arcs":[[3562,-4777,3563,-5487,-7014,3564]],"id":2011},{"properties":{"hex_id":"8829a56d27fffff"},"type":"Polygon","arcs":[[3565,3566,3567,-3791,3568,3569]],"id":2012},{"properties":{"hex_id":"8829a145c9fffff"},"type":"Polygon","arcs":[[3570,3571,-10372,3572,3573,3574]],"id":2013},{"properties":{"hex_id":"8829a1d049fffff"},"type":"Polygon","arcs":[[3575,3576,-4213,3577,3578,3579]],"id":2014},{"properties":{"hex_id":"8829a1d4d1fffff"},"type":"Polygon","arcs":[[-8889,-9972,3580,-4770,3581,3582]],"id":2015},{"properties":{"hex_id":"8829a1c307fffff"},"type":"Polygon","arcs":[[3583,-8813,3584,3585,3586,3587]],"id":2016},{"properties":{"hex_id":"8829a10251fffff"},"type":"Polygon","arcs":[[3588,3589,3590,3591,-6268,-8322]],"id":2017},{"properties":{"hex_id":"8829a5600bfffff"},"type":"Polygon","arcs":[[-4348,-4341,3592,3593]],"id":2018},{"properties":{"hex_id":"8829a56d15fffff"},"type":"Polygon","arcs":[[-8419,3594,3595,3596,-4365,-3838]],"id":2019},{"properties":{"hex_id":"8829a1d569fffff"},"type":"Polygon","arcs":[[-4987,-3611,3597,-10347,-6117,3598]],"id":2020},{"properties":{"hex_id":"8829a03667fffff"},"type":"Polygon","arcs":[[3599,3600,-5862,3601,3602,3603]],"id":2021},{"properties":{"hex_id":"8829a1d249fffff"},"type":"Polygon","arcs":[[3604,-4471,3605,3606,-6133,-3747]],"id":2022},{"properties":{"hex_id":"8829a1d545fffff"},"type":"Polygon","arcs":[[-6524,3607,3608,3609,3610,-4986]],"id":2023},{"properties":{"hex_id":"8829a11203fffff"},"type":"Polygon","arcs":[[-9738,3611,3612,3613,-10037,-4685]],"id":2024},{"properties":{"hex_id":"8829a155a9fffff"},"type":"Polygon","arcs":[[3614,3615,3616,-6432,-4550,-3912]],"id":2025},{"properties":{"hex_id":"8829a18a69fffff"},"type":"Polygon","arcs":[[3617,-5947,-9934,3618]],"id":2026},{"properties":{"hex_id":"8829a198ddfffff"},"type":"Polygon","arcs":[[3619,-4931,-4163,3620,3621,3622]],"id":2027},{"properties":{"hex_id":"8829a03749fffff"},"type":"Polygon","arcs":[[-10488,-3979,3623,-5914,3624,-4557]],"id":2028},{"properties":{"hex_id":"8829a5672bfffff"},"type":"Polygon","arcs":[[3625,3626,-5532,-8345,-10676,3627]],"id":2029},{"properties":{"hex_id":"8829a5614bfffff"},"type":"Polygon","arcs":[[-4728,3628,3629]],"id":2030},{"properties":{"hex_id":"8829a56767fffff"},"type":"Polygon","arcs":[[-10824,-10854,3630,-5505,-9026,3631]],"id":2031},{"properties":{"hex_id":"8829a56951fffff"},"type":"Polygon","arcs":[[3632,-8107,3633,3634,-9990,3635]],"id":2032},{"properties":{"hex_id":"8829a1c2e9fffff"},"type":"Polygon","arcs":[[3636,3637,3638,3639,3640,3641]],"id":2033},{"properties":{"hex_id":"8829a56cc7fffff"},"type":"Polygon","arcs":[[-6150,-9792,3642,3643,-11281,3644]],"id":2034},{"properties":{"hex_id":"8829a1d6d9fffff"},"type":"Polygon","arcs":[[-8610,-8765,-4849,3645,3646,3647]],"id":2035},{"properties":{"hex_id":"8829a56e51fffff"},"type":"Polygon","arcs":[[-6059,3648,-5698,3649,3650,-9872]],"id":2036},{"properties":{"hex_id":"8829a56e17fffff"},"type":"Polygon","arcs":[[3651,-10802,3652,-7381,3653,3654]],"id":2037},{"properties":{"hex_id":"8829a11205fffff"},"type":"Polygon","arcs":[[3655,-4686,-10041,-7632,3656,3657]],"id":2038},{"properties":{"hex_id":"8829a14433fffff"},"type":"Polygon","arcs":[[-6936,-3957,-8463,-10781,-4702,3658]],"id":2039},{"properties":{"hex_id":"8829a11227fffff"},"type":"Polygon","arcs":[[-10732,-5767,3659,-4739,-7406,3660]],"id":2040},{"properties":{"hex_id":"8829a56d53fffff"},"type":"Polygon","arcs":[[3661,3662,-10455,-9866,-8139,3663]],"id":2041},{"properties":{"hex_id":"8829a0a6d1fffff"},"type":"Polygon","arcs":[[-8530,3664,3665,-11063,3666,-10353]],"id":2042},{"properties":{"hex_id":"8829a1c46bfffff"},"type":"Polygon","arcs":[[-4479,3667,3668,-8299]],"id":2043},{"properties":{"hex_id":"8829a0a425fffff"},"type":"Polygon","arcs":[[3669,-8255,3670,3671,3672]],"id":2044},{"properties":{"hex_id":"8829a188a7fffff"},"type":"Polygon","arcs":[[-7537,-3716,3673,-4797,-8807,-10386]],"id":2045},{"properties":{"hex_id":"8829a18ae5fffff"},"type":"Polygon","arcs":[[-3907,3674,3675,3676,-5209,-6734]],"id":2046},{"properties":{"hex_id":"8829a1db19fffff"},"type":"Polygon","arcs":[[3677,3678,3679,-7279,3680,-6310]],"id":2047},{"properties":{"hex_id":"8829a1d6cbfffff"},"type":"Polygon","arcs":[[-5725,3681,3682,3683,3684,3685]],"id":2048},{"properties":{"hex_id":"8829a1d94bfffff"},"type":"Polygon","arcs":[[3686,-5976,-7036,-7750,3687,-9493]],"id":2049},{"properties":{"hex_id":"8829a1da27fffff"},"type":"Polygon","arcs":[[-8018,3688,-10756,3689,3690,3691]],"id":2050},{"properties":{"hex_id":"8829a0ac21fffff"},"type":"Polygon","arcs":[[-11373,3692,-4748,3693,3694]],"id":2051},{"properties":{"hex_id":"8829a1d5edfffff"},"type":"Polygon","arcs":[[-5683,3695,3696,-5658,-6981,3697]],"id":2052},{"properties":{"hex_id":"8829a18d13fffff"},"type":"Polygon","arcs":[[3698,3699,-10701,-4573,3700,3701]],"id":2053},{"properties":{"hex_id":"8829a56c5bfffff"},"type":"Polygon","arcs":[[3702,-7900,-6075,3703,3704,-7104]],"id":2054},{"properties":{"hex_id":"8829a1c45dfffff"},"type":"Polygon","arcs":[[3705,3706,3707,-5422,-10272]],"id":2055},{"properties":{"hex_id":"8829a1d96bfffff"},"type":"Polygon","arcs":[[3708,-5207,-10260,3709,3710,3711]],"id":2056},{"properties":{"hex_id":"8829a188a3fffff"},"type":"Polygon","arcs":[[3712,3713,-7203,3714,3715,-7536]],"id":2057},{"properties":{"hex_id":"8829a19ae5fffff"},"type":"Polygon","arcs":[[3716,3717,3718,-8340,3719]],"id":2058},{"properties":{"hex_id":"8829a18905fffff"},"type":"Polygon","arcs":[[3720,3721,-9098,3722,-4884,-6551]],"id":2059},{"properties":{"hex_id":"8829a1c061fffff"},"type":"Polygon","arcs":[[3723,3724,3725,3726]],"id":2060},{"properties":{"hex_id":"8829a1c2dbfffff"},"type":"Polygon","arcs":[[-5661,3727,-7823,3728,3729]],"id":2061},{"properties":{"hex_id":"8829a111bbfffff"},"type":"Polygon","arcs":[[3730,3731,-6955,3732,3733,-9127]],"id":2062},{"properties":{"hex_id":"8829a18955fffff"},"type":"Polygon","arcs":[[3734,-4636,3735,3736,-8127,3737]],"id":2063},{"properties":{"hex_id":"8829a14453fffff"},"type":"Polygon","arcs":[[3738,3739,3740,3741]],"id":2064},{"properties":{"hex_id":"8829a568bdfffff"},"type":"Polygon","arcs":[[-9914,3742,3743,-4467,3744,-5284]],"id":2065},{"properties":{"hex_id":"8829a568a7fffff"},"type":"Polygon","arcs":[[-10360,3745,3746,-6132,3747,3748]],"id":2066},{"properties":{"hex_id":"8829a56509fffff"},"type":"Polygon","arcs":[[-9770,3749,3750,-7419,3751,3752]],"id":2067},{"properties":{"hex_id":"8829a1c61bfffff"},"type":"Polygon","arcs":[[-4339,-10114,3753,3754,-6949]],"id":2068},{"properties":{"hex_id":"8829a146a1fffff"},"type":"Polygon","arcs":[[-9082,-9589,3755,3756,3757,3758]],"id":2069},{"properties":{"hex_id":"8829a18545fffff"},"type":"Polygon","arcs":[[-10169,-10048,-3855,3759]],"id":2070},{"properties":{"hex_id":"8829a1d1b3fffff"},"type":"Polygon","arcs":[[3760,-8368,3761,-7067,3762,-4838]],"id":2071},{"properties":{"hex_id":"8829a14697fffff"},"type":"Polygon","arcs":[[-5864,-9288,3763,-8035,-7358,3764]],"id":2072},{"properties":{"hex_id":"8829a56a51fffff"},"type":"Polygon","arcs":[[3765,-10136,3766,-4902,-10401,3767]],"id":2073},{"properties":{"hex_id":"8829a1d33bfffff"},"type":"Polygon","arcs":[[-10098,-9844,3768,3769,3770,3771]],"id":2074},{"properties":{"hex_id":"8829a18c07fffff"},"type":"Polygon","arcs":[[-4620,3772,3773,-9480,-6068]],"id":2075},{"properties":{"hex_id":"8829a18367fffff"},"type":"Polygon","arcs":[[3774,3775,3776,-6338,3777,-8636]],"id":2076},{"properties":{"hex_id":"8829a56ecdfffff"},"type":"Polygon","arcs":[[-9177,3778,-9080,3779,-10799,-4223]],"id":2077},{"properties":{"hex_id":"8829a56701fffff"},"type":"Polygon","arcs":[[-9607,3780,3781,3782,3783,-4046]],"id":2078},{"properties":{"hex_id":"8829a18467fffff"},"type":"Polygon","arcs":[[-4795,-7767,3784,3785,-8424]],"id":2079},{"properties":{"hex_id":"8829a1c335fffff"},"type":"Polygon","arcs":[[3786,3787,3788,3789,-10725,-5125]],"id":2080},{"properties":{"hex_id":"8829a1d2cdfffff"},"type":"Polygon","arcs":[[3790,3791,3792,3793,3794]],"id":2081},{"properties":{"hex_id":"8829a56921fffff"},"type":"Polygon","arcs":[[3795,3796,-8303,3797]],"id":2082},{"properties":{"hex_id":"8829a189b3fffff"},"type":"Polygon","arcs":[[3798,-5371,-5273,-9203,-5888,3799]],"id":2083},{"properties":{"hex_id":"8829a1db09fffff"},"type":"Polygon","arcs":[[-7093,3800,3801,3802,3803,-9405]],"id":2084},{"properties":{"hex_id":"8829a1135bfffff"},"type":"Polygon","arcs":[[-5272,-6096,3804,-7973,-6559,-9205]],"id":2085},{"properties":{"hex_id":"8829a0a40bfffff"},"type":"Polygon","arcs":[[3805,-5110,3806,3807]],"id":2086},{"properties":{"hex_id":"8829a1134bfffff"},"type":"Polygon","arcs":[[-7499,-5890,3808,3809,3810,3811]],"id":2087},{"properties":{"hex_id":"8829a1c6a7fffff"},"type":"Polygon","arcs":[[-6902,-8880,3812,3813,-6667]],"id":2088},{"properties":{"hex_id":"8829a56545fffff"},"type":"Polygon","arcs":[[-8509,-6760,3814,3815,3816,3817]],"id":2089},{"properties":{"hex_id":"8829a18455fffff"},"type":"Polygon","arcs":[[3818,3819,3820,3821,-6284]],"id":2090},{"properties":{"hex_id":"8829a1d019fffff"},"type":"Polygon","arcs":[[3822,-6978,-4958,3823,-7026,3824]],"id":2091},{"properties":{"hex_id":"8829a562a3fffff"},"type":"Polygon","arcs":[[-7446,3825,3826,-8132,-7492,3827]],"id":2092},{"properties":{"hex_id":"8829a5683bfffff"},"type":"Polygon","arcs":[[3828,-7305,-10399,-8006,3829,3830]],"id":2093},{"properties":{"hex_id":"8829a1d1cbfffff"},"type":"Polygon","arcs":[[3831,3832,-4425,-9686,-4458,3833]],"id":2094},{"properties":{"hex_id":"8829a1d2d9fffff"},"type":"Polygon","arcs":[[3834,3835,-6186,-6232,3836,-7849]],"id":2095},{"properties":{"hex_id":"8829a56d03fffff"},"type":"Polygon","arcs":[[-3934,-8420,3837,-4364,-3864,3838]],"id":2096},{"properties":{"hex_id":"8829a0acc3fffff"},"type":"Polygon","arcs":[[3839,-3870,-6923,3840,3841]],"id":2097},{"properties":{"hex_id":"8829a0a5dbfffff"},"type":"Polygon","arcs":[[3842,-6345,-10574,3843,-6322]],"id":2098},{"properties":{"hex_id":"8829a56213fffff"},"type":"Polygon","arcs":[[3844,3845,-4077,-9615,-8804,3846]],"id":2099},{"properties":{"hex_id":"8829a1558dfffff"},"type":"Polygon","arcs":[[-10192,3847,-6625,3848,3849,-9366]],"id":2100},{"properties":{"hex_id":"8829a198b9fffff"},"type":"Polygon","arcs":[[3850,3851,3852,-10416,-10651,3853]],"id":2101},{"properties":{"hex_id":"8829a18569fffff"},"type":"Polygon","arcs":[[3854,-10050,3855,-9907,3856]],"id":2102},{"properties":{"hex_id":"8829a56a9dfffff"},"type":"Polygon","arcs":[[3857,3858,3859,3860,-6634,3861]],"id":2103},{"properties":{"hex_id":"8829a56d07fffff"},"type":"Polygon","arcs":[[3862,3863,-4368,3864,3865,3866]],"id":2104},{"properties":{"hex_id":"8829a0acddfffff"},"type":"Polygon","arcs":[[-8171,3867,3868,-6918,3869,3870]],"id":2105},{"properties":{"hex_id":"8829a56e05fffff"},"type":"Polygon","arcs":[[3871,3872,-10434,-5088,-8594,-7513]],"id":2106},{"properties":{"hex_id":"8829a1d101fffff"},"type":"Polygon","arcs":[[3873,3874,-4533,-5923,3875,3876]],"id":2107},{"properties":{"hex_id":"8829a19a07fffff"},"type":"Polygon","arcs":[[3877,-6653,-10077,3878,3879]],"id":2108},{"properties":{"hex_id":"8829a1d095fffff"},"type":"Polygon","arcs":[[-4302,3880,3881,3882,-5883,3883]],"id":2109},{"properties":{"hex_id":"8829a1d889fffff"},"type":"Polygon","arcs":[[3884,3885,3886,3887,-6078]],"id":2110},{"properties":{"hex_id":"8829a1c0d9fffff"},"type":"Polygon","arcs":[[-5419,3888,3889,3890,3891]],"id":2111},{"properties":{"hex_id":"8829a14289fffff"},"type":"Polygon","arcs":[[-9039,-10694,3892,-6698,-9796]],"id":2112},{"properties":{"hex_id":"8829a18b45fffff"},"type":"Polygon","arcs":[[3893,3894,3895,-7862,-7544,3896]],"id":2113},{"properties":{"hex_id":"8829a1d707fffff"},"type":"Polygon","arcs":[[-4518,-6364,3897,-5634,3898,-9527]],"id":2114},{"properties":{"hex_id":"8829a57893fffff"},"type":"Polygon","arcs":[[3899,-5828,3900,3901,3902]],"id":2115},{"properties":{"hex_id":"8829a18aedfffff"},"type":"Polygon","arcs":[[3903,3904,3905,3906,-6733,-8842]],"id":2116},{"properties":{"hex_id":"8829a1448dfffff"},"type":"Polygon","arcs":[[-7157,3907,3908,-10021,-4626,3909]],"id":2117},{"properties":{"hex_id":"8829a155e7fffff"},"type":"Polygon","arcs":[[-5451,3910,3911,-4549,-4806,-6108]],"id":2118},{"properties":{"hex_id":"8829a1d55bfffff"},"type":"Polygon","arcs":[[-10413,3912,-5795,3913,-5738,3914]],"id":2119},{"properties":{"hex_id":"8829a18833fffff"},"type":"Polygon","arcs":[[3915,3916,3917,-8852,3918,3919]],"id":2120},{"properties":{"hex_id":"8829a1c365fffff"},"type":"Polygon","arcs":[[-4966,-9759,-9137,-7321,3920,3921]],"id":2121},{"properties":{"hex_id":"8829a1d585fffff"},"type":"Polygon","arcs":[[-5499,3922,3923,3924,3925,3926]],"id":2122},{"properties":{"hex_id":"8829a1c739fffff"},"type":"Polygon","arcs":[[3927,-5108,-8760,-5095,3928,3929]],"id":2123},{"properties":{"hex_id":"8829a03763fffff"},"type":"Polygon","arcs":[[3930,3931]],"id":2124},{"properties":{"hex_id":"8829a56d0bfffff"},"type":"Polygon","arcs":[[3932,-8140,-8421,3933,3934,-3960]],"id":2125},{"properties":{"hex_id":"8829a18d6bfffff"},"type":"Polygon","arcs":[[3935,3936,-4812,-10304,3937,3938]],"id":2126},{"properties":{"hex_id":"8829a1da91fffff"},"type":"Polygon","arcs":[[-7474,-7527,3939,-11351,3940,3941]],"id":2127},{"properties":{"hex_id":"8829a56803fffff"},"type":"Polygon","arcs":[[3942,3943,3944,3945,3946,3947]],"id":2128},{"properties":{"hex_id":"8829a11501fffff"},"type":"Polygon","arcs":[[3948,-6209,-6419,3949,-6195,3950]],"id":2129},{"properties":{"hex_id":"8829a19903fffff"},"type":"Polygon","arcs":[[-9341,3951,-10644,3952,-5364,-10840]],"id":2130},{"properties":{"hex_id":"8829a144edfffff"},"type":"Polygon","arcs":[[3953,3954,3955,-8461,3956,-6935]],"id":2131},{"properties":{"hex_id":"8829a56d09fffff"},"type":"Polygon","arcs":[[3957,3958,3959,3960,-5278,-7703]],"id":2132},{"properties":{"hex_id":"8829a18c35fffff"},"type":"Polygon","arcs":[[3961,3962,3963,-5010]],"id":2133},{"properties":{"hex_id":"8829a1c325fffff"},"type":"Polygon","arcs":[[3964,-5941,3965,3966,-6905,3967]],"id":2134},{"properties":{"hex_id":"8829a14649fffff"},"type":"Polygon","arcs":[[-5400,3968,3969,-11030,3970]],"id":2135},{"properties":{"hex_id":"8829a1d239fffff"},"type":"Polygon","arcs":[[-8398,3971,-5165,-11171,3972]],"id":2136},{"properties":{"hex_id":"8829a5608dfffff"},"type":"Polygon","arcs":[[3973,-10975,-11159,-6296,-11297,3974]],"id":2137},{"properties":{"hex_id":"8829a0adb5fffff"},"type":"Polygon","arcs":[[3975,3976,-6782,3977,3978,-10487]],"id":2138},{"properties":{"hex_id":"8829a18d01fffff"},"type":"Polygon","arcs":[[-9329,3979,3980,3981,-8524,-4811]],"id":2139},{"properties":{"hex_id":"8829a1559bfffff"},"type":"Polygon","arcs":[[-8452,3982,-11033,-5102,3983,-9894]],"id":2140},{"properties":{"hex_id":"8829a569dbfffff"},"type":"Polygon","arcs":[[-6686,3984,-10597,3985,-6957,3986]],"id":2141},{"properties":{"hex_id":"8829a18f07fffff"},"type":"Polygon","arcs":[[-9346,3987,3988,3989,-8799,3990]],"id":2142},{"properties":{"hex_id":"8829a10215fffff"},"type":"Polygon","arcs":[[-6328,3991,-8179,3992,3993,-4135]],"id":2143},{"properties":{"hex_id":"8829a0a4b9fffff"},"type":"Polygon","arcs":[[-10886,-5486,-5229,3994,3995,-7307]],"id":2144},{"properties":{"hex_id":"8829a1c651fffff"},"type":"Polygon","arcs":[[3996,-9216,3997,3998,3999,4000]],"id":2145},{"properties":{"hex_id":"8829a1980dfffff"},"type":"Polygon","arcs":[[-5467,4001,-7861,-4535,-5589,4002]],"id":2146},{"properties":{"hex_id":"8829a56a85fffff"},"type":"Polygon","arcs":[[-10339,4003,4004,4005,4006,4007]],"id":2147},{"properties":{"hex_id":"8829a0aea5fffff"},"type":"Polygon","arcs":[[-4970,4008,4009,-6098,-11052,-5041]],"id":2148},{"properties":{"hex_id":"8829a155c3fffff"},"type":"Polygon","arcs":[[4010,4011,-8060,4012,-10190,4013]],"id":2149},{"properties":{"hex_id":"8829a560b5fffff"},"type":"Polygon","arcs":[[-8860,-10324,4014,-4590,4015]],"id":2150},{"properties":{"hex_id":"8829a18f1dfffff"},"type":"Polygon","arcs":[[-8708,4016,4017,-6119,4018,-7183]],"id":2151},{"properties":{"hex_id":"8829a1d8c9fffff"},"type":"Polygon","arcs":[[4019,-5087,4020,4021,4022]],"id":2152},{"properties":{"hex_id":"8829a18e41fffff"},"type":"Polygon","arcs":[[-5576,4023,4024,-5870,4025,4026]],"id":2153},{"properties":{"hex_id":"8829a1846dfffff"},"type":"Polygon","arcs":[[4027,-6407,-4796,-8422,-7113,4028]],"id":2154},{"properties":{"hex_id":"8829a181b5fffff"},"type":"Polygon","arcs":[[4029,4030,-6970,4031,-11189,-5761]],"id":2155},{"properties":{"hex_id":"8829a1c041fffff"},"type":"Polygon","arcs":[[4032,-9713,-6030,-5514,4033,-7117]],"id":2156},{"properties":{"hex_id":"8829a18f53fffff"},"type":"Polygon","arcs":[[4034,4035,4036,4037,-8706,-7166]],"id":2157},{"properties":{"hex_id":"8829a10907fffff"},"type":"Polygon","arcs":[[4038,-6765,-7135,4039,4040]],"id":2158},{"properties":{"hex_id":"8829a11199fffff"},"type":"Polygon","arcs":[[-5802,4041,-5628,4042,4043,4044]],"id":2159},{"properties":{"hex_id":"8829a5670dfffff"},"type":"Polygon","arcs":[[-8211,-9608,4045,4046,-10851,4047]],"id":2160},{"properties":{"hex_id":"8829a575b9fffff"},"type":"Polygon","arcs":[[4048,4049,4050,4051,4052]],"id":2161},{"properties":{"hex_id":"8829a0a6a9fffff"},"type":"Polygon","arcs":[[-10334,4053,4054,4055,4056]],"id":2162},{"properties":{"hex_id":"8829a568b3fffff"},"type":"Polygon","arcs":[[-4764,4057,-5648,4058,4059,4060]],"id":2163},{"properties":{"hex_id":"8829a1d445fffff"},"type":"Polygon","arcs":[[-10924,4061,4062,4063,4064,4065]],"id":2164},{"properties":{"hex_id":"8829a188c5fffff"},"type":"Polygon","arcs":[[4066,-4103,4067,-5027,4068,4069]],"id":2165},{"properties":{"hex_id":"8829a19861fffff"},"type":"Polygon","arcs":[[4070,4071,-5591,-8928,4072,4073]],"id":2166},{"properties":{"hex_id":"8829a562c5fffff"},"type":"Polygon","arcs":[[4074,-10319,4075,-5098,-9616,4076]],"id":2167},{"properties":{"hex_id":"8829a5612bfffff"},"type":"Polygon","arcs":[[4077,-8231,-6476,4078,4079,4080]],"id":2168},{"properties":{"hex_id":"8829a110bdfffff"},"type":"Polygon","arcs":[[4081,4082,-8156,4083]],"id":2169},{"properties":{"hex_id":"8829a1d925fffff"},"type":"Polygon","arcs":[[4084,4085,4086]],"id":2170},{"properties":{"hex_id":"8829a189d1fffff"},"type":"Polygon","arcs":[[-8855,4087,4088,4089,4090,4091]],"id":2171},{"properties":{"hex_id":"8829a56f51fffff"},"type":"Polygon","arcs":[[4092,4093,-7387,-10719,4094]],"id":2172},{"properties":{"hex_id":"8829a56e0bfffff"},"type":"Polygon","arcs":[[4095,4096,-8726,4097,4098,-8669]],"id":2173},{"properties":{"hex_id":"8829a188c1fffff"},"type":"Polygon","arcs":[[4099,-9256,4100,4101,4102,4103]],"id":2174},{"properties":{"hex_id":"8829a10355fffff"},"type":"Polygon","arcs":[[-6541,-5544,4104,4105,-5374,4106]],"id":2175},{"properties":{"hex_id":"8829a56215fffff"},"type":"Polygon","arcs":[[4107,4108,-8806,4109,4110,4111]],"id":2176},{"properties":{"hex_id":"8829a1d345fffff"},"type":"Polygon","arcs":[[-5512,4112,-10105,-11023,-4775,-10236]],"id":2177},{"properties":{"hex_id":"8829a1c233fffff"},"type":"Polygon","arcs":[[4113,4114,4115,-5928,-10793,-11408]],"id":2178},{"properties":{"hex_id":"8829a1d935fffff"},"type":"Polygon","arcs":[[-4607,4116,4117,4118]],"id":2179},{"properties":{"hex_id":"8829a1d53dfffff"},"type":"Polygon","arcs":[[4119,4120,-5339,4121,-7018,-10577]],"id":2180},{"properties":{"hex_id":"8829a1d80dfffff"},"type":"Polygon","arcs":[[-8837,-10960,4122,-10299,-7647,4123]],"id":2181},{"properties":{"hex_id":"8829a1da41fffff"},"type":"Polygon","arcs":[[4124,4125,4126,4127,4128,-6829]],"id":2182},{"properties":{"hex_id":"8829a11467fffff"},"type":"Polygon","arcs":[[4129,4130,4131,4132]],"id":2183},{"properties":{"hex_id":"8829a10203fffff"},"type":"Polygon","arcs":[[4133,-6329,4134,4135,-6682,-6506]],"id":2184},{"properties":{"hex_id":"8829a1c369fffff"},"type":"Polygon","arcs":[[4136,-5566,4137,-9755,-4965,-11353]],"id":2185},{"properties":{"hex_id":"8829a56c27fffff"},"type":"Polygon","arcs":[[4138,4139,4140,4141,4142,-10452]],"id":2186},{"properties":{"hex_id":"8829a1d639fffff"},"type":"Polygon","arcs":[[-9802,4143,-7558,-11321,-10436,4144]],"id":2187},{"properties":{"hex_id":"8829a102c5fffff"},"type":"Polygon","arcs":[[-7489,4145,4146,4147,-7023,-7078]],"id":2188},{"properties":{"hex_id":"8829a11331fffff"},"type":"Polygon","arcs":[[4148,-7000,4149]],"id":2189},{"properties":{"hex_id":"8829a56cb9fffff"},"type":"Polygon","arcs":[[4150,4151,-10088,-5033,4152,4153]],"id":2190},{"properties":{"hex_id":"8829a56f63fffff"},"type":"Polygon","arcs":[[4154,4155,-10015,4156,4157,-7109]],"id":2191},{"properties":{"hex_id":"8829a11261fffff"},"type":"Polygon","arcs":[[-11111,-8353,4158,-6092,-5271,-5369]],"id":2192},{"properties":{"hex_id":"8829a198d1fffff"},"type":"Polygon","arcs":[[-4930,4159,4160,-10645,4161,4162]],"id":2193},{"properties":{"hex_id":"8829a115c7fffff"},"type":"Polygon","arcs":[[4163,4164,4165,4166]],"id":2194},{"properties":{"hex_id":"8829a0a5e7fffff"},"type":"Polygon","arcs":[[4167,-11147,4168,-9550,4169,4170]],"id":2195},{"properties":{"hex_id":"8829a18ad3fffff"},"type":"Polygon","arcs":[[4171,4172,4173,4174,4175,4176]],"id":2196},{"properties":{"hex_id":"8829a0adc3fffff"},"type":"Polygon","arcs":[[4177,-6965,-8897,4178,-7337,-7815]],"id":2197},{"properties":{"hex_id":"8829a1998dfffff"},"type":"Polygon","arcs":[[4179,4180,-6319,4181,-9531,4182]],"id":2198},{"properties":{"hex_id":"8829a18985fffff"},"type":"Polygon","arcs":[[-5990,4183,-10994,4184,-9826,-4506]],"id":2199},{"properties":{"hex_id":"8829a56809fffff"},"type":"Polygon","arcs":[[4185,4186,4187,4188,-7187,4189]],"id":2200},{"properties":{"hex_id":"8829a1c457fffff"},"type":"Polygon","arcs":[[4190,4191,4192,4193,4194,4195]],"id":2201},{"properties":{"hex_id":"8829a1093bfffff"},"type":"Polygon","arcs":[[-4270,4196,4197,4198,4199,-6763]],"id":2202},{"properties":{"hex_id":"8829a1d6adfffff"},"type":"Polygon","arcs":[[-10980,-8113,4200,4201,4202,4203]],"id":2203},{"properties":{"hex_id":"8829a5620bfffff"},"type":"Polygon","arcs":[[4204,-6348,4205,4206,4207,-6796]],"id":2204},{"properties":{"hex_id":"8829a1d04bfffff"},"type":"Polygon","arcs":[[4208,4209,-6205,4210,4211,4212]],"id":2205},{"properties":{"hex_id":"8829a115e9fffff"},"type":"Polygon","arcs":[[-7045,4213,4214,-7063,-10261,-10375]],"id":2206},{"properties":{"hex_id":"8829a18935fffff"},"type":"Polygon","arcs":[[4215,4216,4217,-8457,-10665,-6972]],"id":2207},{"properties":{"hex_id":"8829a1d401fffff"},"type":"Polygon","arcs":[[4218,4219,4220,-10379,4221,-7217]],"id":2208},{"properties":{"hex_id":"8829a56e1bfffff"},"type":"Polygon","arcs":[[-6213,-9178,4222,-10798,4223,-7151]],"id":2209},{"properties":{"hex_id":"8829a1da07fffff"},"type":"Polygon","arcs":[[-9102,4224,4225,4226,4227,-9700]],"id":2210},{"properties":{"hex_id":"8829a10923fffff"},"type":"Polygon","arcs":[[4228,-7139,-5002,4229,4230]],"id":2211},{"properties":{"hex_id":"8829a56059fffff"},"type":"Polygon","arcs":[[4231,-8033,-8329,4232,-5911]],"id":2212},{"properties":{"hex_id":"8829a18995fffff"},"type":"Polygon","arcs":[[-5839,-11494,4233,4234,4235,-4842]],"id":2213},{"properties":{"hex_id":"8829a56c29fffff"},"type":"Polygon","arcs":[[4236,-7920,-9697,4237,4238,-4494]],"id":2214},{"properties":{"hex_id":"8829a198b5fffff"},"type":"Polygon","arcs":[[-10653,-10418,4239,4240,-11178]],"id":2215},{"properties":{"hex_id":"8829a1d4b9fffff"},"type":"Polygon","arcs":[[4241,-5276,-6820,4242,-7670,-8632]],"id":2216},{"properties":{"hex_id":"8829a1818bfffff"},"type":"Polygon","arcs":[[4243,4244,-11086,4245,4246,4247]],"id":2217},{"properties":{"hex_id":"8829a56e33fffff"},"type":"Polygon","arcs":[[4248,-7385,4249,-7102,-5431,4250]],"id":2218},{"properties":{"hex_id":"8829a11355fffff"},"type":"Polygon","arcs":[[4251,-6561,-4614,4252,4253,4254]],"id":2219},{"properties":{"hex_id":"8829a1db51fffff"},"type":"Polygon","arcs":[[-5527,4255,4256,-6308,4257,4258]],"id":2220},{"properties":{"hex_id":"8829a1c2e3fffff"},"type":"Polygon","arcs":[[4259,4260,-11154,4261,4262,4263]],"id":2221},{"properties":{"hex_id":"8829a1833dfffff"},"type":"Polygon","arcs":[[4264,4265,-4866,4266,4267]],"id":2222},{"properties":{"hex_id":"8829a10915fffff"},"type":"Polygon","arcs":[[4268,4269,-6762,4270]],"id":2223},{"properties":{"hex_id":"8829a56861fffff"},"type":"Polygon","arcs":[[-4754,-8737,4271,4272,4273,-6048]],"id":2224},{"properties":{"hex_id":"8829a18a8bfffff"},"type":"Polygon","arcs":[[4274,4275,4276,-9741,4277,-10765]],"id":2225},{"properties":{"hex_id":"8829a56231fffff"},"type":"Polygon","arcs":[[4278,4279,4280,-5909,4281,4282]],"id":2226},{"properties":{"hex_id":"8829a1155dfffff"},"type":"Polygon","arcs":[[-6868,4283,4284,4285,-5257,-11347]],"id":2227},{"properties":{"hex_id":"8829a11231fffff"},"type":"Polygon","arcs":[[4286,4287,4288,-6033,4289,4290]],"id":2228},{"properties":{"hex_id":"8829a56e65fffff"},"type":"Polygon","arcs":[[4291,-9195,-10035,4292,4293,4294]],"id":2229},{"properties":{"hex_id":"8829a1d729fffff"},"type":"Polygon","arcs":[[-10328,-9529,4295,4296,-7829,-8191]],"id":2230},{"properties":{"hex_id":"8829a1d115fffff"},"type":"Polygon","arcs":[[4297,4298,-6862,-7948,-7740,-4532]],"id":2231},{"properties":{"hex_id":"8829a1d09dfffff"},"type":"Polygon","arcs":[[-11099,4299,4300,4301,4302,-5782]],"id":2232},{"properties":{"hex_id":"8829a1d52dfffff"},"type":"Polygon","arcs":[[-10583,4303,4304,-5044,4305,4306]],"id":2233},{"properties":{"hex_id":"8829a11209fffff"},"type":"Polygon","arcs":[[4307,-6545,-9740,-4684,4308,4309]],"id":2234},{"properties":{"hex_id":"8829a56de1fffff"},"type":"Polygon","arcs":[[-5552,4310,4311,4312,4313]],"id":2235},{"properties":{"hex_id":"8829a19b33fffff"},"type":"Polygon","arcs":[[4314,4315,4316,-7262,4317,4318]],"id":2236},{"properties":{"hex_id":"8829a110d5fffff"},"type":"Polygon","arcs":[[4319,-6716,4320,-9752,4321]],"id":2237},{"properties":{"hex_id":"8829a56857fffff"},"type":"Polygon","arcs":[[-8901,4322,4323,4324,4325,4326]],"id":2238},{"properties":{"hex_id":"8829a1884bfffff"},"type":"Polygon","arcs":[[4327,-7625,-7715,4328,4329,-4991]],"id":2239},{"properties":{"hex_id":"8829a0a6c7fffff"},"type":"Polygon","arcs":[[4330,4331,4332,4333,-6332,-5148]],"id":2240},{"properties":{"hex_id":"8829a56743fffff"},"type":"Polygon","arcs":[[4334,4335,-4985,-9604,-8210,4336]],"id":2241},{"properties":{"hex_id":"8829a18925fffff"},"type":"Polygon","arcs":[[-6497,4337,-10115,4338,-6948,4339]],"id":2242},{"properties":{"hex_id":"8829a56003fffff"},"type":"Polygon","arcs":[[4340,-4347,-7573,-8050,4341,4342]],"id":2243},{"properties":{"hex_id":"8829a18b17fffff"},"type":"Polygon","arcs":[[-9352,-8566,-6857,4343,-5613,4344]],"id":2244},{"properties":{"hex_id":"8829a5601dfffff"},"type":"Polygon","arcs":[[4345,-6943,-7569,4346,4347]],"id":2245},{"properties":{"hex_id":"8829a181b9fffff"},"type":"Polygon","arcs":[[4348,4349,4350,4351,4352,-6881]],"id":2246},{"properties":{"hex_id":"8829a1d549fffff"},"type":"Polygon","arcs":[[4353,-9167,4354,4355,-6522,4356]],"id":2247},{"properties":{"hex_id":"8829a18085fffff"},"type":"Polygon","arcs":[[4357,4358,-6629,-7274,-4461,4359]],"id":2248},{"properties":{"hex_id":"8829a1d685fffff"},"type":"Polygon","arcs":[[-9267,4360,-7783,4361,-8110,4362]],"id":2249},{"properties":{"hex_id":"8829a56d39fffff"},"type":"Polygon","arcs":[[4363,4364,4365,-8470,4366,4367]],"id":2250},{"properties":{"hex_id":"8829a1d855fffff"},"type":"Polygon","arcs":[[4368,4369,-6264,4370,-10958,4371]],"id":2251},{"properties":{"hex_id":"8829a56a29fffff"},"type":"Polygon","arcs":[[-9629,4372,4373,-5965,4374]],"id":2252},{"properties":{"hex_id":"8829a1d5bdfffff"},"type":"Polygon","arcs":[[4375,-5539,4376,-5677,4377,4378]],"id":2253},{"properties":{"hex_id":"8829a18337fffff"},"type":"Polygon","arcs":[[4379,-9472,4380,4381,-8455,-4868]],"id":2254},{"properties":{"hex_id":"8829a14201fffff"},"type":"Polygon","arcs":[[-6896,-5952,4382,4383,4384]],"id":2255},{"properties":{"hex_id":"8829a19b47fffff"},"type":"Polygon","arcs":[[-4683,4385,-5895,4386]],"id":2256},{"properties":{"hex_id":"8829a18b3dfffff"},"type":"Polygon","arcs":[[-5054,-9658,4387,4388,4389,4390]],"id":2257},{"properties":{"hex_id":"8829a1da53fffff"},"type":"Polygon","arcs":[[4391,4392,-7457,-10178,4393,-8702]],"id":2258},{"properties":{"hex_id":"8829a1c363fffff"},"type":"Polygon","arcs":[[4394,4395,4396,-8438,-9133,-9757]],"id":2259},{"properties":{"hex_id":"8829a569bdfffff"},"type":"Polygon","arcs":[[4397,4398,4399]],"id":2260},{"properties":{"hex_id":"8829a1980bfffff"},"type":"Polygon","arcs":[[4400,-10683,-10831,-7055,-7857,4401]],"id":2261},{"properties":{"hex_id":"8829a1d821fffff"},"type":"Polygon","arcs":[[-7641,-8357,4402,4403,4404,-8244]],"id":2262},{"properties":{"hex_id":"8829a14467fffff"},"type":"Polygon","arcs":[[4405,-8961,-4441,-6675,4406,-8276]],"id":2263},{"properties":{"hex_id":"8829a1dad5fffff"},"type":"Polygon","arcs":[[4407,4408,-5234,-4933,4409,4410]],"id":2264},{"properties":{"hex_id":"8829a1991bfffff"},"type":"Polygon","arcs":[[4411,-9156,-7669,-9535,-4698,-6181]],"id":2265},{"properties":{"hex_id":"8829a1996bfffff"},"type":"Polygon","arcs":[[4412,4413,-4556,4414,4415,4416]],"id":2266},{"properties":{"hex_id":"8829a18c5bfffff"},"type":"Polygon","arcs":[[-7368,4417,4418,4419,4420]],"id":2267},{"properties":{"hex_id":"8829a1d1ddfffff"},"type":"Polygon","arcs":[[4421,4422,-6756,4423,-9687,4424]],"id":2268},{"properties":{"hex_id":"8829a199a7fffff"},"type":"Polygon","arcs":[[-10567,4425,4426,4427,4428,4429]],"id":2269},{"properties":{"hex_id":"8829a1d91dfffff"},"type":"Polygon","arcs":[[4430,4431,-5995,4432,4433,4434]],"id":2270},{"properties":{"hex_id":"8829a198c5fffff"},"type":"Polygon","arcs":[[4435,4436,-9120,4437,-7211,-7311]],"id":2271},{"properties":{"hex_id":"8829a14429fffff"},"type":"Polygon","arcs":[[-8960,4438,4439,-4693,-6676,4440]],"id":2272},{"properties":{"hex_id":"8829a1d30dfffff"},"type":"Polygon","arcs":[[-10104,4441,4442,4443,4444,-11025]],"id":2273},{"properties":{"hex_id":"8829a57581fffff"},"type":"Polygon","arcs":[[4445,4446,4447]],"id":2274},{"properties":{"hex_id":"8829a1db3bfffff"},"type":"Polygon","arcs":[[4448,4449,4450,4451,4452,-11335]],"id":2275},{"properties":{"hex_id":"8829a1c013fffff"},"type":"Polygon","arcs":[[4453,-10860,4454,4455]],"id":2276},{"properties":{"hex_id":"8829a1d1c1fffff"},"type":"Polygon","arcs":[[4456,4457,-9691,-9426,4458,-11402]],"id":2277},{"properties":{"hex_id":"8829a180a9fffff"},"type":"Polygon","arcs":[[4459,4460,-7278,-8382,4461,4462]],"id":2278},{"properties":{"hex_id":"8829a189cbfffff"},"type":"Polygon","arcs":[[-8789,4463,4464,4465,-9333,-6772]],"id":2279},{"properties":{"hex_id":"8829a568b5fffff"},"type":"Polygon","arcs":[[4466,4467,4468,4469,4470,4471]],"id":2280},{"properties":{"hex_id":"8829a11581fffff"},"type":"Polygon","arcs":[[4472,4473,4474,4475]],"id":2281},{"properties":{"hex_id":"8829a1c445fffff"},"type":"Polygon","arcs":[[4476,-5180,4477,4478,-8298,4479]],"id":2282},{"properties":{"hex_id":"8829a569e7fffff"},"type":"Polygon","arcs":[[4480,4481,4482,-8556,4483,-9763]],"id":2283},{"properties":{"hex_id":"8829a1c343fffff"},"type":"Polygon","arcs":[[4484,4485,-4878,4486,4487,-4954]],"id":2284},{"properties":{"hex_id":"8829a56119fffff"},"type":"Polygon","arcs":[[4488,4489,4490,4491]],"id":2285},{"properties":{"hex_id":"8829a56c67fffff"},"type":"Polygon","arcs":[[-4671,4492,4493,4494,4495,4496]],"id":2286},{"properties":{"hex_id":"8829a0aee9fffff"},"type":"Polygon","arcs":[[4497,4498,-8688,-6017,-6392,4499]],"id":2287},{"properties":{"hex_id":"8829a18885fffff"},"type":"Polygon","arcs":[[4500,-11317,4501,4502,4503]],"id":2288},{"properties":{"hex_id":"8829a189e3fffff"},"type":"Polygon","arcs":[[4504,-5991,4505,-9825,-5843,4506]],"id":2289},{"properties":{"hex_id":"8829a1dae1fffff"},"type":"Polygon","arcs":[[4507,4508,4509,-6160,-4597,4510]],"id":2290},{"properties":{"hex_id":"8829a19b67fffff"},"type":"Polygon","arcs":[[-7874,-8580,4511,-10945,-10311,-9362]],"id":2291},{"properties":{"hex_id":"8829a1840dfffff"},"type":"Polygon","arcs":[[4512,4513,-7580,-10025,-7765,4514]],"id":2292},{"properties":{"hex_id":"8829a1d701fffff"},"type":"Polygon","arcs":[[4515,4516,-6365,4517,-9526,4518]],"id":2293},{"properties":{"hex_id":"8829a18e61fffff"},"type":"Polygon","arcs":[[4519,-5936,4520,4521,4522,4523]],"id":2294},{"properties":{"hex_id":"8829a1d68bfffff"},"type":"Polygon","arcs":[[-5157,4524,4525,4526,4527,4528]],"id":2295},{"properties":{"hex_id":"8829a1d103fffff"},"type":"Polygon","arcs":[[4529,4530,4531,-7739,-5924,4532]],"id":2296},{"properties":{"hex_id":"8829a145d1fffff"},"type":"Polygon","arcs":[[-10784,4533,-7053]],"id":2297},{"properties":{"hex_id":"8829a19805fffff"},"type":"Polygon","arcs":[[4534,-7860,4535,-5050,-5769,-5590]],"id":2298},{"properties":{"hex_id":"8829a18f3bfffff"},"type":"Polygon","arcs":[[-6122,4536,4537,4538,4539,4540]],"id":2299},{"properties":{"hex_id":"8829a11553fffff"},"type":"Polygon","arcs":[[4541,4542,4543]],"id":2300},{"properties":{"hex_id":"8829a1996dfffff"},"type":"Polygon","arcs":[[-9782,4544,4545,4546,4547,-10085]],"id":2301},{"properties":{"hex_id":"8829a155adfffff"},"type":"Polygon","arcs":[[4548,4549,-6435,4550,4551,-4807]],"id":2302},{"properties":{"hex_id":"8829a1990dfffff"},"type":"Polygon","arcs":[[4552,-9054,-10843,4553,4554,4555]],"id":2303},{"properties":{"hex_id":"8829a0ada7fffff"},"type":"Polygon","arcs":[[-5749,-10489,4556,4557,4558,4559]],"id":2304},{"properties":{"hex_id":"8829a1d959fffff"},"type":"Polygon","arcs":[[4560,4561,4562,-7121,-7035,-5975]],"id":2305},{"properties":{"hex_id":"8829a1146bfffff"},"type":"Polygon","arcs":[[4563,4564,4565,4566,-6259]],"id":2306},{"properties":{"hex_id":"8829a1d543fffff"},"type":"Polygon","arcs":[[4567,-8731,4568,4569,4570,4571]],"id":2307},{"properties":{"hex_id":"8829a18de9fffff"},"type":"Polygon","arcs":[[4572,-10700,4573,4574,4575,4576]],"id":2308},{"properties":{"hex_id":"8829a5689bfffff"},"type":"Polygon","arcs":[[-8849,-5293,-4769,4577,-4756,4578]],"id":2309},{"properties":{"hex_id":"8829a0aeb9fffff"},"type":"Polygon","arcs":[[4579,-9664,4580,-6446,4581]],"id":2310},{"properties":{"hex_id":"8829a56567fffff"},"type":"Polygon","arcs":[[4582,4583,4584,4585,4586,4587]],"id":2311},{"properties":{"hex_id":"8829a56e49fffff"},"type":"Polygon","arcs":[[4588,4589,4590,4591]],"id":2312},{"properties":{"hex_id":"8829a19921fffff"},"type":"Polygon","arcs":[[-7043,-7940,4592,4593,4594,-11166]],"id":2313},{"properties":{"hex_id":"8829a1dae5fffff"},"type":"Polygon","arcs":[[4595,4596,-6165,4597,4598,4599]],"id":2314},{"properties":{"hex_id":"8829a1c6d5fffff"},"type":"Polygon","arcs":[[-8024,4600,4601,4602,4603]],"id":2315},{"properties":{"hex_id":"8829a1d93dfffff"},"type":"Polygon","arcs":[[-9221,4604,4605,4606,4607,4608]],"id":2316},{"properties":{"hex_id":"8829a1d349fffff"},"type":"Polygon","arcs":[[4609,4610,-5510,4611]],"id":2317},{"properties":{"hex_id":"8829a11357fffff"},"type":"Polygon","arcs":[[-6560,-7977,-6148,-9061,4612,4613]],"id":2318},{"properties":{"hex_id":"8829a17343fffff"},"type":"Polygon","arcs":[[4614,4615,4616,4617,-9199]],"id":2319},{"properties":{"hex_id":"8829a18c01fffff"},"type":"Polygon","arcs":[[-5190,4618,4619,-6067,4620]],"id":2320},{"properties":{"hex_id":"8829a0ade1fffff"},"type":"Polygon","arcs":[[-8912,-7302,4621,4622,4623]],"id":2321},{"properties":{"hex_id":"8829a144e3fffff"},"type":"Polygon","arcs":[[4624,4625,-10024,4626]],"id":2322},{"properties":{"hex_id":"8829a1d747fffff"},"type":"Polygon","arcs":[[-10876,-10070,4627,4628,-10518,-8718]],"id":2323},{"properties":{"hex_id":"8829a1d353fffff"},"type":"Polygon","arcs":[[-7945,4629,-6874,-9415,4630,4631]],"id":2324},{"properties":{"hex_id":"8829a18951fffff"},"type":"Polygon","arcs":[[-9516,4632,4633,4634,4635,4636]],"id":2325},{"properties":{"hex_id":"8829a560c5fffff"},"type":"Polygon","arcs":[[4637,4638,4639,4640,-8315,-6479]],"id":2326},{"properties":{"hex_id":"8829a1d0b5fffff"},"type":"Polygon","arcs":[[-9044,4641,-7773,4642,4643,4644]],"id":2327},{"properties":{"hex_id":"8829a18c21fffff"},"type":"Polygon","arcs":[[4645,-9483,-5013,4646,4647,4648]],"id":2328},{"properties":{"hex_id":"8829a561dbfffff"},"type":"Polygon","arcs":[[4649,4650,4651,4652,4653,-6293]],"id":2329},{"properties":{"hex_id":"8829a56dd7fffff"},"type":"Polygon","arcs":[[4654,4655,4656,4657,4658,-7718]],"id":2330},{"properties":{"hex_id":"8829a14659fffff"},"type":"Polygon","arcs":[[4659,4660,-7443,4661,4662,4663]],"id":2331},{"properties":{"hex_id":"8829a14123fffff"},"type":"Polygon","arcs":[[-6527,4664,4665,4666,4667]],"id":2332},{"properties":{"hex_id":"8829a56c61fffff"},"type":"Polygon","arcs":[[4668,-8075,4669,4670,4671,4672]],"id":2333},{"properties":{"hex_id":"8829a1d2b9fffff"},"type":"Polygon","arcs":[[-10986,4673,4674,4675,4676,-5250]],"id":2334},{"properties":{"hex_id":"8829a19b09fffff"},"type":"Polygon","arcs":[[4677,4678,4679,4680,4681,4682]],"id":2335},{"properties":{"hex_id":"8829a11201fffff"},"type":"Polygon","arcs":[[4683,-9739,4684,-10036,4685,4686]],"id":2336},{"properties":{"hex_id":"8829a18c69fffff"},"type":"Polygon","arcs":[[4687,4688,4689,4690,4691]],"id":2337},{"properties":{"hex_id":"8829a14421fffff"},"type":"Polygon","arcs":[[4692,4693,4694,4695,4696,-6677]],"id":2338},{"properties":{"hex_id":"8829a19911fffff"},"type":"Polygon","arcs":[[-6182,4697,-9540,4698,-10640,4699]],"id":2339},{"properties":{"hex_id":"8829a14437fffff"},"type":"Polygon","arcs":[[4700,4701,-10786,-7052,-10368,4702]],"id":2340},{"properties":{"hex_id":"8829a1d8c5fffff"},"type":"Polygon","arcs":[[4703,4704,-6081,4705,4706,4707]],"id":2341},{"properties":{"hex_id":"8829a0ac13fffff"},"type":"Polygon","arcs":[[-6101,4708,4709,-10968,-7362,4710]],"id":2342},{"properties":{"hex_id":"8829a14409fffff"},"type":"Polygon","arcs":[[4711,4712,-7258,4713]],"id":2343},{"properties":{"hex_id":"8829a15535fffff"},"type":"Polygon","arcs":[[4714,4715,4716,4717,4718,4719]],"id":2344},{"properties":{"hex_id":"8829a5685dfffff"},"type":"Polygon","arcs":[[4720,-8833,-8903,4721,4722,-6379]],"id":2345},{"properties":{"hex_id":"8829a5682dfffff"},"type":"Polygon","arcs":[[4723,4724,4725,-9436,4726,-8105]],"id":2346},{"properties":{"hex_id":"8829a56143fffff"},"type":"Polygon","arcs":[[4727,4728,-8241,-7883,-9271,4729]],"id":2347},{"properties":{"hex_id":"8829a19a37fffff"},"type":"Polygon","arcs":[[4730,4731,-8344,4732,-5318,4733]],"id":2348},{"properties":{"hex_id":"8829a1998bfffff"},"type":"Polygon","arcs":[[-5068,4734,-10245,-4907,-6315,4735]],"id":2349},{"properties":{"hex_id":"8829a19949fffff"},"type":"Polygon","arcs":[[-5429,4736,4737,-10463,-9182]],"id":2350},{"properties":{"hex_id":"8829a1104dfffff"},"type":"Polygon","arcs":[[4738,4739,4740,4741,-7757,-7407]],"id":2351},{"properties":{"hex_id":"8829a0ac23fffff"},"type":"Polygon","arcs":[[4742,4743,4744,4745,4746,4747]],"id":2352},{"properties":{"hex_id":"8829a1d421fffff"},"type":"Polygon","arcs":[[-5005,4748,-6355,4749,4750,-5792]],"id":2353},{"properties":{"hex_id":"8829a56869fffff"},"type":"Polygon","arcs":[[4751,4752,-8738,4753,-6047,-8870]],"id":2354},{"properties":{"hex_id":"8829a56891fffff"},"type":"Polygon","arcs":[[4754,4755,4756,4757,4758,4759]],"id":2355},{"properties":{"hex_id":"8829a568bbfffff"},"type":"Polygon","arcs":[[4760,4761,4762,4763,4764,4765]],"id":2356},{"properties":{"hex_id":"8829a56d4dfffff"},"type":"Polygon","arcs":[[-5292,4766,-9402,-8512,4767,4768]],"id":2357},{"properties":{"hex_id":"8829a1d4d7fffff"},"type":"Polygon","arcs":[[4769,4770,4771,4772,4773]],"id":2358},{"properties":{"hex_id":"8829a1d369fffff"},"type":"Polygon","arcs":[[-10237,4774,-11028,4775,4776,4777]],"id":2359},{"properties":{"hex_id":"8829a102dbfffff"},"type":"Polygon","arcs":[[-8752,4778,4779,4780]],"id":2360},{"properties":{"hex_id":"8829a10967fffff"},"type":"Polygon","arcs":[[4781,-9059,4782,4783,-7440,4784]],"id":2361},{"properties":{"hex_id":"8829a110a1fffff"},"type":"Polygon","arcs":[[4785,-8160,4786,4787,4788]],"id":2362},{"properties":{"hex_id":"8829a56033fffff"},"type":"Polygon","arcs":[[4789,4790,4791,-6291,4792,-11457]],"id":2363},{"properties":{"hex_id":"8829a18461fffff"},"type":"Polygon","arcs":[[-6406,4793,-7768,4794,-8423,4795]],"id":2364},{"properties":{"hex_id":"8829a1124dfffff"},"type":"Polygon","arcs":[[4796,4797,-7726,4798,-7397,-8808]],"id":2365},{"properties":{"hex_id":"8829a19aa1fffff"},"type":"Polygon","arcs":[[-7096,-8956,4799,-5701,4800,-9775]],"id":2366},{"properties":{"hex_id":"8829a56e95fffff"},"type":"Polygon","arcs":[[4801,-6170,4802,4803,-11230,4804]],"id":2367},{"properties":{"hex_id":"8829a142dbfffff"},"type":"Polygon","arcs":[[-6109,4805,4806,4807,-11462,4808]],"id":2368},{"properties":{"hex_id":"8829a18d0dfffff"},"type":"Polygon","arcs":[[4809,-9330,4810,-8523,-10305,4811]],"id":2369},{"properties":{"hex_id":"8829a1c209fffff"},"type":"Polygon","arcs":[[4812,-7846,-4873,4813,-10223,4814]],"id":2370},{"properties":{"hex_id":"8829a11317fffff"},"type":"Polygon","arcs":[[-8198,-7760,-5094,4815,4816,-6084]],"id":2371},{"properties":{"hex_id":"8829a575a9fffff"},"type":"Polygon","arcs":[[-6631,4817,4818,4819,4820]],"id":2372},{"properties":{"hex_id":"8829a1d4c9fffff"},"type":"Polygon","arcs":[[4821,4822,-10920,-8494,-8379,-6399]],"id":2373},{"properties":{"hex_id":"8829a181d3fffff"},"type":"Polygon","arcs":[[4823,4824,4825,4826,4827,4828]],"id":2374},{"properties":{"hex_id":"8829a19ab1fffff"},"type":"Polygon","arcs":[[4829,-5717,4830,4831,4832]],"id":2375},{"properties":{"hex_id":"8829a1d201fffff"},"type":"Polygon","arcs":[[-10219,-11331,-8400,4833,-7565,4834]],"id":2376},{"properties":{"hex_id":"8829a1d1b1fffff"},"type":"Polygon","arcs":[[4835,4836,4837,4838,-10157,4839]],"id":2377},{"properties":{"hex_id":"8829a18983fffff"},"type":"Polygon","arcs":[[4840,-5840,4841,4842,-10990,4843]],"id":2378},{"properties":{"hex_id":"8829a1d6dbfffff"},"type":"Polygon","arcs":[[-8764,4844,4845,4846,4847,4848]],"id":2379},{"properties":{"hex_id":"8829a1893bfffff"},"type":"Polygon","arcs":[[4849,4850,4851,4852,4853,4854]],"id":2380},{"properties":{"hex_id":"8829a03659fffff"},"type":"Polygon","arcs":[[4855,4856,4857,4858,4859,-5243]],"id":2381},{"properties":{"hex_id":"8829a109e9fffff"},"type":"Polygon","arcs":[[4860,4861,4862,4863]],"id":2382},{"properties":{"hex_id":"8829a1d185fffff"},"type":"Polygon","arcs":[[-10058,-5743,-7336,4864,-7353,-6513]],"id":2383},{"properties":{"hex_id":"8829a18335fffff"},"type":"Polygon","arcs":[[4865,4866,4867,-8454,4868,4869]],"id":2384},{"properties":{"hex_id":"8829a1c20bfffff"},"type":"Polygon","arcs":[[-7845,-5331,-6611,4870,4871,4872]],"id":2385},{"properties":{"hex_id":"8829a1c355fffff"},"type":"Polygon","arcs":[[4873,4874,4875,-11377,4876,4877]],"id":2386},{"properties":{"hex_id":"8829a15597fffff"},"type":"Polygon","arcs":[[4878,-5104,4879,4880]],"id":2387},{"properties":{"hex_id":"8829a18a67fffff"},"type":"Polygon","arcs":[[-5949,-6750,4881,-6724,4882,-10549]],"id":2388},{"properties":{"hex_id":"8829a18929fffff"},"type":"Polygon","arcs":[[-6552,4883,4884,-6495,-9888]],"id":2389},{"properties":{"hex_id":"8829a1d119fffff"},"type":"Polygon","arcs":[[4885,4886,4887,-8118]],"id":2390},{"properties":{"hex_id":"8829a0ac61fffff"},"type":"Polygon","arcs":[[-7233,-10210,4888,4889]],"id":2391},{"properties":{"hex_id":"8829a11541fffff"},"type":"Polygon","arcs":[[4890,-11349,-5261,4891,4892,-6302]],"id":2392},{"properties":{"hex_id":"8829a19851fffff"},"type":"Polygon","arcs":[[-8342,4893,4894,-10680,4895,4896]],"id":2393},{"properties":{"hex_id":"8829a5674dfffff"},"type":"Polygon","arcs":[[4897,4898,4899,-7868,4900,-6219]],"id":2394},{"properties":{"hex_id":"8829a56a57fffff"},"type":"Polygon","arcs":[[4901,4902,4903,4904,4905,-10402]],"id":2395},{"properties":{"hex_id":"8829a19983fffff"},"type":"Polygon","arcs":[[4906,-10244,4907,-7514,4908,-6316]],"id":2396},{"properties":{"hex_id":"8829a18721fffff"},"type":"Polygon","arcs":[[4909,4910,4911,4912]],"id":2397},{"properties":{"hex_id":"8829a0a535fffff"},"type":"Polygon","arcs":[[-10892,-9009,-10500,4913,4914,-8883]],"id":2398},{"properties":{"hex_id":"8829a1553bfffff"},"type":"Polygon","arcs":[[4915,4916,4917,-11057,4918,4919]],"id":2399},{"properties":{"hex_id":"8829a0a6b1fffff"},"type":"Polygon","arcs":[[-5130,4920,-7017,4921,4922,4923]],"id":2400},{"properties":{"hex_id":"8829a1d199fffff"},"type":"Polygon","arcs":[[-7736,4924,4925,-6563,4926,4927]],"id":2401},{"properties":{"hex_id":"8829a198d9fffff"},"type":"Polygon","arcs":[[-5715,-8638,4928,4929,4930,4931]],"id":2402},{"properties":{"hex_id":"8829a1da8bfffff"},"type":"Polygon","arcs":[[4932,-5233,4933,4934,4935,4936]],"id":2403},{"properties":{"hex_id":"8829a0a5e9fffff"},"type":"Polygon","arcs":[[4937,-9624,-8275,4938,-6909,4939]],"id":2404},{"properties":{"hex_id":"8829a578a1fffff"},"type":"Polygon","arcs":[[4940,4941,4942,-8045,4943]],"id":2405},{"properties":{"hex_id":"8829a1d589fffff"},"type":"Polygon","arcs":[[4944,4945,-5022,4946,-5497,4947]],"id":2406},{"properties":{"hex_id":"8829a1d221fffff"},"type":"Polygon","arcs":[[4948,-9050,4949,4950,-6871,4951]],"id":2407},{"properties":{"hex_id":"8829a1c341fffff"},"type":"Polygon","arcs":[[-5848,4952,4953,4954,-5563,-10469]],"id":2408},{"properties":{"hex_id":"8829a1d01bfffff"},"type":"Polygon","arcs":[[-6977,4955,-6369,-4971,4956,4957]],"id":2409},{"properties":{"hex_id":"8829a0aee3fffff"},"type":"Polygon","arcs":[[-8686,4958,4959,-9632,4960,-6018]],"id":2410},{"properties":{"hex_id":"8829a18e1dfffff"},"type":"Polygon","arcs":[[4961,4962,-8576,-5879,4963,-9281]],"id":2411},{"properties":{"hex_id":"8829a1c36dfffff"},"type":"Polygon","arcs":[[-11354,4964,-9760,4965,4966,-5341]],"id":2412},{"properties":{"hex_id":"8829a0aeadfffff"},"type":"Polygon","arcs":[[4967,-9636,4968,4969,-5040,-8268]],"id":2413},{"properties":{"hex_id":"8829a1d013fffff"},"type":"Polygon","arcs":[[4970,-6368,-10540,4971,4972,4973]],"id":2414},{"properties":{"hex_id":"8829a11515fffff"},"type":"Polygon","arcs":[[4974,4975,-10378,4976,4977,-6416]],"id":2415},{"properties":{"hex_id":"8829a56f45fffff"},"type":"Polygon","arcs":[[4978,-9570,4979,-7269,4980]],"id":2416},{"properties":{"hex_id":"8829a56755fffff"},"type":"Polygon","arcs":[[4981,4982,4983,-9605,4984]],"id":2417},{"properties":{"hex_id":"8829a1d093fffff"},"type":"Polygon","arcs":[[-11140,-6525,4985,4986,4987,4988]],"id":2418},{"properties":{"hex_id":"8829a18849fffff"},"type":"Polygon","arcs":[[-9395,4989,4990,4991,4992,-9640]],"id":2419},{"properties":{"hex_id":"8829a1d665fffff"},"type":"Polygon","arcs":[[-7173,-5283,4993,-9927,4994,-11420]],"id":2420},{"properties":{"hex_id":"8829a561bdfffff"},"type":"Polygon","arcs":[[-8665,4995,4996,4997,4998]],"id":2421},{"properties":{"hex_id":"8829a10935fffff"},"type":"Polygon","arcs":[[-7138,4999,5000,5001]],"id":2422},{"properties":{"hex_id":"8829a1d429fffff"},"type":"Polygon","arcs":[[-9107,5002,5003,5004,-5791,5005]],"id":2423},{"properties":{"hex_id":"8829a1d643fffff"},"type":"Polygon","arcs":[[-6158,5006,-6504,-9229,-8782,5007]],"id":2424},{"properties":{"hex_id":"8829a18c23fffff"},"type":"Polygon","arcs":[[-9482,5008,5009,5010,5011,5012]],"id":2425},{"properties":{"hex_id":"8829a188d9fffff"},"type":"Polygon","arcs":[[-6850,-8083,-7144,-7852,5013,5014]],"id":2426},{"properties":{"hex_id":"8829a1d0c1fffff"},"type":"Polygon","arcs":[[-8569,5015,5016,5017,-10536,-6367]],"id":2427},{"properties":{"hex_id":"8829a1d58bfffff"},"type":"Polygon","arcs":[[5018,5019,-7289,-8678,5020,5021]],"id":2428},{"properties":{"hex_id":"8829a51891fffff"},"type":"Polygon","arcs":[[5022]],"id":2429},{"properties":{"hex_id":"8829a11729fffff"},"type":"Polygon","arcs":[[-11503,5023,-7404,5024,5025,-6664]],"id":2430},{"properties":{"hex_id":"8829a188ebfffff"},"type":"Polygon","arcs":[[5026,5027,5028,5029,5030,5031]],"id":2431},{"properties":{"hex_id":"8829a56cb1fffff"},"type":"Polygon","arcs":[[5032,-10087,5033,-6812,-10671,5034]],"id":2432},{"properties":{"hex_id":"8829a1d129fffff"},"type":"Polygon","arcs":[[-6887,5035,5036,-10287,5037,5038]],"id":2433},{"properties":{"hex_id":"8829a0ac53fffff"},"type":"Polygon","arcs":[[-8269,5039,5040,-11051,5041,5042]],"id":2434},{"properties":{"hex_id":"8829a1d525fffff"},"type":"Polygon","arcs":[[5043,5044,5045,5046,5047,5048]],"id":2435},{"properties":{"hex_id":"8829a1982bfffff"},"type":"Polygon","arcs":[[5049,5050,5051,-8480,-10770,-5770]],"id":2436},{"properties":{"hex_id":"8829a18b07fffff"},"type":"Polygon","arcs":[[5052,-5558,-9659,5053,5054,5055]],"id":2437},{"properties":{"hex_id":"8829a1d5d1fffff"},"type":"Polygon","arcs":[[5056,5057,-7012,5058,5059,5060]],"id":2438},{"properties":{"hex_id":"8829a0ae93fffff"},"type":"Polygon","arcs":[[-6224,5061,5062,-6277,5063,5064]],"id":2439},{"properties":{"hex_id":"8829a199d5fffff"},"type":"Polygon","arcs":[[5065,-10689,5066,5067,5068,5069]],"id":2440},{"properties":{"hex_id":"8829a56937fffff"},"type":"Polygon","arcs":[[5070,5071,-8531,-10351,-10163,-8257]],"id":2441},{"properties":{"hex_id":"8829a1d045fffff"},"type":"Polygon","arcs":[[5072,5073,5074,-7810,-10703,5075]],"id":2442},{"properties":{"hex_id":"8829a1882bfffff"},"type":"Polygon","arcs":[[-5651,5076,-6841,-10211,-5119,5077]],"id":2443},{"properties":{"hex_id":"8829a1d113fffff"},"type":"Polygon","arcs":[[5078,-11404,5079,5080,-6859,5081]],"id":2444},{"properties":{"hex_id":"8829a1d8cbfffff"},"type":"Polygon","arcs":[[5082,-9468,5083,5084,5085,5086]],"id":2445},{"properties":{"hex_id":"8829a56e2bfffff"},"type":"Polygon","arcs":[[5087,-10433,5088,5089,5090,-8595]],"id":2446},{"properties":{"hex_id":"8829a11069fffff"},"type":"Polygon","arcs":[[-7759,5091,-10020,-9571,5092,5093]],"id":2447},{"properties":{"hex_id":"8829a1c731fffff"},"type":"Polygon","arcs":[[5094,-8759,5095,5096]],"id":2448},{"properties":{"hex_id":"8829a562ebfffff"},"type":"Polygon","arcs":[[5097,5098,5099,-8427,5100,-9617]],"id":2449},{"properties":{"hex_id":"8829a15593fffff"},"type":"Polygon","arcs":[[5101,-11032,5102,5103,5104]],"id":2450},{"properties":{"hex_id":"8829a1c715fffff"},"type":"Polygon","arcs":[[-5384,5105,5106,-8755,5107,5108]],"id":2451},{"properties":{"hex_id":"8829a0a403fffff"},"type":"Polygon","arcs":[[5109,5110,5111,5112]],"id":2452},{"properties":{"hex_id":"8829a0acb5fffff"},"type":"Polygon","arcs":[[5113,5114,-5246,5115,-8011,5116]],"id":2453},{"properties":{"hex_id":"8829a18821fffff"},"type":"Polygon","arcs":[[5117,5118,-10216,-8815,5119,-10146]],"id":2454},{"properties":{"hex_id":"8829a155c5fffff"},"type":"Polygon","arcs":[[5120,5121,-10194,-9365,-7160,-7610]],"id":2455},{"properties":{"hex_id":"8829a1c323fffff"},"type":"Polygon","arcs":[[5122,5123,5124,-10724,5125,-5939]],"id":2456},{"properties":{"hex_id":"8829a0a6b9fffff"},"type":"Polygon","arcs":[[5126,5127,5128,5129,5130,-5581]],"id":2457},{"properties":{"hex_id":"8829a1984dfffff"},"type":"Polygon","arcs":[[-7510,5131,-6471,-11102,5132,-8964]],"id":2458},{"properties":{"hex_id":"8829a11707fffff"},"type":"Polygon","arcs":[[-5326,5133,5134,-8464,-7401,5135]],"id":2459},{"properties":{"hex_id":"8829a56881fffff"},"type":"Polygon","arcs":[[-5746,5136,5137,-9911,-10587,-8606]],"id":2460},{"properties":{"hex_id":"8829a1941bfffff"},"type":"Polygon","arcs":[[5138,5139,-10553,5140]],"id":2461},{"properties":{"hex_id":"8829a56295fffff"},"type":"Polygon","arcs":[[5141,5142,5143,5144,5145]],"id":2462},{"properties":{"hex_id":"8829a0a6c5fffff"},"type":"Polygon","arcs":[[-7394,5146,5147,-6331,-8661,5148]],"id":2463},{"properties":{"hex_id":"8829a56165fffff"},"type":"Polygon","arcs":[[5149,-10614,5150,-10132,5151,5152]],"id":2464},{"properties":{"hex_id":"8829a1d6d5fffff"},"type":"Polygon","arcs":[[5153,5154,5155,5156,5157,5158]],"id":2465},{"properties":{"hex_id":"8829a56ea5fffff"},"type":"Polygon","arcs":[[-6073,5159,5160,5161,5162,5163]],"id":2466},{"properties":{"hex_id":"8829a1d231fffff"},"type":"Polygon","arcs":[[5164,5165,5166,5167,-11172]],"id":2467},{"properties":{"hex_id":"8829a56a0dfffff"},"type":"Polygon","arcs":[[5168,-10620,5169,5170,-9627,5171]],"id":2468},{"properties":{"hex_id":"8829a109adfffff"},"type":"Polygon","arcs":[[5172,5173,-10944,5174,-6022,5175]],"id":2469},{"properties":{"hex_id":"8829a10243fffff"},"type":"Polygon","arcs":[[-11185,-8324,-6271,-9370,5176,-6138]],"id":2470},{"properties":{"hex_id":"8829a1c441fffff"},"type":"Polygon","arcs":[[5177,-10274,-5426,5178,5179,5180]],"id":2471},{"properties":{"hex_id":"8829a1d5c5fffff"},"type":"Polygon","arcs":[[-8263,-7247,5181,5182,5183,5184]],"id":2472},{"properties":{"hex_id":"8829a56197fffff"},"type":"Polygon","arcs":[[5185,5186,-6041,5187,-9508,-9732]],"id":2473},{"properties":{"hex_id":"8829a18c09fffff"},"type":"Polygon","arcs":[[5188,5189,5190,-9450]],"id":2474},{"properties":{"hex_id":"8829a56ed1fffff"},"type":"Polygon","arcs":[[5191,5192,5193,5194,5195,5196]],"id":2475},{"properties":{"hex_id":"8829a5690bfffff"},"type":"Polygon","arcs":[[-9992,5197,-8000,5198]],"id":2476},{"properties":{"hex_id":"8829a1dab1fffff"},"type":"Polygon","arcs":[[-5689,-5343,5199,-9464,5200,-8187]],"id":2477},{"properties":{"hex_id":"8829a1dad3fffff"},"type":"Polygon","arcs":[[5201,5202,5203,-7472,-5231,5204]],"id":2478},{"properties":{"hex_id":"8829a1d947fffff"},"type":"Polygon","arcs":[[5205,-7754,-5316,-10255,5206,5207]],"id":2479},{"properties":{"hex_id":"8829a18859fffff"},"type":"Polygon","arcs":[[-6735,5208,5209,5210,-7711,-7624]],"id":2480},{"properties":{"hex_id":"8829a18847fffff"},"type":"Polygon","arcs":[[5211,5212,5213,-6601,-6531,-6131]],"id":2481},{"properties":{"hex_id":"8829a11735fffff"},"type":"Polygon","arcs":[[-8467,5214,-6869,-11345,5215,5216]],"id":2482},{"properties":{"hex_id":"8829a565edfffff"},"type":"Polygon","arcs":[[-8520,-8286,5217,5218,-5797,5219]],"id":2483},{"properties":{"hex_id":"8829a1845bfffff"},"type":"Polygon","arcs":[[-9249,5220,5221]],"id":2484},{"properties":{"hex_id":"8829a0ac01fffff"},"type":"Polygon","arcs":[[5222,-8591,-10394,5223,-7521,5224]],"id":2485},{"properties":{"hex_id":"8829a0a4bbfffff"},"type":"Polygon","arcs":[[-5485,5225,5226,-7795,5227,5228]],"id":2486},{"properties":{"hex_id":"8829a1dad7fffff"},"type":"Polygon","arcs":[[5229,5230,-7476,5231,5232,5233]],"id":2487},{"properties":{"hex_id":"8829a1416dfffff"},"type":"Polygon","arcs":[[5234,5235,5236]],"id":2488},{"properties":{"hex_id":"8829a0a501fffff"},"type":"Polygon","arcs":[[5237,5238,5239]],"id":2489},{"properties":{"hex_id":"8829a0acb7fffff"},"type":"Polygon","arcs":[[5240,5241,5242,5243,5244,5245]],"id":2490},{"properties":{"hex_id":"8829a1c0c9fffff"},"type":"Polygon","arcs":[[5246,5247,-5657,5248,-10857,-7088]],"id":2491},{"properties":{"hex_id":"8829a1d287fffff"},"type":"Polygon","arcs":[[-9831,-10987,5249,5250,-9821,5251]],"id":2492},{"properties":{"hex_id":"8829a0a529fffff"},"type":"Polygon","arcs":[[5252,-6454,-6012,5253]],"id":2493},{"properties":{"hex_id":"8829a198e5fffff"},"type":"Polygon","arcs":[[-9445,5254,5255,-8968,-8375,-6961]],"id":2494},{"properties":{"hex_id":"8829a11543fffff"},"type":"Polygon","arcs":[[-11348,5256,5257,5258,5259,5260]],"id":2495},{"properties":{"hex_id":"8829a19b07fffff"},"type":"Polygon","arcs":[[5261,-10124,5262,5263,-9110,-9260]],"id":2496},{"properties":{"hex_id":"8829a1105dfffff"},"type":"Polygon","arcs":[[-6036,5264,5265,5266,5267,-8713]],"id":2497},{"properties":{"hex_id":"8829a18a11fffff"},"type":"Polygon","arcs":[[-8185,5268,-5622,5269]],"id":2498},{"properties":{"hex_id":"8829a11265fffff"},"type":"Polygon","arcs":[[-5370,5270,-6097,5271,-9204,5272]],"id":2499},{"properties":{"hex_id":"8829a1d495fffff"},"type":"Polygon","arcs":[[5273,5274,-7051,-6817,5275,5276]],"id":2500},{"properties":{"hex_id":"8829a56d0dfffff"},"type":"Polygon","arcs":[[-7704,5277,5278,5279,-6743,-5478]],"id":2501},{"properties":{"hex_id":"8829a1d661fffff"},"type":"Polygon","arcs":[[5280,-8289,-9148,5281,5282,-7172]],"id":2502},{"properties":{"hex_id":"8829a568abfffff"},"type":"Polygon","arcs":[[-10589,-9915,5283,5284,-10358,5285]],"id":2503},{"properties":{"hex_id":"8829a14683fffff"},"type":"Polygon","arcs":[[-11214,-8985,5286,-7098,-11013,5287]],"id":2504},{"properties":{"hex_id":"8829a56f27fffff"},"type":"Polygon","arcs":[[5288,5289,5290,5291,5292,-8848]],"id":2505},{"properties":{"hex_id":"8829a0add7fffff"},"type":"Polygon","arcs":[[5293,-5522,-9005,5294,5295,-8894]],"id":2506},{"properties":{"hex_id":"8829a56f0bfffff"},"type":"Polygon","arcs":[[-10721,-7391,5296,-7342,5297,5298]],"id":2507},{"properties":{"hex_id":"8829a1d755fffff"},"type":"Polygon","arcs":[[-9884,5299,5300,5301,5302,-10068]],"id":2508},{"properties":{"hex_id":"8829a146d1fffff"},"type":"Polygon","arcs":[[5303,5304,-6026,5305,5306]],"id":2509},{"properties":{"hex_id":"8829a1d1a7fffff"},"type":"Polygon","arcs":[[-8923,5307,-5849,-10467,-7525,5308]],"id":2510},{"properties":{"hex_id":"8829a1d503fffff"},"type":"Polygon","arcs":[[5309,-5459,-5572,5310,5311,5312]],"id":2511},{"properties":{"hex_id":"8829a1d909fffff"},"type":"Polygon","arcs":[[-7753,-7542,5313,5314,-10256,5315]],"id":2512},{"properties":{"hex_id":"8829a1984bfffff"},"type":"Polygon","arcs":[[5316,5317,5318,-6272,-6468,5319]],"id":2513},{"properties":{"hex_id":"8829a56005fffff"},"type":"Polygon","arcs":[[5320,5321,5322,-8200,5323]],"id":2514},{"properties":{"hex_id":"8829a11701fffff"},"type":"Polygon","arcs":[[5324,5325,5326,5327]],"id":2515},{"properties":{"hex_id":"8829a1c257fffff"},"type":"Polygon","arcs":[[-7639,5328,5329,-6606,5330,-7844]],"id":2516},{"properties":{"hex_id":"8829a0ae33fffff"},"type":"Polygon","arcs":[[5331,-6395,5332,-7208,5333]],"id":2517},{"properties":{"hex_id":"8829a1d531fffff"},"type":"Polygon","arcs":[[5334,5335,-6985,5336,5337,5338]],"id":2518},{"properties":{"hex_id":"8829a1dabbfffff"},"type":"Polygon","arcs":[[5339,-11355,5340,5341,5342,-5688]],"id":2519},{"properties":{"hex_id":"8829a18e5dfffff"},"type":"Polygon","arcs":[[5343,5344,-6006,5345,5346,5347]],"id":2520},{"properties":{"hex_id":"8829a56199fffff"},"type":"Polygon","arcs":[[5348,5349,-7983,5350,5351,5352]],"id":2521},{"properties":{"hex_id":"8829a56eb7fffff"},"type":"Polygon","arcs":[[-7904,5353,5354,-8406,5355,5356]],"id":2522},{"properties":{"hex_id":"8829a5612dfffff"},"type":"Polygon","arcs":[[5357,5358,5359,-5978,5360,-10134]],"id":2523},{"properties":{"hex_id":"8829a03609fffff"},"type":"Polygon","arcs":[[-5869,5361,5362,-10152]],"id":2524},{"properties":{"hex_id":"8829a19907fffff"},"type":"Polygon","arcs":[[-10841,5363,5364,5365,-7937,5366]],"id":2525},{"properties":{"hex_id":"8829a1126dfffff"},"type":"Polygon","arcs":[[5367,-11112,5368,5369,5370,5371]],"id":2526},{"properties":{"hex_id":"8829a10309fffff"},"type":"Polygon","arcs":[[5372,5373,5374,-7801,5375]],"id":2527},{"properties":{"hex_id":"8829a199bbfffff"},"type":"Polygon","arcs":[[5376,5377,-9937,5378,5379,-7516]],"id":2528},{"properties":{"hex_id":"8829a1c71dfffff"},"type":"Polygon","arcs":[[5380,5381,5382,5383,5384,5385]],"id":2529},{"properties":{"hex_id":"8829a188b3fffff"},"type":"Polygon","arcs":[[-6556,5386,5387,5388,-7131,5389]],"id":2530},{"properties":{"hex_id":"8829a56ca7fffff"},"type":"Polygon","arcs":[[5390,-11443,-6995,5391,5392,5393]],"id":2531},{"properties":{"hex_id":"8829a56a3bfffff"},"type":"Polygon","arcs":[[-9786,5394,-6256,5395,-11413,5396]],"id":2532},{"properties":{"hex_id":"8829a154a3fffff"},"type":"Polygon","arcs":[[5397,5398,5399,5400,5401]],"id":2533},{"properties":{"hex_id":"8829a1c643fffff"},"type":"Polygon","arcs":[[5402,5403,5404,5405,5406,5407]],"id":2534},{"properties":{"hex_id":"8829a0ac9dfffff"},"type":"Polygon","arcs":[[5408,-6591,5409,-8291,5410,-5586]],"id":2535},{"properties":{"hex_id":"8829a568e1fffff"},"type":"Polygon","arcs":[[-10544,-5905,-6932,5411,-6684,-10396]],"id":2536},{"properties":{"hex_id":"8829a1c00bfffff"},"type":"Polygon","arcs":[[-9069,5412,5413,-10901,5414,5415]],"id":2537},{"properties":{"hex_id":"8829a1c2b3fffff"},"type":"Polygon","arcs":[[5416,-6491,5417,5418,5419,5420]],"id":2538},{"properties":{"hex_id":"8829a1c443fffff"},"type":"Polygon","arcs":[[-10273,5421,5422,5423,5424,5425]],"id":2539},{"properties":{"hex_id":"8829a19b23fffff"},"type":"Polygon","arcs":[[-9112,5426,5427,5428,-9181,-5907]],"id":2540},{"properties":{"hex_id":"8829a56e37fffff"},"type":"Polygon","arcs":[[5429,5430,-7107,-6737,-5820,5431]],"id":2541},{"properties":{"hex_id":"8829a56505fffff"},"type":"Polygon","arcs":[[5432,-7423,5433,5434,5435,5436]],"id":2542},{"properties":{"hex_id":"8829a1d867fffff"},"type":"Polygon","arcs":[[5437,-7649,-7642,-8242,5438,5439]],"id":2543},{"properties":{"hex_id":"8829a0a68bfffff"},"type":"Polygon","arcs":[[5440,-11067,5441,5442,5443,5444]],"id":2544},{"properties":{"hex_id":"8829a115d7fffff"},"type":"Polygon","arcs":[[-6045,5445,5446,5447,5448,-9291]],"id":2545},{"properties":{"hex_id":"8829a155e1fffff"},"type":"Polygon","arcs":[[-7161,-9368,5449,5450,-6107,5451]],"id":2546},{"properties":{"hex_id":"8829a146b5fffff"},"type":"Polygon","arcs":[[5452,-6082,-7655,5453,-8433,5454]],"id":2547},{"properties":{"hex_id":"8829a1d51dfffff"},"type":"Polygon","arcs":[[5455,5456,5457,-5568,5458,5459]],"id":2548},{"properties":{"hex_id":"8829a18855fffff"},"type":"Polygon","arcs":[[-7713,5460,5461,5462,5463,5464]],"id":2549},{"properties":{"hex_id":"8829a19847fffff"},"type":"Polygon","arcs":[[-6470,-6276,5465,5466,5467,-11104]],"id":2550},{"properties":{"hex_id":"8829a19881fffff"},"type":"Polygon","arcs":[[5468,5469,5470,5471,5472,5473]],"id":2551},{"properties":{"hex_id":"8829a0a4e1fffff"},"type":"Polygon","arcs":[[5474,-8236,-9865,-6343,5475,5476]],"id":2552},{"properties":{"hex_id":"8829a56d6bfffff"},"type":"Polygon","arcs":[[-8514,-7705,5477,-6742,5478,5479]],"id":2553},{"properties":{"hex_id":"8829a0ac39fffff"},"type":"Polygon","arcs":[[-10392,-6009,5480,-8218,5481,5482]],"id":2554},{"properties":{"hex_id":"8829a0a495fffff"},"type":"Polygon","arcs":[[-11128,5483,5484,5485,-10885]],"id":2555},{"properties":{"hex_id":"8829a1d365fffff"},"type":"Polygon","arcs":[[5486,5487,5488,5489,-7015]],"id":2556},{"properties":{"hex_id":"8829a199e9fffff"},"type":"Polygon","arcs":[[-9538,5490,5491,5492,5493,5494]],"id":2557},{"properties":{"hex_id":"8829a1d58dfffff"},"type":"Polygon","arcs":[[5495,5496,5497,5498,5499,5500]],"id":2558},{"properties":{"hex_id":"8829a18b2dfffff"},"type":"Polygon","arcs":[[-7925,5501,-9524,5502,5503,-9970]],"id":2559},{"properties":{"hex_id":"8829a5672dfffff"},"type":"Polygon","arcs":[[5504,5505,-10679,5506,5507,-9027]],"id":2560},{"properties":{"hex_id":"8829a1d34dfffff"},"type":"Polygon","arcs":[[5508,5509,5510,5511,-10235,5512]],"id":2561},{"properties":{"hex_id":"8829a1c047fffff"},"type":"Polygon","arcs":[[5513,-6029,5514,5515,5516,5517]],"id":2562},{"properties":{"hex_id":"8829a18047fffff"},"type":"Polygon","arcs":[[5518,5519]],"id":2563},{"properties":{"hex_id":"8829a0add3fffff"},"type":"Polygon","arcs":[[-8336,5520,-8164,-9000,5521,5522]],"id":2564},{"properties":{"hex_id":"8829a1db59fffff"},"type":"Polygon","arcs":[[5523,5524,5525,5526,5527,5528]],"id":2565},{"properties":{"hex_id":"8829a5673dfffff"},"type":"Polygon","arcs":[[5529,5530,-7507,-5812,-8346,5531]],"id":2566},{"properties":{"hex_id":"8829a18f25fffff"},"type":"Polygon","arcs":[[5532,-9358,-9648,5533,5534,5535]],"id":2567},{"properties":{"hex_id":"8829a1d5b9fffff"},"type":"Polygon","arcs":[[-8681,5536,5537,5538,5539]],"id":2568},{"properties":{"hex_id":"8829a10351fffff"},"type":"Polygon","arcs":[[5540,5541,-8390,5542,5543,-6540]],"id":2569},{"properties":{"hex_id":"8829a56c9dfffff"},"type":"Polygon","arcs":[[-6465,5544,5545,5546,5547,-7328]],"id":2570},{"properties":{"hex_id":"8829a56de9fffff"},"type":"Polygon","arcs":[[5548,5549,5550,5551,5552,5553]],"id":2571},{"properties":{"hex_id":"8829a18b03fffff"},"type":"Polygon","arcs":[[5554,5555,5556,-9654,5557,5558]],"id":2572},{"properties":{"hex_id":"8829a568c3fffff"},"type":"Polygon","arcs":[[5559,5560,-6811,-5744,5561,-11253]],"id":2573},{"properties":{"hex_id":"8829a1c345fffff"},"type":"Polygon","arcs":[[-10470,5562,5563,5564,5565,5566]],"id":2574},{"properties":{"hex_id":"8829a1d515fffff"},"type":"Polygon","arcs":[[5567,5568,-5685,5569,5570,5571]],"id":2575},{"properties":{"hex_id":"8829a18e49fffff"},"type":"Polygon","arcs":[[5572,5573,5574,5575,5576,5577]],"id":2576},{"properties":{"hex_id":"8829a0a687fffff"},"type":"Polygon","arcs":[[5578,5579,5580,5581,5582,5583]],"id":2577},{"properties":{"hex_id":"8829a0ac8bfffff"},"type":"Polygon","arcs":[[-6921,5584,5585,5586]],"id":2578},{"properties":{"hex_id":"8829a19863fffff"},"type":"Polygon","arcs":[[5587,5588,5589,-5768,-8929,5590]],"id":2579},{"properties":{"hex_id":"8829a102c3fffff"},"type":"Polygon","arcs":[[5591,5592,5593,-7178,5594,5595]],"id":2580},{"properties":{"hex_id":"8829a15587fffff"},"type":"Polygon","arcs":[[-6623,-7532,-8363,5596,5597,5598]],"id":2581},{"properties":{"hex_id":"8829a11047fffff"},"type":"Polygon","arcs":[[5599,5600,5601,-10017,5602]],"id":2582},{"properties":{"hex_id":"8829a1066bfffff"},"type":"Polygon","arcs":[[5603,-6708,5604,5605,-8795]],"id":2583},{"properties":{"hex_id":"8829a1c755fffff"},"type":"Polygon","arcs":[[5606,5607,5608,5609,-6775,5610]],"id":2584},{"properties":{"hex_id":"8829a18b3bfffff"},"type":"Polygon","arcs":[[5611,5612,5613,5614,5615,-9656]],"id":2585},{"properties":{"hex_id":"8829a1d98dfffff"},"type":"Polygon","arcs":[[5616]],"id":2586},{"properties":{"hex_id":"8829a569a1fffff"},"type":"Polygon","arcs":[[5617,5618,5619,-6577,-8558]],"id":2587},{"properties":{"hex_id":"8829a18a15fffff"},"type":"Polygon","arcs":[[5620,5621,5622,-8840,-6671,-10063]],"id":2588},{"properties":{"hex_id":"8829a1119bfffff"},"type":"Polygon","arcs":[[5623,5624,-5957,5625,5626,5627]],"id":2589},{"properties":{"hex_id":"8829a18e09fffff"},"type":"Polygon","arcs":[[5628,5629,-9284,-5772,-8905,-5872]],"id":2590},{"properties":{"hex_id":"8829a1c225fffff"},"type":"Polygon","arcs":[[-6337,5630,5631,5632,-8143,-6357]],"id":2591},{"properties":{"hex_id":"8829a1d73dfffff"},"type":"Polygon","arcs":[[5633,5634,5635,-9163,5636,5637]],"id":2592},{"properties":{"hex_id":"8829a56999fffff"},"type":"Polygon","arcs":[[5638,5639,5640,-10473,5641,-9954]],"id":2593},{"properties":{"hex_id":"8829a56d65fffff"},"type":"Polygon","arcs":[[5642,5643,5644,5645,5646,5647]],"id":2594},{"properties":{"hex_id":"8829a18805fffff"},"type":"Polygon","arcs":[[-6604,5648,5649,5650,5651,-9186]],"id":2595},{"properties":{"hex_id":"8829a1c0cbfffff"},"type":"Polygon","arcs":[[5652,5653,5654,5655,5656]],"id":2596},{"properties":{"hex_id":"8829a1d5e5fffff"},"type":"Polygon","arcs":[[5657,5658,5659,5660,5661,-6982]],"id":2597},{"properties":{"hex_id":"8829a18b61fffff"},"type":"Polygon","arcs":[[-7545,-7866,-6431,-7922,5662,5663]],"id":2598},{"properties":{"hex_id":"8829a1c291fffff"},"type":"Polygon","arcs":[[-10515,5664,5665,5666,-7958,-6010]],"id":2599},{"properties":{"hex_id":"8829a1d355fffff"},"type":"Polygon","arcs":[[-6587,5667,5668,5669,5670,5671]],"id":2600},{"properties":{"hex_id":"8829a0aca7fffff"},"type":"Polygon","arcs":[[5672,5673,-8014,5674,5675,-8162]],"id":2601},{"properties":{"hex_id":"8829a1d5b5fffff"},"type":"Polygon","arcs":[[5676,5677,-6455,-9846,5678]],"id":2602},{"properties":{"hex_id":"8829a1d517fffff"},"type":"Polygon","arcs":[[5679,5680,5681,5682,5683,5684]],"id":2603},{"properties":{"hex_id":"8829a1dab9fffff"},"type":"Polygon","arcs":[[5685,5686,5687,5688,-8186,5689]],"id":2604},{"properties":{"hex_id":"8829a1891bfffff"},"type":"Polygon","arcs":[[5690,-8818,5691,5692,-7347,5693]],"id":2605},{"properties":{"hex_id":"8829a56e53fffff"},"type":"Polygon","arcs":[[5694,5695,-6214,-7149,5696,5697]],"id":2606},{"properties":{"hex_id":"8829a199c9fffff"},"type":"Polygon","arcs":[[-8483,5698,-6146,5699,-7666,-9154]],"id":2607},{"properties":{"hex_id":"8829a19aa7fffff"},"type":"Polygon","arcs":[[5700,5701,-6650,5702,-8151,5703]],"id":2608},{"properties":{"hex_id":"8829a56eebfffff"},"type":"Polygon","arcs":[[5704,5705,-9751,5706,5707,5708]],"id":2609},{"properties":{"hex_id":"8829a1c695fffff"},"type":"Polygon","arcs":[[-11090,5709,5710,5711,5712]],"id":2610},{"properties":{"hex_id":"8829a19ab3fffff"},"type":"Polygon","arcs":[[5713,-8639,5714,5715,5716]],"id":2611},{"properties":{"hex_id":"8829a1d081fffff"},"type":"Polygon","arcs":[[-11134,-5784,5717,5718,5719,5720]],"id":2612},{"properties":{"hex_id":"8829a19935fffff"},"type":"Polygon","arcs":[[5721,5722,5723,5724,5725,5726]],"id":2613},{"properties":{"hex_id":"8829a1d039fffff"},"type":"Polygon","arcs":[[-7084,5727,5728,-8040,5729,5730]],"id":2614},{"properties":{"hex_id":"8829a56163fffff"},"type":"Polygon","arcs":[[5731,5732,5733,5734,5735,-10612]],"id":2615},{"properties":{"hex_id":"8829a1d551fffff"},"type":"Polygon","arcs":[[5736,5737,5738,5739,5740,-8729]],"id":2616},{"properties":{"hex_id":"8829a1d181fffff"},"type":"Polygon","arcs":[[5741,-9599,-6462,-7331,5742,-10057]],"id":2617},{"properties":{"hex_id":"8829a56889fffff"},"type":"Polygon","arcs":[[5743,-6810,5744,5745,-8605,5746]],"id":2618},{"properties":{"hex_id":"8829a0ada1fffff"},"type":"Polygon","arcs":[[-7562,5747,-10490,5748,5749,-9987]],"id":2619},{"properties":{"hex_id":"8829a56a89fffff"},"type":"Polygon","arcs":[[5750,-8998,5751,5752,-10337,-6891]],"id":2620},{"properties":{"hex_id":"8829a1d4a3fffff"},"type":"Polygon","arcs":[[5753,-7673,5754,5755,5756,-5850]],"id":2621},{"properties":{"hex_id":"8829a0a4a9fffff"},"type":"Polygon","arcs":[[-9863,-8282,-6600,5757,-10571,-6344]],"id":2622},{"properties":{"hex_id":"8829a181a3fffff"},"type":"Polygon","arcs":[[5758,5759,5760,-11188,5761,5762]],"id":2623},{"properties":{"hex_id":"8829a11223fffff"},"type":"Polygon","arcs":[[-7634,5763,5764,5765,5766,-10731]],"id":2624},{"properties":{"hex_id":"8829a19829fffff"},"type":"Polygon","arcs":[[5767,5768,5769,-10769,5770,-8930]],"id":2625},{"properties":{"hex_id":"8829a18e01fffff"},"type":"Polygon","arcs":[[5771,-9283,5772,-8532,-9705,-8906]],"id":2626},{"properties":{"hex_id":"8829a03745fffff"},"type":"Polygon","arcs":[[5773,-5917,5774,5775,5776]],"id":2627},{"properties":{"hex_id":"8829a1d9c3fffff"},"type":"Polygon","arcs":[[5777,5778,5779]],"id":2628},{"properties":{"hex_id":"8829a1d08bfffff"},"type":"Polygon","arcs":[[5780,-11100,5781,5782,5783,-11133]],"id":2629},{"properties":{"hex_id":"8829a1d243fffff"},"type":"Polygon","arcs":[[5784,5785,5786,-10217,5787,5788]],"id":2630},{"properties":{"hex_id":"8829a1d42dfffff"},"type":"Polygon","arcs":[[5789,5790,5791,5792,5793,5794]],"id":2631},{"properties":{"hex_id":"8829a56533fffff"},"type":"Polygon","arcs":[[5795,5796,5797,5798,-9667,5799]],"id":2632},{"properties":{"hex_id":"8829a111d3fffff"},"type":"Polygon","arcs":[[5800,5801,5802]],"id":2633},{"properties":{"hex_id":"8829a0ad93fffff"},"type":"Polygon","arcs":[[5803,5804,5805,5806,-9716,-8614]],"id":2634},{"properties":{"hex_id":"8829a561e7fffff"},"type":"Polygon","arcs":[[5807,5808,-11080,5809,5810]],"id":2635},{"properties":{"hex_id":"8829a56735fffff"},"type":"Polygon","arcs":[[5811,-7506,5812,5813,5814,-8347]],"id":2636},{"properties":{"hex_id":"8829a56995fffff"},"type":"Polygon","arcs":[[5815,-10477,-7595,-7145,5816,5817]],"id":2637},{"properties":{"hex_id":"8829a56c4bfffff"},"type":"Polygon","arcs":[[5818,5819,-6741,5820,5821,5822]],"id":2638},{"properties":{"hex_id":"8829a56145fffff"},"type":"Polygon","arcs":[[5823,5824,-9275,5825,5826,5827]],"id":2639},{"properties":{"hex_id":"8829a1d6edfffff"},"type":"Polygon","arcs":[[5828,-6228,-7841,5829,5830,-7556]],"id":2640},{"properties":{"hex_id":"8829a1d33dfffff"},"type":"Polygon","arcs":[[5831,5832,5833,5834,5835,5836]],"id":2641},{"properties":{"hex_id":"8829a1899dfffff"},"type":"Polygon","arcs":[[5837,-11368,-11495,5838,5839,5840]],"id":2642},{"properties":{"hex_id":"8829a189e7fffff"},"type":"Polygon","arcs":[[5841,5842,-9829,5843,5844]],"id":2643},{"properties":{"hex_id":"8829a1c349fffff"},"type":"Polygon","arcs":[[5845,-10160,5846,5847,-10468,5848]],"id":2644},{"properties":{"hex_id":"8829a1d4a1fffff"},"type":"Polygon","arcs":[[5849,5850,5851,5852]],"id":2645},{"properties":{"hex_id":"8829a1148dfffff"},"type":"Polygon","arcs":[[5853,-10804,5854,-8447]],"id":2646},{"properties":{"hex_id":"8829a1d0d9fffff"},"type":"Polygon","arcs":[[-6711,-7452,-6201,5855,5856,-10525]],"id":2647},{"properties":{"hex_id":"8829a03629fffff"},"type":"Polygon","arcs":[[5857,-9944,5858,5859,5860,5861]],"id":2648},{"properties":{"hex_id":"8829a14691fffff"},"type":"Polygon","arcs":[[5862,-10662,-9289,5863,5864,-8983]],"id":2649},{"properties":{"hex_id":"8829a03643fffff"},"type":"Polygon","arcs":[[5865,5866,5867,5868,-10151,-9461]],"id":2650},{"properties":{"hex_id":"8829a18e47fffff"},"type":"Polygon","arcs":[[5869,5870,5871,-8904,-5934,5872]],"id":2651},{"properties":{"hex_id":"8829a1db23fffff"},"type":"Polygon","arcs":[[5873,5874,5875,-9491,5876,5877]],"id":2652},{"properties":{"hex_id":"8829a18e15fffff"},"type":"Polygon","arcs":[[5878,-8575,-6785,5879,-6437,5880]],"id":2653},{"properties":{"hex_id":"8829a1d0b9fffff"},"type":"Polygon","arcs":[[5881,5882,5883,5884,-9042,5885]],"id":2654},{"properties":{"hex_id":"8829a189b7fffff"},"type":"Polygon","arcs":[[5886,5887,-9208,5888,5889,-7498]],"id":2655},{"properties":{"hex_id":"8829a1d591fffff"},"type":"Polygon","arcs":[[5890,-7700,5891,-7194,5892,-7287]],"id":2656},{"properties":{"hex_id":"8829a19b6bfffff"},"type":"Polygon","arcs":[[5893,5894,5895,-8577,-7873,-9722]],"id":2657},{"properties":{"hex_id":"8829a0ad81fffff"},"type":"Polygon","arcs":[[5896,5897,5898,5899,5900,5901]],"id":2658},{"properties":{"hex_id":"8829a568ebfffff"},"type":"Polygon","arcs":[[5902,5903,-8608,-6929,5904,-10543]],"id":2659},{"properties":{"hex_id":"8829a19b21fffff"},"type":"Polygon","arcs":[[5905,-9113,5906,-9180,5907,-10947]],"id":2660},{"properties":{"hex_id":"8829a56237fffff"},"type":"Polygon","arcs":[[5908,5909,5910,5911,5912]],"id":2661},{"properties":{"hex_id":"8829a03741fffff"},"type":"Polygon","arcs":[[5913,5914,5915,5916,5917]],"id":2662},{"properties":{"hex_id":"8829a1d435fffff"},"type":"Polygon","arcs":[[5918,5919,5920,-7680,5921,-6352]],"id":2663},{"properties":{"hex_id":"8829a1d107fffff"},"type":"Polygon","arcs":[[5922,5923,-7743,5924,5925,5926]],"id":2664},{"properties":{"hex_id":"8829a1c059fffff"},"type":"Polygon","arcs":[[5927,5928,5929,5930,5931,-10794]],"id":2665},{"properties":{"hex_id":"8829a18e6bfffff"},"type":"Polygon","arcs":[[5932,5933,-8908,5934,5935,5936]],"id":2666},{"properties":{"hex_id":"8829a1c321fffff"},"type":"Polygon","arcs":[[-8441,5937,5938,5939,5940,5941]],"id":2667},{"properties":{"hex_id":"8829a56b11fffff"},"type":"Polygon","arcs":[[-7747,5942,5943,-8868,5944,5945]],"id":2668},{"properties":{"hex_id":"8829a18a61fffff"},"type":"Polygon","arcs":[[5946,5947,-6751,5948,-10548,-9935]],"id":2669},{"properties":{"hex_id":"8829a1420bfffff"},"type":"Polygon","arcs":[[5949,5950,5951,-6895]],"id":2670},{"properties":{"hex_id":"8829a18215fffff"},"type":"Polygon","arcs":[[5952]],"id":2671},{"properties":{"hex_id":"8829a1024dfffff"},"type":"Polygon","arcs":[[5953,5954,-6140,-7252,5955,5956]],"id":2672},{"properties":{"hex_id":"8829a0a6c9fffff"},"type":"Polygon","arcs":[[5957,-8258,-10166,5958,-7392,-8305]],"id":2673},{"properties":{"hex_id":"8829a1da17fffff"},"type":"Polygon","arcs":[[-11117,5959,5960,5961,5962,5963]],"id":2674},{"properties":{"hex_id":"8829a56a21fffff"},"type":"Polygon","arcs":[[5964,5965,5966,-10138,5967,5968]],"id":2675},{"properties":{"hex_id":"8829a0a489fffff"},"type":"Polygon","arcs":[[-9547,-6423,5969,-10879,5970,5971]],"id":2676},{"properties":{"hex_id":"8829a1db37fffff"},"type":"Polygon","arcs":[[5972,5973,5974,-7034,5975,5976]],"id":2677},{"properties":{"hex_id":"8829a56125fffff"},"type":"Polygon","arcs":[[5977,5978,5979,5980,5981]],"id":2678},{"properties":{"hex_id":"8829a1c6d9fffff"},"type":"Polygon","arcs":[[5982,5983,5984,5985,-8022,5986]],"id":2679},{"properties":{"hex_id":"8829a1898dfffff"},"type":"Polygon","arcs":[[-7583,5987,5988,5989,5990,5991]],"id":2680},{"properties":{"hex_id":"8829a1d911fffff"},"type":"Polygon","arcs":[[5992,-9506,-10110,-9677,5993,5994]],"id":2681},{"properties":{"hex_id":"8829a56913fffff"},"type":"Polygon","arcs":[[5995,5996,5997,-7480,5998,5999]],"id":2682},{"properties":{"hex_id":"8829a18e51fffff"},"type":"Polygon","arcs":[[6000,6001,6002,6003,6004,6005]],"id":2683},{"properties":{"hex_id":"8829a0ac15fffff"},"type":"Polygon","arcs":[[-7479,6006,-7365,6007,6008,-10391]],"id":2684},{"properties":{"hex_id":"8829a1c29dfffff"},"type":"Polygon","arcs":[[-11304,-10516,6009,-7957,-6570,6010]],"id":2685},{"properties":{"hex_id":"8829a0a521fffff"},"type":"Polygon","arcs":[[6011,-6453,-8886,-8541,6012]],"id":2686},{"properties":{"hex_id":"8829a188b9fffff"},"type":"Polygon","arcs":[[-10717,6013,-6558,6014,6015,-11314]],"id":2687},{"properties":{"hex_id":"8829a0aee1fffff"},"type":"Polygon","arcs":[[6016,-8687,6017,6018,6019,-6393]],"id":2688},{"properties":{"hex_id":"8829a146d3fffff"},"type":"Polygon","arcs":[[6020,6021,6022,6023,6024,6025]],"id":2689},{"properties":{"hex_id":"8829a1c043fffff"},"type":"Polygon","arcs":[[-9712,6026,-9071,6027,6028,6029]],"id":2690},{"properties":{"hex_id":"8829a56cd3fffff"},"type":"Polygon","arcs":[[-10312,-10949,6030,6031,-6463,-7038]],"id":2691},{"properties":{"hex_id":"8829a11237fffff"},"type":"Polygon","arcs":[[6032,6033,6034,6035,-8712,6036]],"id":2692},{"properties":{"hex_id":"8829a56e69fffff"},"type":"Polygon","arcs":[[6037,6038,-9192,6039,6040]],"id":2693},{"properties":{"hex_id":"8829a115d1fffff"},"type":"Polygon","arcs":[[6041,6042,6043,6044,-9290,6045]],"id":2694},{"properties":{"hex_id":"8829a5686dfffff"},"type":"Polygon","arcs":[[-8871,6046,6047,6048,6049]],"id":2695},{"properties":{"hex_id":"8829a575a3fffff"},"type":"Polygon","arcs":[[6050,6051,6052,6053,6054,6055]],"id":2696},{"properties":{"hex_id":"8829a56e59fffff"},"type":"Polygon","arcs":[[6056,6057,6058,-9871,6059]],"id":2697},{"properties":{"hex_id":"8829a1558bfffff"},"type":"Polygon","arcs":[[-8058,6060,6061,-7529,-6622,6062]],"id":2698},{"properties":{"hex_id":"8829a19531fffff"},"type":"Polygon","arcs":[[6063,6064]],"id":2699},{"properties":{"hex_id":"8829a18c05fffff"},"type":"Polygon","arcs":[[6065,6066,6067,-9479,6068,6069]],"id":2700},{"properties":{"hex_id":"8829a56eadfffff"},"type":"Polygon","arcs":[[-7899,6070,6071,6072,6073,6074]],"id":2701},{"properties":{"hex_id":"8829a1d8c7fffff"},"type":"Polygon","arcs":[[6075,6076,6077,6078,6079,6080]],"id":2702},{"properties":{"hex_id":"8829a146b1fffff"},"type":"Polygon","arcs":[[-7100,-7359,-8396,-7651,6081,6082]],"id":2703},{"properties":{"hex_id":"8829a11315fffff"},"type":"Polygon","arcs":[[-9064,-8199,6083,6084,6085]],"id":2704},{"properties":{"hex_id":"8829a18803fffff"},"type":"Polygon","arcs":[[6086,6087,-6795,6088,6089,6090]],"id":2705},{"properties":{"hex_id":"8829a11267fffff"},"type":"Polygon","arcs":[[6091,6092,6093,6094,6095,6096]],"id":2706},{"properties":{"hex_id":"8829a0ac1bfffff"},"type":"Polygon","arcs":[[6097,6098,6099,6100,6101,-11053]],"id":2707},{"properties":{"hex_id":"8829a14689fffff"},"type":"Polygon","arcs":[[-9190,6102,-11216,6103,6104]],"id":2708},{"properties":{"hex_id":"8829a155e5fffff"},"type":"Polygon","arcs":[[6105,6106,6107,6108,6109,-11059]],"id":2709},{"properties":{"hex_id":"8829a11525fffff"},"type":"Polygon","arcs":[[6110,6111,6112,-9386,6113,6114]],"id":2710},{"properties":{"hex_id":"8829a1d56dfffff"},"type":"Polygon","arcs":[[6115,6116,-10350,-7761,-10480,6117]],"id":2711},{"properties":{"hex_id":"8829a18f15fffff"},"type":"Polygon","arcs":[[6118,6119,6120,6121,6122,6123]],"id":2712},{"properties":{"hex_id":"8829a18ac5fffff"},"type":"Polygon","arcs":[[6124,6125,-8780,6126,6127,-8182]],"id":2713},{"properties":{"hex_id":"8829a18845fffff"},"type":"Polygon","arcs":[[6128,6129,6130,-6530,-6853,-8564]],"id":2714},{"properties":{"hex_id":"8829a1d24dfffff"},"type":"Polygon","arcs":[[6131,6132,6133,-7907,6134,6135]],"id":2715},{"properties":{"hex_id":"8829a10241fffff"},"type":"Polygon","arcs":[[6136,-11186,6137,6138,-7253,6139]],"id":2716},{"properties":{"hex_id":"8829a199cbfffff"},"type":"Polygon","arcs":[[6140,6141,6142,6143,6144,6145]],"id":2717},{"properties":{"hex_id":"8829a11319fffff"},"type":"Polygon","arcs":[[-7976,6146,-7408,-8195,-9062,6147]],"id":2718},{"properties":{"hex_id":"8829a56cc1fffff"},"type":"Polygon","arcs":[[-7551,6148,-9793,6149,6150,6151]],"id":2719},{"properties":{"hex_id":"8829a1d629fffff"},"type":"Polygon","arcs":[[-9146,6152,6153,-6692,6154,6155]],"id":2720},{"properties":{"hex_id":"8829a1d64bfffff"},"type":"Polygon","arcs":[[-10673,-6816,6156,6157,6158,-6992]],"id":2721},{"properties":{"hex_id":"8829a1dae7fffff"},"type":"Polygon","arcs":[[6159,6160,6161,6162,6163,6164]],"id":2722},{"properties":{"hex_id":"8829a56e91fffff"},"type":"Polygon","arcs":[[6165,6166,6167,6168,6169,6170]],"id":2723},{"properties":{"hex_id":"8829a18b4bfffff"},"type":"Polygon","arcs":[[-11265,6171,6172,6173,6174]],"id":2724},{"properties":{"hex_id":"8829a10269fffff"},"type":"Polygon","arcs":[[6175,-7256,6176,-11235,-6953,6177]],"id":2725},{"properties":{"hex_id":"8829a19919fffff"},"type":"Polygon","arcs":[[6178,6179,6180,6181,6182,6183]],"id":2726},{"properties":{"hex_id":"8829a1d2dbfffff"},"type":"Polygon","arcs":[[6184,-6233,6185]],"id":2727},{"properties":{"hex_id":"8829a14513fffff"},"type":"Polygon","arcs":[[6186,-9859,6187,6188,6189]],"id":2728},{"properties":{"hex_id":"8829a56021fffff"},"type":"Polygon","arcs":[[-8202,6190,6191,6192]],"id":2729},{"properties":{"hex_id":"8829a11505fffff"},"type":"Polygon","arcs":[[6193,6194,6195,-9497,6196,6197]],"id":2730},{"properties":{"hex_id":"8829a1d0dbfffff"},"type":"Polygon","arcs":[[-7451,-8193,-7833,6198,6199,6200]],"id":2731},{"properties":{"hex_id":"8829a1d05dfffff"},"type":"Polygon","arcs":[[6201,-9086,-10131,6202,6203,6204]],"id":2732},{"properties":{"hex_id":"8829a1150bfffff"},"type":"Polygon","arcs":[[6205,6206,6207,-6414,6208,6209]],"id":2733},{"properties":{"hex_id":"8829a56525fffff"},"type":"Polygon","arcs":[[6210,6211,-9179,6212,-7150,6213]],"id":2734},{"properties":{"hex_id":"8829a1153dfffff"},"type":"Polygon","arcs":[[6214,6215,-11279,6216,-8767,-9499]],"id":2735},{"properties":{"hex_id":"8829a5629bfffff"},"type":"Polygon","arcs":[[-7032,6217,6218,6219,6220,-8215]],"id":2736},{"properties":{"hex_id":"8829a0ae9bfffff"},"type":"Polygon","arcs":[[6221,-11434,6222,6223,6224,6225]],"id":2737},{"properties":{"hex_id":"8829a1d6e9fffff"},"type":"Polygon","arcs":[[6226,-8586,-8333,-7838,6227,6228]],"id":2738},{"properties":{"hex_id":"8829a14601fffff"},"type":"Polygon","arcs":[[6229,6230]],"id":2739},{"properties":{"hex_id":"8829a1d2d1fffff"},"type":"Polygon","arcs":[[6231,6232,6233,6234]],"id":2740},{"properties":{"hex_id":"8829a56eabfffff"},"type":"Polygon","arcs":[[6235,6236,6237,6238,6239,6240]],"id":2741},{"properties":{"hex_id":"8829a1c2c9fffff"},"type":"Polygon","arcs":[[-7020,6241,6242,6243,6244]],"id":2742},{"properties":{"hex_id":"8829a10341fffff"},"type":"Polygon","arcs":[[-8823,6245,6246,6247,6248]],"id":2743},{"properties":{"hex_id":"8829a5655dfffff"},"type":"Polygon","arcs":[[6249,-8404,-8117,6250,-9768,6251]],"id":2744},{"properties":{"hex_id":"8829a56aedfffff"},"type":"Polygon","arcs":[[6252,-7463,6253,6254,6255]],"id":2745},{"properties":{"hex_id":"8829a11469fffff"},"type":"Polygon","arcs":[[6256,6257,6258,6259,6260,-9816]],"id":2746},{"properties":{"hex_id":"8829a1d857fffff"},"type":"Polygon","arcs":[[6261,-9905,6262,6263]],"id":2747},{"properties":{"hex_id":"8829a0acd3fffff"},"type":"Polygon","arcs":[[6264,-7206,-10817,-6589,6265,6266]],"id":2748},{"properties":{"hex_id":"8829a10255fffff"},"type":"Polygon","arcs":[[-8323,6267,6268,6269,-9371,6270]],"id":2749},{"properties":{"hex_id":"8829a19843fffff"},"type":"Polygon","arcs":[[6271,6272,6273,6274,6275,-6469]],"id":2750},{"properties":{"hex_id":"8829a1db69fffff"},"type":"Polygon","arcs":[[6276,6277,6278,6279,6280,6281]],"id":2751},{"properties":{"hex_id":"8829a18443fffff"},"type":"Polygon","arcs":[[6282,6283,6284,6285,6286]],"id":2752},{"properties":{"hex_id":"8829a1d063fffff"},"type":"Polygon","arcs":[[-7812,-10899,6287,6288,6289,-10277]],"id":2753},{"properties":{"hex_id":"8829a561d9fffff"},"type":"Polygon","arcs":[[6290,6291,6292,6293,-7964,6294]],"id":2754},{"properties":{"hex_id":"8829a56085fffff"},"type":"Polygon","arcs":[[6295,-11158,6296,6297,6298,-11298]],"id":2755},{"properties":{"hex_id":"8829a1154dfffff"},"type":"Polygon","arcs":[[6299,6300,6301,6302,-11094,6303]],"id":2756},{"properties":{"hex_id":"8829a56c1dfffff"},"type":"Polygon","arcs":[[-9172,6304,-9314,6305,6306,-10929]],"id":2757},{"properties":{"hex_id":"8829a1db57fffff"},"type":"Polygon","arcs":[[6307,6308,6309,6310,6311,6312]],"id":2758},{"properties":{"hex_id":"8829a19981fffff"},"type":"Polygon","arcs":[[6313,6314,6315,6316,6317,6318]],"id":2759},{"properties":{"hex_id":"8829a0a5d9fffff"},"type":"Polygon","arcs":[[6319,6320,6321,6322,6323,-8977]],"id":2760},{"properties":{"hex_id":"8829a1021dfffff"},"type":"Polygon","arcs":[[6324,6325,6326,6327,6328,6329]],"id":2761},{"properties":{"hex_id":"8829a0a6ebfffff"},"type":"Polygon","arcs":[[6330,6331,6332,-10331,6333,-8662]],"id":2762},{"properties":{"hex_id":"8829a1c22dfffff"},"type":"Polygon","arcs":[[-9578,6334,6335,6336,-6356,-7468]],"id":2763},{"properties":{"hex_id":"8829a1832dfffff"},"type":"Polygon","arcs":[[6337,6338,-9125,6339,6340,6341]],"id":2764},{"properties":{"hex_id":"8829a0a4e7fffff"},"type":"Polygon","arcs":[[6342,-9864,6343,-10570,6344,6345]],"id":2765},{"properties":{"hex_id":"8829a56257fffff"},"type":"Polygon","arcs":[[-10233,6346,6347,6348]],"id":2766},{"properties":{"hex_id":"8829a1d423fffff"},"type":"Polygon","arcs":[[6349,6350,6351,6352,6353,6354]],"id":2767},{"properties":{"hex_id":"8829a1c353fffff"},"type":"Polygon","arcs":[[-7469,6355,6356,-8142,6357,6358]],"id":2768},{"properties":{"hex_id":"8829a1d703fffff"},"type":"Polygon","arcs":[[6359,6360,6361,6362,6363,6364]],"id":2769},{"properties":{"hex_id":"8829a1d0cdfffff"},"type":"Polygon","arcs":[[6365,-8570,6366,-10535,6367,6368]],"id":2770},{"properties":{"hex_id":"8829a1c205fffff"},"type":"Polygon","arcs":[[-10225,6369,6370,6371,6372,6373]],"id":2771},{"properties":{"hex_id":"8829a0a5c7fffff"},"type":"Polygon","arcs":[[-11481,-7437,6374,6375,-8272,-9622]],"id":2772},{"properties":{"hex_id":"8829a5684bfffff"},"type":"Polygon","arcs":[[6376,6377,6378,6379,6380,6381]],"id":2773},{"properties":{"hex_id":"8829a1d94dfffff"},"type":"Polygon","arcs":[[6382,-9495,6383,6384,6385,-8086]],"id":2774},{"properties":{"hex_id":"8829a56db1fffff"},"type":"Polygon","arcs":[[6386,6387,-11423,6388,6389]],"id":2775},{"properties":{"hex_id":"8829a0aeedfffff"},"type":"Polygon","arcs":[[6390,6391,6392,6393,6394,6395]],"id":2776},{"properties":{"hex_id":"8829a1d6a7fffff"},"type":"Polygon","arcs":[[6396,6397,6398,-8378,6399,6400]],"id":2777},{"properties":{"hex_id":"8829a18a43fffff"},"type":"Polygon","arcs":[[6401,-7617,-7167,6402,6403]],"id":2778},{"properties":{"hex_id":"8829a18469fffff"},"type":"Polygon","arcs":[[6404,6405,6406,6407]],"id":2779},{"properties":{"hex_id":"8829a56c3dfffff"},"type":"Polygon","arcs":[[6408,6409,6410,6411,6412,-9694]],"id":2780},{"properties":{"hex_id":"8829a11503fffff"},"type":"Polygon","arcs":[[6413,6414,6415,6416,6417,6418]],"id":2781},{"properties":{"hex_id":"8829a0a4d5fffff"},"type":"Polygon","arcs":[[6419,6420,6421,6422,-9546]],"id":2782},{"properties":{"hex_id":"8829a18f47fffff"},"type":"Polygon","arcs":[[-6769,-10285,6423,6424,6425,6426]],"id":2783},{"properties":{"hex_id":"8829a18b63fffff"},"type":"Polygon","arcs":[[-7865,6427,6428,6429,-7923,6430]],"id":2784},{"properties":{"hex_id":"8829a155a1fffff"},"type":"Polygon","arcs":[[6431,6432,-7837,6433,6434]],"id":2785},{"properties":{"hex_id":"8829a18e39fffff"},"type":"Polygon","arcs":[[6435,6436,6437,6438,6439,-8534]],"id":2786},{"properties":{"hex_id":"8829a189c5fffff"},"type":"Polygon","arcs":[[6440,-9336,-7585,6441,6442,6443]],"id":2787},{"properties":{"hex_id":"8829a0aebdfffff"},"type":"Polygon","arcs":[[6444,6445,6446,6447,6448,6449]],"id":2788},{"properties":{"hex_id":"8829a0a52bfffff"},"type":"Polygon","arcs":[[6450,6451,-10894,-8882,6452,6453]],"id":2789},{"properties":{"hex_id":"8829a1c74bfffff"},"type":"Polygon","arcs":[[6454,6455,6456,6457,-9021,-9847]],"id":2790},{"properties":{"hex_id":"8829a1d183fffff"},"type":"Polygon","arcs":[[-9598,6458,6459,6460,-7332,6461]],"id":2791},{"properties":{"hex_id":"8829a56cd7fffff"},"type":"Polygon","arcs":[[-7039,6462,6463,6464,-7327,6465]],"id":2792},{"properties":{"hex_id":"8829a19841fffff"},"type":"Polygon","arcs":[[6466,6467,6468,6469,-11103,6470]],"id":2793},{"properties":{"hex_id":"8829a5613dfffff"},"type":"Polygon","arcs":[[-8230,6471,6472,6473,6474,6475]],"id":2794},{"properties":{"hex_id":"8829a56013fffff"},"type":"Polygon","arcs":[[6476,6477,6478,-8314,6479,-6941]],"id":2795},{"properties":{"hex_id":"8829a18d4dfffff"},"type":"Polygon","arcs":[[-9646,-11363,6480,6481,-7628,6482]],"id":2796},{"properties":{"hex_id":"8829a560d7fffff"},"type":"Polygon","arcs":[[6483,6484,6485,-9922,-11224,-11048]],"id":2797},{"properties":{"hex_id":"8829a1c76dfffff"},"type":"Polygon","arcs":[[6486,6487,6488,6489,6490,6491]],"id":2798},{"properties":{"hex_id":"8829a562a9fffff"},"type":"Polygon","arcs":[[-8429,-8993,-7448,6492,6493,-6583]],"id":2799},{"properties":{"hex_id":"8829a1892dfffff"},"type":"Polygon","arcs":[[-9889,6494,6495,6496,6497,-9214]],"id":2800},{"properties":{"hex_id":"8829a14a59fffff"},"type":"Polygon","arcs":[[6498,6499,6500]],"id":2801},{"properties":{"hex_id":"8829a1d655fffff"},"type":"Polygon","arcs":[[6501,-9544,6502,-6573,-9230,6503]],"id":2802},{"properties":{"hex_id":"8829a10201fffff"},"type":"Polygon","arcs":[[-9373,6504,6505,-6681,6506,-11469]],"id":2803},{"properties":{"hex_id":"8829a19839fffff"},"type":"Polygon","arcs":[[-7057,6507,6508,-6533,6509,6510]],"id":2804},{"properties":{"hex_id":"8829a1d1e3fffff"},"type":"Polygon","arcs":[[6511,-10059,6512,-7352,6513,-9017]],"id":2805},{"properties":{"hex_id":"8829a569d5fffff"},"type":"Polygon","arcs":[[-11398,-6959,-9957,6514,6515,-10742]],"id":2806},{"properties":{"hex_id":"8829a57993fffff"},"type":"Polygon","arcs":[[6516,6517,6518,-6617,6519]],"id":2807},{"properties":{"hex_id":"8829a1d54dfffff"},"type":"Polygon","arcs":[[6520,6521,6522,6523,6524,-11139]],"id":2808},{"properties":{"hex_id":"8829a1412bfffff"},"type":"Polygon","arcs":[[6525,6526,6527,6528]],"id":2809},{"properties":{"hex_id":"8829a1886bfffff"},"type":"Polygon","arcs":[[6529,6530,-6605,-9184,6531,-6854]],"id":2810},{"properties":{"hex_id":"8829a19831fffff"},"type":"Polygon","arcs":[[6532,6533,-6963,6534,6535,6536]],"id":2811},{"properties":{"hex_id":"8829a1035dfffff"},"type":"Polygon","arcs":[[6537,6538,6539,6540,6541,-8821]],"id":2812},{"properties":{"hex_id":"8829a11255fffff"},"type":"Polygon","arcs":[[6542,6543,-10271,-9736,6544,6545]],"id":2813},{"properties":{"hex_id":"8829a18969fffff"},"type":"Polygon","arcs":[[6546,6547,-8555,6548,-7662,-7049]],"id":2814},{"properties":{"hex_id":"8829a18963fffff"},"type":"Polygon","arcs":[[-8553,6549,6550,6551,-9887,6552]],"id":2815},{"properties":{"hex_id":"8829a188bbfffff"},"type":"Polygon","arcs":[[6553,-9035,6554,6555,6556,6557]],"id":2816},{"properties":{"hex_id":"8829a11351fffff"},"type":"Polygon","arcs":[[-9206,6558,-7978,6559,6560,6561]],"id":2817},{"properties":{"hex_id":"8829a1d191fffff"},"type":"Polygon","arcs":[[6562,6563,6564,6565,6566,6567]],"id":2818},{"properties":{"hex_id":"8829a1c283fffff"},"type":"Polygon","arcs":[[6568,6569,-7962,6570,-10863,6571]],"id":2819},{"properties":{"hex_id":"8829a1d60bfffff"},"type":"Polygon","arcs":[[6572,6573,6574,-9799,6575,-9231]],"id":2820},{"properties":{"hex_id":"8829a569a5fffff"},"type":"Polygon","arcs":[[-8559,6576,6577,6578,6579,6580]],"id":2821},{"properties":{"hex_id":"8829a562e7fffff"},"type":"Polygon","arcs":[[6581,-8430,6582,6583,-8326,-8032]],"id":2822},{"properties":{"hex_id":"8829a1d35dfffff"},"type":"Polygon","arcs":[[6584,6585,6586,6587]],"id":2823},{"properties":{"hex_id":"8829a0ac99fffff"},"type":"Polygon","arcs":[[6588,-10816,-8089,6589,6590,6591]],"id":2824},{"properties":{"hex_id":"8829a56f33fffff"},"type":"Polygon","arcs":[[-11020,6592,6593,6594,6595,6596]],"id":2825},{"properties":{"hex_id":"8829a0a4abfffff"},"type":"Polygon","arcs":[[-8281,-7309,6597,-10042,6598,6599]],"id":2826},{"properties":{"hex_id":"8829a1880dfffff"},"type":"Polygon","arcs":[[6600,6601,6602,6603,-9185,6604]],"id":2827},{"properties":{"hex_id":"8829a1c21dfffff"},"type":"Polygon","arcs":[[6605,6606,6607,6608,6609,6610]],"id":2828},{"properties":{"hex_id":"8829a1db03fffff"},"type":"Polygon","arcs":[[6611,6612,6613,-11333,6614,6615]],"id":2829},{"properties":{"hex_id":"8829a56a69fffff"},"type":"Polygon","arcs":[[6616,6617,6618,-7413,6619]],"id":2830},{"properties":{"hex_id":"8829a15581fffff"},"type":"Polygon","arcs":[[6620,6621,-7533,6622,6623,6624]],"id":2831},{"properties":{"hex_id":"8829a18087fffff"},"type":"Polygon","arcs":[[6625,6626,6627,-7275,6628]],"id":2832},{"properties":{"hex_id":"8829a575e3fffff"},"type":"Polygon","arcs":[[6629,6630,6631]],"id":2833},{"properties":{"hex_id":"8829a56a83fffff"},"type":"Polygon","arcs":[[6632,6633,6634,6635,6636,6637]],"id":2834},{"properties":{"hex_id":"8829a56d2dfffff"},"type":"Polygon","arcs":[[6638,6639,6640,6641,6642,6643]],"id":2835},{"properties":{"hex_id":"8829a198c9fffff"},"type":"Polygon","arcs":[[6644,6645,6646,6647,6648,6649]],"id":2836},{"properties":{"hex_id":"8829a19a39fffff"},"type":"Polygon","arcs":[[6650,6651,-10078,6652]],"id":2837},{"properties":{"hex_id":"8829a56dcbfffff"},"type":"Polygon","arcs":[[6653,6654,6655,6656,6657,6658]],"id":2838},{"properties":{"hex_id":"8829a561edfffff"},"type":"Polygon","arcs":[[-8601,-7062,6659,6660,6661,6662]],"id":2839},{"properties":{"hex_id":"8829a11767fffff"},"type":"Polygon","arcs":[[-11504,6663,6664,6665]],"id":2840},{"properties":{"hex_id":"8829a1c6a5fffff"},"type":"Polygon","arcs":[[-7893,-6903,6666,6667,6668,6669]],"id":2841},{"properties":{"hex_id":"8829a18a39fffff"},"type":"Polygon","arcs":[[-10064,6670,-8845,6671,6672,6673]],"id":2842},{"properties":{"hex_id":"8829a1442dfffff"},"type":"Polygon","arcs":[[6674,6675,6676,6677,6678,6679]],"id":2843},{"properties":{"hex_id":"8829a10207fffff"},"type":"Polygon","arcs":[[6680,6681,6682]],"id":2844},{"properties":{"hex_id":"8829a568e5fffff"},"type":"Polygon","arcs":[[-10397,6683,6684,6685,6686,-8007]],"id":2845},{"properties":{"hex_id":"8829a56ac9fffff"},"type":"Polygon","arcs":[[6687,6688,6689,6690]],"id":2846},{"properties":{"hex_id":"8829a1d621fffff"},"type":"Polygon","arcs":[[6691,6692,6693,6694,6695,6696]],"id":2847},{"properties":{"hex_id":"8829a1428dfffff"},"type":"Polygon","arcs":[[-9797,6697,6698]],"id":2848},{"properties":{"hex_id":"8829a18d5bfffff"},"type":"Polygon","arcs":[[6699,6700,6701,6702,6703,-10737]],"id":2849},{"properties":{"hex_id":"8829a1060dfffff"},"type":"Polygon","arcs":[[6704,6705,6706,6707]],"id":2850},{"properties":{"hex_id":"8829a1d2b3fffff"},"type":"Polygon","arcs":[[6708,6709,-7453,6710,-10524,6711]],"id":2851},{"properties":{"hex_id":"8829a110d1fffff"},"type":"Polygon","arcs":[[6712,6713,6714,6715,6716]],"id":2852},{"properties":{"hex_id":"8829a186edfffff"},"type":"Polygon","arcs":[[-8096,-9246,6717,6718]],"id":2853},{"properties":{"hex_id":"8829a5681bfffff"},"type":"Polygon","arcs":[[-9423,6719,6720,-7224,6721,6722]],"id":2854},{"properties":{"hex_id":"8829a18a2dfffff"},"type":"Polygon","arcs":[[6723,6724,6725,-7317,-6899,6726]],"id":2855},{"properties":{"hex_id":"8829a1d26bfffff"},"type":"Polygon","arcs":[[-7910,6727,6728,6729,6730,6731]],"id":2856},{"properties":{"hex_id":"8829a18a33fffff"},"type":"Polygon","arcs":[[-8843,6732,6733,6734,-7623,6735]],"id":2857},{"properties":{"hex_id":"8829a56c5dfffff"},"type":"Polygon","arcs":[[6736,-7106,6737,6738,6739,6740]],"id":2858},{"properties":{"hex_id":"8829a56d63fffff"},"type":"Polygon","arcs":[[6741,6742,6743,6744,6745,6746]],"id":2859},{"properties":{"hex_id":"8829a18a63fffff"},"type":"Polygon","arcs":[[6747,6748,6749,6750]],"id":2860},{"properties":{"hex_id":"8829a1d1d1fffff"},"type":"Polygon","arcs":[[6751,6752,-7738,6753,6754,6755]],"id":2861},{"properties":{"hex_id":"8829a56541fffff"},"type":"Polygon","arcs":[[6756,6757,-9772,6758,6759,-8508]],"id":2862},{"properties":{"hex_id":"8829a10939fffff"},"type":"Polygon","arcs":[[6760,6761,6762,6763,-7136,6764]],"id":2863},{"properties":{"hex_id":"8829a569b3fffff"},"type":"Polygon","arcs":[[-7146,-9489,-7412,6765,6766]],"id":2864},{"properties":{"hex_id":"8829a18f41fffff"},"type":"Polygon","arcs":[[-11191,6767,-10286,6768,6769,6770]],"id":2865},{"properties":{"hex_id":"8829a189c9fffff"},"type":"Polygon","arcs":[[-10214,-8790,6771,-9332,6772,-8816]],"id":2866},{"properties":{"hex_id":"8829a1c709fffff"},"type":"Polygon","arcs":[[6773,6774,6775,-7425,6776,6777]],"id":2867},{"properties":{"hex_id":"8829a0adb7fffff"},"type":"Polygon","arcs":[[6778,6779,6780,6781]],"id":2868},{"properties":{"hex_id":"8829a18e17fffff"},"type":"Polygon","arcs":[[-8574,6782,-8484,6783,6784]],"id":2869},{"properties":{"hex_id":"8829a18aa9fffff"},"type":"Polygon","arcs":[[6785,-8065,6786,6787,6788]],"id":2870},{"properties":{"hex_id":"8829a18815fffff"},"type":"Polygon","arcs":[[6789,6790,6791,6792,6793,6794]],"id":2871},{"properties":{"hex_id":"8829a56209fffff"},"type":"Polygon","arcs":[[6795,6796,6797]],"id":2872},{"properties":{"hex_id":"8829a15495fffff"},"type":"Polygon","arcs":[[6798,6799,6800,-8951]],"id":2873},{"properties":{"hex_id":"8829a56f49fffff"},"type":"Polygon","arcs":[[6801,6802,6803,6804]],"id":2874},{"properties":{"hex_id":"8829a568d5fffff"},"type":"Polygon","arcs":[[6805,6806,6807,6808,6809,6810]],"id":2875},{"properties":{"hex_id":"8829a56cb7fffff"},"type":"Polygon","arcs":[[6811,6812,6813,6814,6815,-10672]],"id":2876},{"properties":{"hex_id":"8829a1d4bbfffff"},"type":"Polygon","arcs":[[6816,-7050,-7665,6817,6818,6819]],"id":2877},{"properties":{"hex_id":"8829a1dac5fffff"},"type":"Polygon","arcs":[[-9878,-10631,6820,6821,6822,6823]],"id":2878},{"properties":{"hex_id":"8829a0a5c9fffff"},"type":"Polygon","arcs":[[-9977,6824,6825,-11478,6826,-8252]],"id":2879},{"properties":{"hex_id":"8829a1da4dfffff"},"type":"Polygon","arcs":[[-9563,6827,6828,6829,6830,6831]],"id":2880},{"properties":{"hex_id":"8829a56827fffff"},"type":"Polygon","arcs":[[6832,6833,6834,6835,6836,-9438]],"id":2881},{"properties":{"hex_id":"8829a1883dfffff"},"type":"Polygon","arcs":[[6837,6838,6839,-8786,-10212,6840]],"id":2882},{"properties":{"hex_id":"8829a1d023fffff"},"type":"Polygon","arcs":[[6841,6842,6843,6844,6845,6846]],"id":2883},{"properties":{"hex_id":"8829a18ab3fffff"},"type":"Polygon","arcs":[[6847,6848,-8084,6849,6850,6851]],"id":2884},{"properties":{"hex_id":"8829a18869fffff"},"type":"Polygon","arcs":[[-8565,6852,6853,6854,6855,6856]],"id":2885},{"properties":{"hex_id":"8829a1d117fffff"},"type":"Polygon","arcs":[[6857,6858,6859,6860,-7949,6861]],"id":2886},{"properties":{"hex_id":"8829a56ce9fffff"},"type":"Polygon","arcs":[[-9141,6862,-11285,6863,-10343,6864]],"id":2887},{"properties":{"hex_id":"8829a11737fffff"},"type":"Polygon","arcs":[[6865,6866,6867,-11346,6868]],"id":2888},{"properties":{"hex_id":"8829a1d225fffff"},"type":"Polygon","arcs":[[6869,6870,6871,6872,-9416,6873]],"id":2889},{"properties":{"hex_id":"8829a0ac97fffff"},"type":"Polygon","arcs":[[6874,6875,6876,-10633,6877,-8293]],"id":2890},{"properties":{"hex_id":"8829a18187fffff"},"type":"Polygon","arcs":[[6878,6879,6880,6881,6882,-7240]],"id":2891},{"properties":{"hex_id":"8829a1d163fffff"},"type":"Polygon","arcs":[[6883,6884,6885,6886,6887,-8503]],"id":2892},{"properties":{"hex_id":"8829a56ac7fffff"},"type":"Polygon","arcs":[[6888,6889,6890,-10336,6891,6892]],"id":2893},{"properties":{"hex_id":"8829a14209fffff"},"type":"Polygon","arcs":[[6893,6894,6895,6896]],"id":2894},{"properties":{"hex_id":"8829a18b53fffff"},"type":"Polygon","arcs":[[6897,6898,-7320,-8914,6899]],"id":2895},{"properties":{"hex_id":"8829a1c6a1fffff"},"type":"Polygon","arcs":[[-9592,6900,-8881,6901,6902,-7892]],"id":2896},{"properties":{"hex_id":"8829a1d899fffff"},"type":"Polygon","arcs":[[6903,6904,6905,-7785,6906]],"id":2897},{"properties":{"hex_id":"8829a0a5edfffff"},"type":"Polygon","arcs":[[6907,6908,6909,6910,6911,6912]],"id":2898},{"properties":{"hex_id":"8829a1da61fffff"},"type":"Polygon","arcs":[[6913,-11249,6914,6915,6916,-10185]],"id":2899},{"properties":{"hex_id":"8829a0acd5fffff"},"type":"Polygon","arcs":[[6917,6918,6919,6920,6921,6922]],"id":2900},{"properties":{"hex_id":"8829a1d1e5fffff"},"type":"Polygon","arcs":[[6923,-9019,6924,6925,6926,6927]],"id":2901},{"properties":{"hex_id":"8829a568e3fffff"},"type":"Polygon","arcs":[[6928,-8607,-10591,6929,6930,6931]],"id":2902},{"properties":{"hex_id":"8829a1443bfffff"},"type":"Polygon","arcs":[[6932,6933,6934,6935,6936,6937]],"id":2903},{"properties":{"hex_id":"8829a56011fffff"},"type":"Polygon","arcs":[[6938,6939,6940,6941,-7570,6942]],"id":2904},{"properties":{"hex_id":"8829a56095fffff"},"type":"Polygon","arcs":[[-9925,6943,6944,6945,-8623,-8973]],"id":2905},{"properties":{"hex_id":"8829a1c619fffff"},"type":"Polygon","arcs":[[6946,6947,6948,6949,6950]],"id":2906},{"properties":{"hex_id":"8829a1026dfffff"},"type":"Polygon","arcs":[[6951,6952,-11239,-10491,6953,6954]],"id":2907},{"properties":{"hex_id":"8829a569d1fffff"},"type":"Polygon","arcs":[[6955,6956,6957,-9952,6958,-11397]],"id":2908},{"properties":{"hex_id":"8829a19833fffff"},"type":"Polygon","arcs":[[6959,-9446,6960,-8374,6961,6962]],"id":2909},{"properties":{"hex_id":"8829a0adddfffff"},"type":"Polygon","arcs":[[-10601,-7129,6963,-8892,6964,6965]],"id":2910},{"properties":{"hex_id":"8829a181b7fffff"},"type":"Polygon","arcs":[[6966,-7297,6967,-8673,6968,6969]],"id":2911},{"properties":{"hex_id":"8829a18923fffff"},"type":"Polygon","arcs":[[6970,6971,-10664,-10112,6972]],"id":2912},{"properties":{"hex_id":"8829a1d2a5fffff"},"type":"Polygon","arcs":[[6973,6974,6975,6976,6977,6978]],"id":2913},{"properties":{"hex_id":"8829a1d533fffff"},"type":"Polygon","arcs":[[6979,6980,6981,6982,6983,6984]],"id":2914},{"properties":{"hex_id":"8829a1d74dfffff"},"type":"Polygon","arcs":[[-11452,-9603,-10878,-8717,-8490,6985]],"id":2915},{"properties":{"hex_id":"8829a56a3dfffff"},"type":"Polygon","arcs":[[6986,6987,-11417,6988,6989,6990]],"id":2916},{"properties":{"hex_id":"8829a1d649fffff"},"type":"Polygon","arcs":[[-11442,-10674,6991,6992,6993,6994]],"id":2917},{"properties":{"hex_id":"8829a11333fffff"},"type":"Polygon","arcs":[[6995,6996,6997,6998,6999]],"id":2918},{"properties":{"hex_id":"8829a19b6dfffff"},"type":"Polygon","arcs":[[7000,-9724,-7875,-9360,7001,7002]],"id":2919},{"properties":{"hex_id":"8829a17345fffff"},"type":"Polygon","arcs":[[7003,-9201,7004,7005,7006,-9286]],"id":2920},{"properties":{"hex_id":"8829a1d5d3fffff"},"type":"Polygon","arcs":[[7007,7008,7009,7010,7011]],"id":2921},{"properties":{"hex_id":"8829a0a6b3fffff"},"type":"Polygon","arcs":[[7012,7013,7014,7015,7016]],"id":2922},{"properties":{"hex_id":"8829a1d523fffff"},"type":"Polygon","arcs":[[-10578,7017,7018,7019,7020,7021]],"id":2923},{"properties":{"hex_id":"8829a102e9fffff"},"type":"Polygon","arcs":[[-7079,7022,7023,-8176]],"id":2924},{"properties":{"hex_id":"8829a1d01dfffff"},"type":"Polygon","arcs":[[7024,7025,7026,7027,-7082,7028]],"id":2925},{"properties":{"hex_id":"8829a575a5fffff"},"type":"Polygon","arcs":[[7029,7030,7031,-8214,7032]],"id":2926},{"properties":{"hex_id":"8829a1d95dfffff"},"type":"Polygon","arcs":[[7033,7034,-7125,-7538,-7751,7035]],"id":2927},{"properties":{"hex_id":"8829a56cd1fffff"},"type":"Polygon","arcs":[[7036,-10313,7037,7038,7039,-8408]],"id":2928},{"properties":{"hex_id":"8829a19929fffff"},"type":"Polygon","arcs":[[7040,7041,-7941,7042,-11165,7043]],"id":2929},{"properties":{"hex_id":"8829a11513fffff"},"type":"Polygon","arcs":[[7044,-10374,7045]],"id":2930},{"properties":{"hex_id":"8829a1d497fffff"},"type":"Polygon","arcs":[[7046,7047,7048,-7661,7049,7050]],"id":2931},{"properties":{"hex_id":"8829a145ddfffff"},"type":"Polygon","arcs":[[7051,-10785,7052,7053,-10369]],"id":2932},{"properties":{"hex_id":"8829a19803fffff"},"type":"Polygon","arcs":[[7054,-10830,7055,7056,7057,-7858]],"id":2933},{"properties":{"hex_id":"8829a561e9fffff"},"type":"Polygon","arcs":[[7058,7059,-11509,7060,7061,-8600]],"id":2934},{"properties":{"hex_id":"8829a115e1fffff"},"type":"Polygon","arcs":[[7062,7063,7064,7065,-8750,-10262]],"id":2935},{"properties":{"hex_id":"8829a1c359fffff"},"type":"Polygon","arcs":[[7066,7067,-7471,7068,7069,7070]],"id":2936},{"properties":{"hex_id":"8829a1c645fffff"},"type":"Polygon","arcs":[[7071,7072,7073,7074,7075,7076]],"id":2937},{"properties":{"hex_id":"8829a10213fffff"},"type":"Polygon","arcs":[[-9389,-7490,7077,7078,-8175,7079]],"id":2938},{"properties":{"hex_id":"8829a1d003fffff"},"type":"Polygon","arcs":[[7080,7081,7082,7083,7084,7085]],"id":2939},{"properties":{"hex_id":"8829a1c2a7fffff"},"type":"Polygon","arcs":[[-7792,7086,7087,-10856,7088,7089]],"id":2940},{"properties":{"hex_id":"8829a1db43fffff"},"type":"Polygon","arcs":[[-9477,7090,7091,7092,-9404,7093]],"id":2941},{"properties":{"hex_id":"8829a19aa9fffff"},"type":"Polygon","arcs":[[7094,-8957,7095,-9774,7096]],"id":2942},{"properties":{"hex_id":"8829a146b9fffff"},"type":"Polygon","arcs":[[7097,7098,-7360,7099,7100,-11014]],"id":2943},{"properties":{"hex_id":"8829a56c59fffff"},"type":"Polygon","arcs":[[7101,7102,7103,7104,7105,7106]],"id":2944},{"properties":{"hex_id":"8829a56f61fffff"},"type":"Polygon","arcs":[[-7271,7107,7108,7109,-8224,7110]],"id":2945},{"properties":{"hex_id":"8829a18733fffff"},"type":"Polygon","arcs":[[7111,7112,-8426,7113]],"id":2946},{"properties":{"hex_id":"8829a1c04dfffff"},"type":"Polygon","arcs":[[7114,7115,7116,7117,7118,7119]],"id":2947},{"properties":{"hex_id":"8829a1d951fffff"},"type":"Polygon","arcs":[[7120,7121,7122,7123,-7539,7124]],"id":2948},{"properties":{"hex_id":"8829a0add9fffff"},"type":"Polygon","arcs":[[7125,7126,-8338,7127,7128,-10600]],"id":2949},{"properties":{"hex_id":"8829a188b7fffff"},"type":"Polygon","arcs":[[7129,7130,7131,7132,7133,-7200]],"id":2950},{"properties":{"hex_id":"8829a1093dfffff"},"type":"Polygon","arcs":[[7134,7135,7136,7137,7138,7139]],"id":2951},{"properties":{"hex_id":"8829a188dbfffff"},"type":"Polygon","arcs":[[-8082,7140,7141,7142,-7853,7143]],"id":2952},{"properties":{"hex_id":"8829a569bbfffff"},"type":"Polygon","arcs":[[7144,-7594,-9490,7145,7146,7147]],"id":2953},{"properties":{"hex_id":"8829a56e19fffff"},"type":"Polygon","arcs":[[7148,7149,7150,7151,-8722,7152]],"id":2954},{"properties":{"hex_id":"8829a144c7fffff"},"type":"Polygon","arcs":[[7153,7154,7155,7156,7157,7158]],"id":2955},{"properties":{"hex_id":"8829a155e9fffff"},"type":"Polygon","arcs":[[-7611,7159,-9369,7160,7161,7162]],"id":2956},{"properties":{"hex_id":"8829a18f51fffff"},"type":"Polygon","arcs":[[7163,7164,7165,-8705,-7876,-8675]],"id":2957},{"properties":{"hex_id":"8829a18a09fffff"},"type":"Polygon","arcs":[[7166,-7616,7167,7168,7169]],"id":2958},{"properties":{"hex_id":"8829a1d66dfffff"},"type":"Polygon","arcs":[[-11037,7170,7171,7172,-11419,7173]],"id":2959},{"properties":{"hex_id":"8829a1d415fffff"},"type":"Polygon","arcs":[[-10459,-10054,7174,7175,7176]],"id":2960},{"properties":{"hex_id":"8829a10289fffff"},"type":"Polygon","arcs":[[7177,7178,7179,7180,7181]],"id":2961},{"properties":{"hex_id":"8829a18f0bfffff"},"type":"Polygon","arcs":[[-7877,-8709,7182,7183,-9344,7184]],"id":2962},{"properties":{"hex_id":"8829a5680dfffff"},"type":"Polygon","arcs":[[7185,7186,7187,-8617,7188,-8735]],"id":2963},{"properties":{"hex_id":"8829a1171dfffff"},"type":"Polygon","arcs":[[7189,-8169,7190,7191,7192]],"id":2964},{"properties":{"hex_id":"8829a1d597fffff"},"type":"Polygon","arcs":[[7193,7194,7195,7196]],"id":2965},{"properties":{"hex_id":"8829a188b5fffff"},"type":"Polygon","arcs":[[7197,7198,7199,7200,7201,7202]],"id":2966},{"properties":{"hex_id":"8829a1db2dfffff"},"type":"Polygon","arcs":[[7203,7204,-10812,7205,7206]],"id":2967},{"properties":{"hex_id":"8829a0ac59fffff"},"type":"Polygon","arcs":[[7207,7208,-8271,7209]],"id":2968},{"properties":{"hex_id":"8829a198e9fffff"},"type":"Polygon","arcs":[[-7312,7210,7211,7212,-9443,7213]],"id":2969},{"properties":{"hex_id":"8829a1d40dfffff"},"type":"Polygon","arcs":[[7214,7215,7216,7217,-9105,7218]],"id":2970},{"properties":{"hex_id":"8829a114a7fffff"},"type":"Polygon","arcs":[[-8248,7219,7220,7221,7222]],"id":2971},{"properties":{"hex_id":"8829a56813fffff"},"type":"Polygon","arcs":[[7223,7224,7225,-10541,-7304,7226]],"id":2972},{"properties":{"hex_id":"8829a18f61fffff"},"type":"Polygon","arcs":[[7227,7228,-8694,7229,-8080,7230]],"id":2973},{"properties":{"hex_id":"8829a0ac6bfffff"},"type":"Polygon","arcs":[[7231,-10206,7232,7233]],"id":2974},{"properties":{"hex_id":"8829a56f19fffff"},"type":"Polygon","arcs":[[7234,-7678,7235,-7824,7236,-7389]],"id":2975},{"properties":{"hex_id":"8829a18185fffff"},"type":"Polygon","arcs":[[7237,7238,7239,7240,7241,7242]],"id":2976},{"properties":{"hex_id":"8829a1d5c1fffff"},"type":"Polygon","arcs":[[7243,-7684,7244,7245,7246,-8262]],"id":2977},{"properties":{"hex_id":"8829a155d1fffff"},"type":"Polygon","arcs":[[7247,7248,7249,-8056,7250]],"id":2978},{"properties":{"hex_id":"8829a10245fffff"},"type":"Polygon","arcs":[[7251,7252,7253,7254,7255,7256]],"id":2979},{"properties":{"hex_id":"8829a1440dfffff"},"type":"Polygon","arcs":[[7257,7258,7259,-8958,7260]],"id":2980},{"properties":{"hex_id":"8829a19959fffff"},"type":"Polygon","arcs":[[7261,7262,7263,7264,7265,7266]],"id":2981},{"properties":{"hex_id":"8829a56f69fffff"},"type":"Polygon","arcs":[[7267,7268,7269,7270,7271,7272]],"id":2982},{"properties":{"hex_id":"8829a180abfffff"},"type":"Polygon","arcs":[[7273,7274,7275,7276,-8383,7277]],"id":2983},{"properties":{"hex_id":"8829a1db11fffff"},"type":"Polygon","arcs":[[7278,7279,7280,7281,7282,7283]],"id":2984},{"properties":{"hex_id":"8829a1d59dfffff"},"type":"Polygon","arcs":[[7284,7285,7286,7287,-8679,7288]],"id":2985},{"properties":{"hex_id":"8829a1d127fffff"},"type":"Polygon","arcs":[[-10290,7289,7290,-9876,7291,-7455]],"id":2986},{"properties":{"hex_id":"8829a181b3fffff"},"type":"Polygon","arcs":[[7292,7293,7294,7295,7296,7297]],"id":2987},{"properties":{"hex_id":"8829a0adebfffff"},"type":"Polygon","arcs":[[7298,-7340,7299,7300,7301,-8911]],"id":2988},{"properties":{"hex_id":"8829a56817fffff"},"type":"Polygon","arcs":[[7302,7303,-10546,-10395,7304,7305]],"id":2989},{"properties":{"hex_id":"8829a0a487fffff"},"type":"Polygon","arcs":[[-10881,-10887,7306,7307,7308,-8280]],"id":2990},{"properties":{"hex_id":"8829a19813fffff"},"type":"Polygon","arcs":[[-8153,7309,7310,7311,7312,7313]],"id":2991},{"properties":{"hex_id":"8829a57537fffff"},"type":"Polygon","arcs":[[7314,7315]],"id":2992},{"properties":{"hex_id":"8829a18a25fffff"},"type":"Polygon","arcs":[[7316,7317,-9643,7318,-8915,7319]],"id":2993},{"properties":{"hex_id":"8829a1d8dbfffff"},"type":"Polygon","arcs":[[7320,-9136,7321,7322,7323,7324]],"id":2994},{"properties":{"hex_id":"8829a56c8bfffff"},"type":"Polygon","arcs":[[7325,7326,7327,7328,-9376,7329]],"id":2995},{"properties":{"hex_id":"8829a1d187fffff"},"type":"Polygon","arcs":[[7330,7331,7332,7333,7334,7335]],"id":2996},{"properties":{"hex_id":"8829a0adc7fffff"},"type":"Polygon","arcs":[[-7816,7336,7337,7338,7339,7340]],"id":2997},{"properties":{"hex_id":"8829a56f03fffff"},"type":"Polygon","arcs":[[7341,7342,-11077,7343,-7601,7344]],"id":2998},{"properties":{"hex_id":"8829a18911fffff"},"type":"Polygon","arcs":[[7345,7346,7347,7348,7349,7350]],"id":2999},{"properties":{"hex_id":"8829a1d1a9fffff"},"type":"Polygon","arcs":[[7351,7352,7353,-8920,7354,7355]],"id":3000},{"properties":{"hex_id":"8829a146bbfffff"},"type":"Polygon","arcs":[[7356,7357,-8039,-8391,7358,7359]],"id":3001},{"properties":{"hex_id":"8829a0ac17fffff"},"type":"Polygon","arcs":[[7360,7361,-10973,7362,7363,7364]],"id":3002},{"properties":{"hex_id":"8829a18ee5fffff"},"type":"Polygon","arcs":[[-8486,7365,7366,7367,7368,7369]],"id":3003},{"properties":{"hex_id":"8829a56589fffff"},"type":"Polygon","arcs":[[-8538,7370,7371,7372,7373,7374]],"id":3004},{"properties":{"hex_id":"8829a18d39fffff"},"type":"Polygon","arcs":[[7375,7376,-10511,7377,7378,7379]],"id":3005},{"properties":{"hex_id":"8829a56eedfffff"},"type":"Polygon","arcs":[[7380,7381,7382,7383,7384,7385]],"id":3006},{"properties":{"hex_id":"8829a56f57fffff"},"type":"Polygon","arcs":[[7386,7387,7388,7389,7390,-10720]],"id":3007},{"properties":{"hex_id":"8829a0a6cdfffff"},"type":"Polygon","arcs":[[-8306,7391,7392,7393,7394,7395]],"id":3008},{"properties":{"hex_id":"8829a18993fffff"},"type":"Polygon","arcs":[[-8809,7396,7397,-11108,7398,-11492]],"id":3009},{"properties":{"hex_id":"8829a1172bfffff"},"type":"Polygon","arcs":[[7399,7400,-8469,7401,7402,7403]],"id":3010},{"properties":{"hex_id":"8829a1131bfffff"},"type":"Polygon","arcs":[[7404,7405,7406,-7756,-8196,7407]],"id":3011},{"properties":{"hex_id":"8829a1d265fffff"},"type":"Polygon","arcs":[[-9488,7408,7409,-7942,7410,7411]],"id":3012},{"properties":{"hex_id":"8829a56a61fffff"},"type":"Polygon","arcs":[[7412,7413,-9631,7414]],"id":3013},{"properties":{"hex_id":"8829a5685bfffff"},"type":"Polygon","arcs":[[7415,7416,-10076,7417,-8899,-8832]],"id":3014},{"properties":{"hex_id":"8829a56501fffff"},"type":"Polygon","arcs":[[7418,7419,7420,7421,7422,7423]],"id":3015},{"properties":{"hex_id":"8829a1c701fffff"},"type":"Polygon","arcs":[[7424,7425,7426,7427,-11218,7428]],"id":3016},{"properties":{"hex_id":"8829a1d2a9fffff"},"type":"Polygon","arcs":[[7429,7430,-9824,7431,7432,-8941]],"id":3017},{"properties":{"hex_id":"8829a0a5c3fffff"},"type":"Polygon","arcs":[[7433,7434,7435,7436,-11480]],"id":3018},{"properties":{"hex_id":"8829a1830bfffff"},"type":"Polygon","arcs":[[-11207,7437]],"id":3019},{"properties":{"hex_id":"8829a1465bfffff"},"type":"Polygon","arcs":[[7438,7439,7440,7441,7442]],"id":3020},{"properties":{"hex_id":"8829a562abfffff"},"type":"Polygon","arcs":[[-8992,7443,7444,7445,7446,7447]],"id":3021},{"properties":{"hex_id":"8829a1d765fffff"},"type":"Polygon","arcs":[[7448,7449,-8194,7450,7451,7452]],"id":3022},{"properties":{"hex_id":"8829a1d125fffff"},"type":"Polygon","arcs":[[7453,-10291,7454,7455,-10179,7456]],"id":3023},{"properties":{"hex_id":"8829a56ae1fffff"},"type":"Polygon","arcs":[[7457,7458,7459,7460,7461,7462]],"id":3024},{"properties":{"hex_id":"8829a569cbfffff"},"type":"Polygon","arcs":[[7463,-10913,-11400,-10741,7464,7465]],"id":3025},{"properties":{"hex_id":"8829a1c35bfffff"},"type":"Polygon","arcs":[[7466,-9579,7467,7468,7469,7470]],"id":3026},{"properties":{"hex_id":"8829a1da99fffff"},"type":"Polygon","arcs":[[7471,7472,-7528,7473,7474,7475]],"id":3027},{"properties":{"hex_id":"8829a0ac1dfffff"},"type":"Polygon","arcs":[[7476,-11055,7477,7478,-10390,-8590]],"id":3028},{"properties":{"hex_id":"8829a569e9fffff"},"type":"Polygon","arcs":[[7479,7480,7481,7482,7483,7484]],"id":3029},{"properties":{"hex_id":"8829a102cdfffff"},"type":"Polygon","arcs":[[7485,7486,7487,7488,7489,-9388]],"id":3030},{"properties":{"hex_id":"8829a562a7fffff"},"type":"Polygon","arcs":[[7490,7491,-8137,7492,7493,7494]],"id":3031},{"properties":{"hex_id":"8829a189b5fffff"},"type":"Polygon","arcs":[[7495,7496,7497,7498,7499,7500]],"id":3032},{"properties":{"hex_id":"8829a56731fffff"},"type":"Polygon","arcs":[[7501,7502,7503,7504,7505,7506]],"id":3033},{"properties":{"hex_id":"8829a19a27fffff"},"type":"Polygon","arcs":[[7507,7508,7509,-8963,-10502]],"id":3034},{"properties":{"hex_id":"8829a56e63fffff"},"type":"Polygon","arcs":[[7510,7511,7512,-8593,-10031,-9194]],"id":3035},{"properties":{"hex_id":"8829a199b9fffff"},"type":"Polygon","arcs":[[7513,7514,7515,7516,7517,7518]],"id":3036},{"properties":{"hex_id":"8829a0ac05fffff"},"type":"Polygon","arcs":[[7519,7520,7521,7522,-11371,-10208]],"id":3037},{"properties":{"hex_id":"8829a1da9bfffff"},"type":"Polygon","arcs":[[7523,7524,-10472,7525,7526,7527]],"id":3038},{"properties":{"hex_id":"8829a15583fffff"},"type":"Polygon","arcs":[[7528,7529,7530,-8359,7531,7532]],"id":3039},{"properties":{"hex_id":"8829a188a1fffff"},"type":"Polygon","arcs":[[7533,7534,7535,7536,-10385,-10623]],"id":3040},{"properties":{"hex_id":"8829a1d955fffff"},"type":"Polygon","arcs":[[7537,7538,7539,7540,7541,-7752]],"id":3041},{"properties":{"hex_id":"8829a18b69fffff"},"type":"Polygon","arcs":[[7542,7543,-7867,7544,7545,7546]],"id":3042},{"properties":{"hex_id":"8829a56cc9fffff"},"type":"Polygon","arcs":[[7547,7548,7549,7550,7551,7552]],"id":3043},{"properties":{"hex_id":"8829a1d63bfffff"},"type":"Polygon","arcs":[[7553,7554,7555,7556,-11322,7557]],"id":3044},{"properties":{"hex_id":"8829a0ada9fffff"},"type":"Polygon","arcs":[[7558,7559,7560,7561,-9986,7562]],"id":3045},{"properties":{"hex_id":"8829a1d205fffff"},"type":"Polygon","arcs":[[7563,7564,7565,-9047,7566,7567]],"id":3046},{"properties":{"hex_id":"8829a56015fffff"},"type":"Polygon","arcs":[[7568,7569,7570,7571,-8051,7572]],"id":3047},{"properties":{"hex_id":"8829a109abfffff"},"type":"Polygon","arcs":[[7573,-8004,7574,-7706,-10940,7575]],"id":3048},{"properties":{"hex_id":"8829a18401fffff"},"type":"Polygon","arcs":[[7576,7577,7578,-10026,7579]],"id":3049},{"properties":{"hex_id":"8829a189c7fffff"},"type":"Polygon","arcs":[[-9335,7580,7581,7582,7583,7584]],"id":3050},{"properties":{"hex_id":"8829a1d459fffff"},"type":"Polygon","arcs":[[7585,7586,7587,7588,7589,7590]],"id":3051},{"properties":{"hex_id":"8829a56997fffff"},"type":"Polygon","arcs":[[-10476,7591,7592,-9485,7593,7594]],"id":3052},{"properties":{"hex_id":"8829a1d257fffff"},"type":"Polygon","arcs":[[7595,7596,7597,-11240,-11328,7598]],"id":3053},{"properties":{"hex_id":"8829a56f07fffff"},"type":"Polygon","arcs":[[7599,7600,7601,7602,7603,-10012]],"id":3054},{"properties":{"hex_id":"8829a1c699fffff"},"type":"Polygon","arcs":[[7604,7605,-11088,7606]],"id":3055},{"properties":{"hex_id":"8829a15513fffff"},"type":"Polygon","arcs":[[7607,7608,7609,7610,7611,7612]],"id":3056},{"properties":{"hex_id":"8829a18a55fffff"},"type":"Polygon","arcs":[[7613,7614,7615,7616]],"id":3057},{"properties":{"hex_id":"8829a1881bfffff"},"type":"Polygon","arcs":[[7617,7618,7619,7620]],"id":3058},{"properties":{"hex_id":"8829a18a37fffff"},"type":"Polygon","arcs":[[7621,7622,7623,-7710,7624,7625]],"id":3059},{"properties":{"hex_id":"8829a18893fffff"},"type":"Polygon","arcs":[[7626,7627,7628,7629,-9032,7630]],"id":3060},{"properties":{"hex_id":"8829a1122bfffff"},"type":"Polygon","arcs":[[7631,-10040,7632,7633,-10730,7634]],"id":3061},{"properties":{"hex_id":"8829a1c251fffff"},"type":"Polygon","arcs":[[7635,7636,7637,7638,-7843,7639]],"id":3062},{"properties":{"hex_id":"8829a1d829fffff"},"type":"Polygon","arcs":[[-7648,-10302,-8358,7640,-8243,7641]],"id":3063},{"properties":{"hex_id":"8829a17349fffff"},"type":"Polygon","arcs":[[-7708,7642,7643,-9197,7644]],"id":3064},{"properties":{"hex_id":"8829a1d863fffff"},"type":"Polygon","arcs":[[7645,7646,-10303,7647,7648,7649]],"id":3065},{"properties":{"hex_id":"8829a146b7fffff"},"type":"Polygon","arcs":[[7650,-8395,7651,7652,7653,7654]],"id":3066},{"properties":{"hex_id":"8829a11219fffff"},"type":"Polygon","arcs":[[7655,7656,7657,7658,7659,-10268]],"id":3067},{"properties":{"hex_id":"8829a1896dfffff"},"type":"Polygon","arcs":[[7660,7661,7662,-8640,7663,7664]],"id":3068},{"properties":{"hex_id":"8829a199cdfffff"},"type":"Polygon","arcs":[[-9155,7665,7666,7667,-9536,7668]],"id":3069},{"properties":{"hex_id":"8829a1d4bdfffff"},"type":"Polygon","arcs":[[-8633,7669,7670,7671,7672,7673]],"id":3070},{"properties":{"hex_id":"8829a56e25fffff"},"type":"Polygon","arcs":[[7674,7675,-11344,7676,7677,7678]],"id":3071},{"properties":{"hex_id":"8829a1d5cbfffff"},"type":"Polygon","arcs":[[7679,7680,7681,7682,7683,7684]],"id":3072},{"properties":{"hex_id":"8829a18c41fffff"},"type":"Polygon","arcs":[[7685,7686,7687,-9448,7688,7689]],"id":3073},{"properties":{"hex_id":"8829a0366bfffff"},"type":"Polygon","arcs":[[7690,-10154,7691,7692,7693,7694]],"id":3074},{"properties":{"hex_id":"8829a1d59bfffff"},"type":"Polygon","arcs":[[7695,7696,7697,7698,7699,7700]],"id":3075},{"properties":{"hex_id":"8829a56d47fffff"},"type":"Polygon","arcs":[[-9400,7701,7702,7703,7704,-8513]],"id":3076},{"properties":{"hex_id":"8829a109a3fffff"},"type":"Polygon","arcs":[[7705,7706,7707,7708,-10941]],"id":3077},{"properties":{"hex_id":"8829a1885dfffff"},"type":"Polygon","arcs":[[7709,7710,7711,7712,7713,7714]],"id":3078},{"properties":{"hex_id":"8829a56dd5fffff"},"type":"Polygon","arcs":[[7715,7716,7717,7718,-9431,7719]],"id":3079},{"properties":{"hex_id":"8829a11241fffff"},"type":"Polygon","arcs":[[7720,7721,7722,7723,7724,7725]],"id":3080},{"properties":{"hex_id":"8829a18d19fffff"},"type":"Polygon","arcs":[[7726,7727,7728,7729,7730,7731]],"id":3081},{"properties":{"hex_id":"8829a1d1d3fffff"},"type":"Polygon","arcs":[[7732,7733,7734,7735,7736,7737]],"id":3082},{"properties":{"hex_id":"8829a1d139fffff"},"type":"Polygon","arcs":[[7738,7739,-7953,7740,7741,7742]],"id":3083},{"properties":{"hex_id":"8829a56b19fffff"},"type":"Polygon","arcs":[[7743,7744,7745,7746,7747,7748]],"id":3084},{"properties":{"hex_id":"8829a1d943fffff"},"type":"Polygon","arcs":[[7749,7750,7751,7752,7753,7754]],"id":3085},{"properties":{"hex_id":"8829a11313fffff"},"type":"Polygon","arcs":[[7755,7756,7757,7758,7759,-8197]],"id":3086},{"properties":{"hex_id":"8829a1d565fffff"},"type":"Polygon","arcs":[[7760,-10349,-10585,7761,7762,-10481]],"id":3087},{"properties":{"hex_id":"8829a18463fffff"},"type":"Polygon","arcs":[[7763,7764,-10029,7765,7766,7767]],"id":3088},{"properties":{"hex_id":"8829a1d0b7fffff"},"type":"Polygon","arcs":[[7768,-10483,7769,7770,7771,7772]],"id":3089},{"properties":{"hex_id":"8829a560ddfffff"},"type":"Polygon","arcs":[[7773,7774,7775,-11046,7776,7777]],"id":3090},{"properties":{"hex_id":"8829a1d687fffff"},"type":"Polygon","arcs":[[7778,7779,7780,-10867,7781,7782]],"id":3091},{"properties":{"hex_id":"8829a1d89dfffff"},"type":"Polygon","arcs":[[7783,7784,7785,7786,7787]],"id":3092},{"properties":{"hex_id":"8829a1c2a1fffff"},"type":"Polygon","arcs":[[7788,7789,7790,7791,7792,7793]],"id":3093},{"properties":{"hex_id":"8829a0a4b3fffff"},"type":"Polygon","arcs":[[7794,7795,7796,7797,7798]],"id":3094},{"properties":{"hex_id":"8829a1030dfffff"},"type":"Polygon","arcs":[[7799,7800,7801,7802,7803,-10563]],"id":3095},{"properties":{"hex_id":"8829a56519fffff"},"type":"Polygon","arcs":[[7804,7805,7806,-8204,7807,7808]],"id":3096},{"properties":{"hex_id":"8829a1d06bfffff"},"type":"Polygon","arcs":[[7809,7810,-10900,7811,-10276,-10704]],"id":3097},{"properties":{"hex_id":"8829a0adc1fffff"},"type":"Polygon","arcs":[[7812,7813,7814,7815,7816,7817]],"id":3098},{"properties":{"hex_id":"8829a1d5adfffff"},"type":"Polygon","arcs":[[7818,7819,-8631,7820,7821,7822]],"id":3099},{"properties":{"hex_id":"8829a56f11fffff"},"type":"Polygon","arcs":[[7823,7824,7825,7826,-11073,7827]],"id":3100},{"properties":{"hex_id":"8829a1d72dfffff"},"type":"Polygon","arcs":[[-8192,7828,7829,7830,7831,7832]],"id":3101},{"properties":{"hex_id":"8829a155a3fffff"},"type":"Polygon","arcs":[[7833,7834,7835,7836]],"id":3102},{"properties":{"hex_id":"8829a1d6e1fffff"},"type":"Polygon","arcs":[[7837,-8332,7838,-10977,7839,7840]],"id":3103},{"properties":{"hex_id":"8829a1c255fffff"},"type":"Polygon","arcs":[[7841,7842,7843,7844,7845,7846]],"id":3104},{"properties":{"hex_id":"8829a56d37fffff"},"type":"Polygon","arcs":[[-8473,7847,7848,7849,-7887,7850]],"id":3105},{"properties":{"hex_id":"8829a188d1fffff"},"type":"Polygon","arcs":[[7851,7852,7853,-10951,-7928,7854]],"id":3106},{"properties":{"hex_id":"8829a19801fffff"},"type":"Polygon","arcs":[[7855,7856,7857,7858,7859,7860]],"id":3107},{"properties":{"hex_id":"8829a18b6bfffff"},"type":"Polygon","arcs":[[7861,7862,7863,7864,7865,7866]],"id":3108},{"properties":{"hex_id":"8829a56745fffff"},"type":"Polygon","arcs":[[7867,7868,-8213,7869,7870,7871]],"id":3109},{"properties":{"hex_id":"8829a19b61fffff"},"type":"Polygon","arcs":[[-9723,7872,-8581,7873,-9361,7874]],"id":3110},{"properties":{"hex_id":"8829a18f55fffff"},"type":"Polygon","arcs":[[-8676,7875,-8710,7876,7877,-10283]],"id":3111},{"properties":{"hex_id":"8829a1da1dfffff"},"type":"Polygon","arcs":[[7878,-10181,-11119,7879,7880,7881]],"id":3112},{"properties":{"hex_id":"8829a56109fffff"},"type":"Polygon","arcs":[[7882,-8240,-10967,7883,7884,-9272]],"id":3113},{"properties":{"hex_id":"8829a1d2cbfffff"},"type":"Polygon","arcs":[[7885,7886,7887,7888,7889,7890]],"id":3114},{"properties":{"hex_id":"8829a1c6adfffff"},"type":"Polygon","arcs":[[-9593,7891,7892,7893,7894]],"id":3115},{"properties":{"hex_id":"8829a56ee7fffff"},"type":"Polygon","arcs":[[7895,7896,7897,7898,7899,7900]],"id":3116},{"properties":{"hex_id":"8829a56eb1fffff"},"type":"Polygon","arcs":[[-11232,7901,7902,7903,7904,7905]],"id":3117},{"properties":{"hex_id":"8829a1d245fffff"},"type":"Polygon","arcs":[[7906,7907,7908,7909,7910,7911]],"id":3118},{"properties":{"hex_id":"8829a1423dfffff"},"type":"Polygon","arcs":[[7912,-11162,7913,7914,7915,7916]],"id":3119},{"properties":{"hex_id":"8829a56c05fffff"},"type":"Polygon","arcs":[[7917,-9244,7918,-9692,7919,7920]],"id":3120},{"properties":{"hex_id":"8829a18b67fffff"},"type":"Polygon","arcs":[[7921,7922,7923,7924,-9969,7925]],"id":3121},{"properties":{"hex_id":"8829a188d5fffff"},"type":"Polygon","arcs":[[7926,7927,-10956,7928,7929,7930]],"id":3122},{"properties":{"hex_id":"8829a5609bfffff"},"type":"Polygon","arcs":[[7931,-11272,-8511,7932,7933,7934]],"id":3123},{"properties":{"hex_id":"8829a1992bfffff"},"type":"Polygon","arcs":[[7935,7936,7937,7938,7939,7940]],"id":3124},{"properties":{"hex_id":"8829a1d35bfffff"},"type":"Polygon","arcs":[[7941,7942,7943,7944,7945,7946]],"id":3125},{"properties":{"hex_id":"8829a1d13bfffff"},"type":"Polygon","arcs":[[7947,7948,7949,7950,7951,7952]],"id":3126},{"properties":{"hex_id":"8829a154adfffff"},"type":"Polygon","arcs":[[7953,-8449,7954,7955]],"id":3127},{"properties":{"hex_id":"8829a1c295fffff"},"type":"Polygon","arcs":[[7956,7957,7958,7959,7960,7961]],"id":3128},{"properties":{"hex_id":"8829a561ddfffff"},"type":"Polygon","arcs":[[7962,7963,7964,7965,7966]],"id":3129},{"properties":{"hex_id":"8829a56ce3fffff"},"type":"Polygon","arcs":[[-11283,7967,7968,7969,7970,7971]],"id":3130},{"properties":{"hex_id":"8829a11353fffff"},"type":"Polygon","arcs":[[7972,7973,7974,7975,7976,7977]],"id":3131},{"properties":{"hex_id":"8829a5619bfffff"},"type":"Polygon","arcs":[[7978,7979,7980,7981,7982]],"id":3132},{"properties":{"hex_id":"8829a14403fffff"},"type":"Polygon","arcs":[[7983,-8654,7984,7985,7986,7987]],"id":3133},{"properties":{"hex_id":"8829a1404bfffff"},"type":"Polygon","arcs":[[7988,7989,7990,7991,7992]],"id":3134},{"properties":{"hex_id":"8829a142ddfffff"},"type":"Polygon","arcs":[[7993,7994,-11466,-10691,-9038,7995]],"id":3135},{"properties":{"hex_id":"8829a5691dfffff"},"type":"Polygon","arcs":[[7996,-9075,7997,7998,7999]],"id":3136},{"properties":{"hex_id":"8829a10987fffff"},"type":"Polygon","arcs":[[8000,8001,8002,8003,8004]],"id":3137},{"properties":{"hex_id":"8829a56833fffff"},"type":"Polygon","arcs":[[8005,-10398,8006,8007,-10911,8008]],"id":3138},{"properties":{"hex_id":"8829a03649fffff"},"type":"Polygon","arcs":[[8009,8010,8011,-9459,8012,8013]],"id":3139},{"properties":{"hex_id":"8829a1da21fffff"},"type":"Polygon","arcs":[[8014,8015,8016,8017,8018,8019]],"id":3140},{"properties":{"hex_id":"8829a1c6ddfffff"},"type":"Polygon","arcs":[[8020,8021,8022,8023,8024,-8459]],"id":3141},{"properties":{"hex_id":"8829a578bbfffff"},"type":"Polygon","arcs":[[8025,8026,8027,8028,-9382,8029]],"id":3142},{"properties":{"hex_id":"8829a562e5fffff"},"type":"Polygon","arcs":[[-8936,8030,8031,-8325,8032,8033]],"id":3143},{"properties":{"hex_id":"8829a1736dfffff"},"type":"Polygon","arcs":[[8034,8035,8036,8037,-8392,8038]],"id":3144},{"properties":{"hex_id":"8829a1d031fffff"},"type":"Polygon","arcs":[[8039,8040,-8102,8041,8042,8043]],"id":3145},{"properties":{"hex_id":"8829a578a7fffff"},"type":"Polygon","arcs":[[8044,8045,-10298,8046,8047,8048]],"id":3146},{"properties":{"hex_id":"8829a56039fffff"},"type":"Polygon","arcs":[[8049,8050,8051,-11455,8052,8053]],"id":3147},{"properties":{"hex_id":"8829a155d5fffff"},"type":"Polygon","arcs":[[8054,8055,8056,8057,8058,8059]],"id":3148},{"properties":{"hex_id":"8829a18a85fffff"},"type":"Polygon","arcs":[[8060,8061,8062,8063,8064,8065]],"id":3149},{"properties":{"hex_id":"8829a11561fffff"},"type":"Polygon","arcs":[[8066,8067,8068,8069]],"id":3150},{"properties":{"hex_id":"8829a56c6bfffff"},"type":"Polygon","arcs":[[8070,8071,8072,8073,8074,8075]],"id":3151},{"properties":{"hex_id":"8829a142d7fffff"},"type":"Polygon","arcs":[[-11464,8076,8077,-10692]],"id":3152},{"properties":{"hex_id":"8829a18f65fffff"},"type":"Polygon","arcs":[[8078,8079,8080,8081,8082,8083]],"id":3153},{"properties":{"hex_id":"8829a0ac9bfffff"},"type":"Polygon","arcs":[[-10815,8084,8085,8086,8087,8088]],"id":3154},{"properties":{"hex_id":"8829a565a5fffff"},"type":"Polygon","arcs":[[8089,8090,8091,8092]],"id":3155},{"properties":{"hex_id":"8829a186e1fffff"},"type":"Polygon","arcs":[[8093,-11357,8094,-9247,8095]],"id":3156},{"properties":{"hex_id":"8829a1d033fffff"},"type":"Polygon","arcs":[[8096,8097,8098,8099,8100,8101]],"id":3157},{"properties":{"hex_id":"8829a5695bfffff"},"type":"Polygon","arcs":[[8102,8103,8104,8105,8106,8107]],"id":3158},{"properties":{"hex_id":"8829a1d6a9fffff"},"type":"Polygon","arcs":[[8108,8109,8110,8111,8112,-10979]],"id":3159},{"properties":{"hex_id":"8829a56551fffff"},"type":"Polygon","arcs":[[-8403,-8948,8113,8114,8115,8116]],"id":3160},{"properties":{"hex_id":"8829a1d157fffff"},"type":"Polygon","arcs":[[8117,8118,8119,8120]],"id":3161},{"properties":{"hex_id":"8829a14a57fffff"},"type":"Polygon","arcs":[[8121,8122,8123,8124]],"id":3162},{"properties":{"hex_id":"8829a18909fffff"},"type":"Polygon","arcs":[[8125,8126,8127,8128,8129,8130]],"id":3163},{"properties":{"hex_id":"8829a560c9fffff"},"type":"Polygon","arcs":[[8131,8132,8133,8134,8135,8136]],"id":3164},{"properties":{"hex_id":"8829a56d57fffff"},"type":"Polygon","arcs":[[8137,8138,-9870,-8417,8139,8140]],"id":3165},{"properties":{"hex_id":"8829a1c319fffff"},"type":"Polygon","arcs":[[8141,8142,8143,8144,8145,8146]],"id":3166},{"properties":{"hex_id":"8829a1d289fffff"},"type":"Polygon","arcs":[[-10658,-9830,8147,8148]],"id":3167},{"properties":{"hex_id":"8829a1981bfffff"},"type":"Polygon","arcs":[[8149,8150,8151,8152,8153,-9853]],"id":3168},{"properties":{"hex_id":"8829a110a3fffff"},"type":"Polygon","arcs":[[8154,8155,8156,8157,8158,8159]],"id":3169},{"properties":{"hex_id":"8829a0aca5fffff"},"type":"Polygon","arcs":[[8160,8161,8162,-9001,8163]],"id":3170},{"properties":{"hex_id":"8829a11711fffff"},"type":"Polygon","arcs":[[8164,8165,8166,-9814,8167,8168]],"id":3171},{"properties":{"hex_id":"8829a0aeb7fffff"},"type":"Polygon","arcs":[[8169,8170,8171,8172]],"id":3172},{"properties":{"hex_id":"8829a10217fffff"},"type":"Polygon","arcs":[[8173,8174,8175,8176,8177,8178]],"id":3173},{"properties":{"hex_id":"8829a18a13fffff"},"type":"Polygon","arcs":[[8179,8180,8181,8182,8183,8184]],"id":3174},{"properties":{"hex_id":"8829a1dabdfffff"},"type":"Polygon","arcs":[[8185,8186,8187,8188]],"id":3175},{"properties":{"hex_id":"8829a1d767fffff"},"type":"Polygon","arcs":[[8189,-10329,8190,8191,8192,8193]],"id":3176},{"properties":{"hex_id":"8829a11311fffff"},"type":"Polygon","arcs":[[8194,8195,8196,8197,8198,-9063]],"id":3177},{"properties":{"hex_id":"8829a56029fffff"},"type":"Polygon","arcs":[[8199,8200,8201,8202]],"id":3178},{"properties":{"hex_id":"8829a56511fffff"},"type":"Polygon","arcs":[[8203,8204,8205,-8517,8206,8207]],"id":3179},{"properties":{"hex_id":"8829a56747fffff"},"type":"Polygon","arcs":[[8208,8209,-9609,8210,8211,8212]],"id":3180},{"properties":{"hex_id":"8829a56299fffff"},"type":"Polygon","arcs":[[8213,8214,8215,8216]],"id":3181},{"properties":{"hex_id":"8829a0ac31fffff"},"type":"Polygon","arcs":[[8217,8218,8219,-10598,8220,8221]],"id":3182},{"properties":{"hex_id":"8829a56f65fffff"},"type":"Polygon","arcs":[[8222,8223,8224,8225,-9556,-9964]],"id":3183},{"properties":{"hex_id":"8829a56107fffff"},"type":"Polygon","arcs":[[8226,8227,8228,8229,8230,8231]],"id":3184},{"properties":{"hex_id":"8829a0a4ebfffff"},"type":"Polygon","arcs":[[8232,8233,8234,-9860,8235,8236]],"id":3185},{"properties":{"hex_id":"8829a56155fffff"},"type":"Polygon","arcs":[[8237,8238,-10962,8239,8240]],"id":3186},{"properties":{"hex_id":"8829a1d82dfffff"},"type":"Polygon","arcs":[[8241,8242,8243,8244,8245,8246]],"id":3187},{"properties":{"hex_id":"8829a114a1fffff"},"type":"Polygon","arcs":[[8247,8248,8249]],"id":3188},{"properties":{"hex_id":"8829a0a427fffff"},"type":"Polygon","arcs":[[8250,-9978,8251,8252,8253,8254]],"id":3189},{"properties":{"hex_id":"8829a56935fffff"},"type":"Polygon","arcs":[[-9456,8255,8256,-10162,8257,8258]],"id":3190},{"properties":{"hex_id":"8829a1d5cdfffff"},"type":"Polygon","arcs":[[8259,8260,8261,8262,8263,8264]],"id":3191},{"properties":{"hex_id":"8829a0ac5bfffff"},"type":"Polygon","arcs":[[8265,8266,8267,8268,8269,8270]],"id":3192},{"properties":{"hex_id":"8829a0a5ebfffff"},"type":"Polygon","arcs":[[-9623,8271,8272,-11143,8273,8274]],"id":3193},{"properties":{"hex_id":"8829a14465fffff"},"type":"Polygon","arcs":[[8275,8276,8277]],"id":3194},{"properties":{"hex_id":"8829a0a485fffff"},"type":"Polygon","arcs":[[8278,-10882,8279,8280,8281,-9862]],"id":3195},{"properties":{"hex_id":"8829a565e9fffff"},"type":"Polygon","arcs":[[8282,8283,-10762,8284,8285,-8519]],"id":3196},{"properties":{"hex_id":"8829a1d66bfffff"},"type":"Polygon","arcs":[[8286,-8784,8287,-9143,8288,8289]],"id":3197},{"properties":{"hex_id":"8829a0ac95fffff"},"type":"Polygon","arcs":[[8290,8291,8292,8293,8294,8295]],"id":3198},{"properties":{"hex_id":"8829a1c469fffff"},"type":"Polygon","arcs":[[8296,8297,8298,8299,8300,8301]],"id":3199},{"properties":{"hex_id":"8829a56927fffff"},"type":"Polygon","arcs":[[8302,8303,8304,8305,8306]],"id":3200},{"properties":{"hex_id":"8829a1c76bfffff"},"type":"Polygon","arcs":[[8307,8308,8309,8310,8311,8312]],"id":3201},{"properties":{"hex_id":"8829a560e9fffff"},"type":"Polygon","arcs":[[8313,8314,8315,8316,8317,8318]],"id":3202},{"properties":{"hex_id":"8829a1025dfffff"},"type":"Polygon","arcs":[[8319,8320,8321,8322,8323,-11184]],"id":3203},{"properties":{"hex_id":"8829a5605bfffff"},"type":"Polygon","arcs":[[8324,8325,8326,8327,8328]],"id":3204},{"properties":{"hex_id":"8829a1d6ebfffff"},"type":"Polygon","arcs":[[-8585,8329,-9269,8330,8331,8332]],"id":3205},{"properties":{"hex_id":"8829a0addbfffff"},"type":"Polygon","arcs":[[8333,-10248,8334,8335,8336,8337]],"id":3206},{"properties":{"hex_id":"8829a19859fffff"},"type":"Polygon","arcs":[[8338,8339,8340,8341,8342,8343]],"id":3207},{"properties":{"hex_id":"8829a56723fffff"},"type":"Polygon","arcs":[[8344,8345,8346,8347,-11269,-10677]],"id":3208},{"properties":{"hex_id":"8829a1126bfffff"},"type":"Polygon","arcs":[[8348,8349,8350,8351,8352,-11110]],"id":3209},{"properties":{"hex_id":"8829a1d82bfffff"},"type":"Polygon","arcs":[[-10301,8353,8354,8355,8356,8357]],"id":3210},{"properties":{"hex_id":"8829a155b9fffff"},"type":"Polygon","arcs":[[8358,8359,8360,8361,8362]],"id":3211},{"properties":{"hex_id":"8829a1c26dfffff"},"type":"Polygon","arcs":[[8363,8364,8365,8366,8367,8368]],"id":3212},{"properties":{"hex_id":"8829a1d833fffff"},"type":"Polygon","arcs":[[8369,-8649,8370,8371,8372]],"id":3213},{"properties":{"hex_id":"8829a199d9fffff"},"type":"Polygon","arcs":[[8373,8374,-8972,-10685,8375,8376]],"id":3214},{"properties":{"hex_id":"8829a1d4cdfffff"},"type":"Polygon","arcs":[[8377,8378,-8496,8379,8380]],"id":3215},{"properties":{"hex_id":"8829a180a1fffff"},"type":"Polygon","arcs":[[8381,8382,8383,8384,8385,8386]],"id":3216},{"properties":{"hex_id":"8829a10353fffff"},"type":"Polygon","arcs":[[8387,8388,8389]],"id":3217},{"properties":{"hex_id":"8829a146b3fffff"},"type":"Polygon","arcs":[[8390,8391,8392,8393,8394,8395]],"id":3218},{"properties":{"hex_id":"8829a1d203fffff"},"type":"Polygon","arcs":[[-11330,-11244,8396,8397,8398,8399]],"id":3219},{"properties":{"hex_id":"8829a56559fffff"},"type":"Polygon","arcs":[[8400,8401,-8949,8402,8403,8404]],"id":3220},{"properties":{"hex_id":"8829a56cddfffff"},"type":"Polygon","arcs":[[8405,8406,8407,8408,-9789,8409]],"id":3221},{"properties":{"hex_id":"8829a1d869fffff"},"type":"Polygon","arcs":[[8410,8411,8412,8413,8414,8415]],"id":3222},{"properties":{"hex_id":"8829a56d1dfffff"},"type":"Polygon","arcs":[[8416,-9869,8417,8418,8419,8420]],"id":3223},{"properties":{"hex_id":"8829a18465fffff"},"type":"Polygon","arcs":[[8421,8422,8423,8424,8425]],"id":3224},{"properties":{"hex_id":"8829a562e3fffff"},"type":"Polygon","arcs":[[8426,8427,-8994,8428,8429,8430]],"id":3225},{"properties":{"hex_id":"8829a144c9fffff"},"type":"Polygon","arcs":[[8431,8432,8433,8434,8435,8436]],"id":3226},{"properties":{"hex_id":"8829a1c329fffff"},"type":"Polygon","arcs":[[8437,8438,8439,8440,8441,-9134]],"id":3227},{"properties":{"hex_id":"8829a18b37fffff"},"type":"Polygon","arcs":[[8442,8443,-9518,8444,-11201,8445]],"id":3228},{"properties":{"hex_id":"8829a114ebfffff"},"type":"Polygon","arcs":[[8446,8447]],"id":3229},{"properties":{"hex_id":"8829a154a5fffff"},"type":"Polygon","arcs":[[8448,8449,8450,8451,-9893,8452]],"id":3230},{"properties":{"hex_id":"8829a1814bfffff"},"type":"Polygon","arcs":[[8453,8454,8455]],"id":3231},{"properties":{"hex_id":"8829a1c6cbfffff"},"type":"Polygon","arcs":[[8456,8457,8458,8459,-10666]],"id":3232},{"properties":{"hex_id":"8829a144e5fffff"},"type":"Polygon","arcs":[[8460,8461,-10782,8462]],"id":3233},{"properties":{"hex_id":"8829a1173dfffff"},"type":"Polygon","arcs":[[8463,8464,8465,8466,8467,8468]],"id":3234},{"properties":{"hex_id":"8829a56d31fffff"},"type":"Polygon","arcs":[[8469,8470,8471,8472,8473,8474]],"id":3235},{"properties":{"hex_id":"8829a1889dfffff"},"type":"Polygon","arcs":[[-10954,8475,8476,8477,-10715,8478]],"id":3236},{"properties":{"hex_id":"8829a19823fffff"},"type":"Polygon","arcs":[[8479,8480,8481,8482,-9153,-10771]],"id":3237},{"properties":{"hex_id":"8829a18eedfffff"},"type":"Polygon","arcs":[[8483,8484,8485,8486,8487]],"id":3238},{"properties":{"hex_id":"8829a1d293fffff"},"type":"Polygon","arcs":[[8488,8489,-8720,8490,8491,8492]],"id":3239},{"properties":{"hex_id":"8829a1d4c1fffff"},"type":"Polygon","arcs":[[8493,-10919,-8793,8494,8495]],"id":3240},{"properties":{"hex_id":"8829a56d83fffff"},"type":"Polygon","arcs":[[8496,8497,8498,8499,-10420,8500]],"id":3241},{"properties":{"hex_id":"8829a1d161fffff"},"type":"Polygon","arcs":[[8501,8502,8503,8504,8505]],"id":3242},{"properties":{"hex_id":"8829a5654dfffff"},"type":"Polygon","arcs":[[-11271,8506,8507,8508,8509,8510]],"id":3243},{"properties":{"hex_id":"8829a56d45fffff"},"type":"Polygon","arcs":[[8511,-9401,8512,8513,8514,8515]],"id":3244},{"properties":{"hex_id":"8829a56517fffff"},"type":"Polygon","arcs":[[8516,8517,8518,8519,8520,8521]],"id":3245},{"properties":{"hex_id":"8829a18d05fffff"},"type":"Polygon","arcs":[[8522,8523,8524,8525,8526,-10306]],"id":3246},{"properties":{"hex_id":"8829a0a6d9fffff"},"type":"Polygon","arcs":[[8527,-9765,8528,8529,-10352,8530]],"id":3247},{"properties":{"hex_id":"8829a18e07fffff"},"type":"Polygon","arcs":[[8531,8532,8533,8534,8535,-9706]],"id":3248},{"properties":{"hex_id":"8829a565c3fffff"},"type":"Polygon","arcs":[[8536,8537,8538,8539]],"id":3249},{"properties":{"hex_id":"8829a0a527fffff"},"type":"Polygon","arcs":[[8540,-8885,8541,-8739,8542,8543]],"id":3250},{"properties":{"hex_id":"8829a1d0a1fffff"},"type":"Polygon","arcs":[[8544,8545,8546,-10423,8547,8548]],"id":3251},{"properties":{"hex_id":"8829a1896bfffff"},"type":"Polygon","arcs":[[8549,8550,8551,8552,8553,8554]],"id":3252},{"properties":{"hex_id":"8829a569adfffff"},"type":"Polygon","arcs":[[8555,8556,8557,8558,8559,8560]],"id":3253},{"properties":{"hex_id":"8829a18b13fffff"},"type":"Polygon","arcs":[[8561,8562,8563,8564,8565,-9351]],"id":3254},{"properties":{"hex_id":"8829a1d0c9fffff"},"type":"Polygon","arcs":[[-9949,8566,8567,8568,8569,8570]],"id":3255},{"properties":{"hex_id":"8829a18e11fffff"},"type":"Polygon","arcs":[[8571,8572,8573,8574,8575]],"id":3256},{"properties":{"hex_id":"8829a19b63fffff"},"type":"Polygon","arcs":[[8576,8577,-9263,8578,8579,8580]],"id":3257},{"properties":{"hex_id":"8829a1d6c5fffff"},"type":"Polygon","arcs":[[8581,8582,8583,8584,8585,8586]],"id":3258},{"properties":{"hex_id":"8829a0ac0bfffff"},"type":"Polygon","arcs":[[8587,8588,8589,-10389,8590,8591]],"id":3259},{"properties":{"hex_id":"8829a56e29fffff"},"type":"Polygon","arcs":[[8592,8593,8594,8595,8596,-10032]],"id":3260},{"properties":{"hex_id":"8829a56117fffff"},"type":"Polygon","arcs":[[8597,8598,8599,8600,8601,8602]],"id":3261},{"properties":{"hex_id":"8829a5688dfffff"},"type":"Polygon","arcs":[[8603,8604,8605,-10586,8606,8607]],"id":3262},{"properties":{"hex_id":"8829a19933fffff"},"type":"Polygon","arcs":[[-8865,8608,-8766,8609,8610,8611]],"id":3263},{"properties":{"hex_id":"8829a0ad91fffff"},"type":"Polygon","arcs":[[-9003,8612,8613,-9715,8614,8615]],"id":3264},{"properties":{"hex_id":"8829a56805fffff"},"type":"Polygon","arcs":[[8616,8617,8618,8619,8620,8621]],"id":3265},{"properties":{"hex_id":"8829a560b9fffff"},"type":"Polygon","arcs":[[-8974,8622,8623,-10321,-8859,8624]],"id":3266},{"properties":{"hex_id":"8829a1d5a1fffff"},"type":"Polygon","arcs":[[8625,8626,8627,8628,8629,8630]],"id":3267},{"properties":{"hex_id":"8829a1d487fffff"},"type":"Polygon","arcs":[[8631,8632,8633]],"id":3268},{"properties":{"hex_id":"8829a18365fffff"},"type":"Polygon","arcs":[[8634,8635,8636,8637,8638]],"id":3269},{"properties":{"hex_id":"8829a18965fffff"},"type":"Polygon","arcs":[[8639,8640,-9891,-9213,8641,8642]],"id":3270},{"properties":{"hex_id":"8829a1d8e5fffff"},"type":"Polygon","arcs":[[8643,8644,8645,8646,8647,8648]],"id":3271},{"properties":{"hex_id":"8829a1441dfffff"},"type":"Polygon","arcs":[[8649,8650,8651,8652,8653,8654]],"id":3272},{"properties":{"hex_id":"8829a56427fffff"},"type":"Polygon","arcs":[[8655,8656,8657,8658]],"id":3273},{"properties":{"hex_id":"8829a0a6e9fffff"},"type":"Polygon","arcs":[[8659,8660,8661,8662]],"id":3274},{"properties":{"hex_id":"8829a561b9fffff"},"type":"Polygon","arcs":[[-9734,-9512,8663,8664,8665]],"id":3275},{"properties":{"hex_id":"8829a56e09fffff"},"type":"Polygon","arcs":[[8666,8667,8668,8669,8670,8671]],"id":3276},{"properties":{"hex_id":"8829a18f5dfffff"},"type":"Polygon","arcs":[[8672,8673,8674,8675,-10282,8676]],"id":3277},{"properties":{"hex_id":"8829a1d583fffff"},"type":"Polygon","arcs":[[8677,8678,8679,8680,8681,8682]],"id":3278},{"properties":{"hex_id":"8829a0aeebfffff"},"type":"Polygon","arcs":[[8683,8684,8685,8686,8687]],"id":3279},{"properties":{"hex_id":"8829a18f63fffff"},"type":"Polygon","arcs":[[8688,8689,8690,8691,8692,8693]],"id":3280},{"properties":{"hex_id":"8829a112cdfffff"},"type":"Polygon","arcs":[[8694,8695,8696,8697,-9727,8698]],"id":3281},{"properties":{"hex_id":"8829a1da51fffff"},"type":"Polygon","arcs":[[8699,8700,8701,8702,8703,-9981]],"id":3282},{"properties":{"hex_id":"8829a18f57fffff"},"type":"Polygon","arcs":[[8704,8705,8706,8707,8708,8709]],"id":3283},{"properties":{"hex_id":"8829a1104bfffff"},"type":"Polygon","arcs":[[8710,8711,8712,8713,8714,8715]],"id":3284},{"properties":{"hex_id":"8829a1d745fffff"},"type":"Polygon","arcs":[[8716,-10877,8717,-10517,8718,8719]],"id":3285},{"properties":{"hex_id":"8829a56e1dfffff"},"type":"Polygon","arcs":[[8720,8721,8722,8723,8724,8725]],"id":3286},{"properties":{"hex_id":"8829a1d55dfffff"},"type":"Polygon","arcs":[[8726,8727,8728,8729,8730,8731]],"id":3287},{"properties":{"hex_id":"8829a5686bfffff"},"type":"Polygon","arcs":[[8732,8733,8734,8735,8736,8737]],"id":3288},{"properties":{"hex_id":"8829a0aecdfffff"},"type":"Polygon","arcs":[[8738,8739,-9300,8740,8741,8742]],"id":3289},{"properties":{"hex_id":"8829a1830dfffff"},"type":"Polygon","arcs":[[-11210,8743,8744,8745]],"id":3290},{"properties":{"hex_id":"8829a1c235fffff"},"type":"Polygon","arcs":[[8746,-11410,-10797,-9710,8747,8748]],"id":3291},{"properties":{"hex_id":"8829a115e5fffff"},"type":"Polygon","arcs":[[-10263,8749,8750,8751,8752,8753]],"id":3292},{"properties":{"hex_id":"8829a1c73bfffff"},"type":"Polygon","arcs":[[8754,8755,8756,8757,8758,8759]],"id":3293},{"properties":{"hex_id":"8829a199e5fffff"},"type":"Polygon","arcs":[[8760,8761,8762,8763,8764,8765]],"id":3294},{"properties":{"hex_id":"8829a11523fffff"},"type":"Polygon","arcs":[[-9500,8766,8767,8768,8769,8770]],"id":3295},{"properties":{"hex_id":"8829a56583fffff"},"type":"Polygon","arcs":[[8771,8772,8773,8774,-9994,8775]],"id":3296},{"properties":{"hex_id":"8829a18ac7fffff"},"type":"Polygon","arcs":[[8776,-10768,8777,8778,8779]],"id":3297},{"properties":{"hex_id":"8829a1d647fffff"},"type":"Polygon","arcs":[[8780,8781,-9234,8782,8783,8784]],"id":3298},{"properties":{"hex_id":"8829a18835fffff"},"type":"Polygon","arcs":[[8785,8786,8787,8788,8789,-10213]],"id":3299},{"properties":{"hex_id":"8829a1d4c3fffff"},"type":"Polygon","arcs":[[-10918,8790,8791,8792]],"id":3300},{"properties":{"hex_id":"8829a10669fffff"},"type":"Polygon","arcs":[[-9613,8793,8794,8795,8796,-11070]],"id":3301},{"properties":{"hex_id":"8829a18f2bfffff"},"type":"Polygon","arcs":[[8797,8798,8799,8800,-9356,8801]],"id":3302},{"properties":{"hex_id":"8829a56217fffff"},"type":"Polygon","arcs":[[8802,8803,-9620,-8934,8804,8805]],"id":3303},{"properties":{"hex_id":"8829a1899bfffff"},"type":"Polygon","arcs":[[-10387,8806,8807,8808,-11491,-11367]],"id":3304},{"properties":{"hex_id":"8829a1c303fffff"},"type":"Polygon","arcs":[[-11380,8809,8810,8811,8812,8813]],"id":3305},{"properties":{"hex_id":"8829a18827fffff"},"type":"Polygon","arcs":[[8814,-10215,8815,8816,8817,8818]],"id":3306},{"properties":{"hex_id":"8829a1034bfffff"},"type":"Polygon","arcs":[[8819,8820,8821,8822,8823]],"id":3307},{"properties":{"hex_id":"8829a1d44bfffff"},"type":"Polygon","arcs":[[8824,8825,8826,8827,8828,-10407]],"id":3308},{"properties":{"hex_id":"8829a56859fffff"},"type":"Polygon","arcs":[[8829,8830,8831,-8898,8832,8833]],"id":3309},{"properties":{"hex_id":"8829a1d847fffff"},"type":"Polygon","arcs":[[8834,8835,-10961,8836,8837,8838]],"id":3310},{"properties":{"hex_id":"8829a18a3bfffff"},"type":"Polygon","arcs":[[8839,8840,8841,8842,8843,8844]],"id":3311},{"properties":{"hex_id":"8829a56f25fffff"},"type":"Polygon","arcs":[[8845,8846,8847,8848,8849,8850]],"id":3312},{"properties":{"hex_id":"8829a189d9fffff"},"type":"Polygon","arcs":[[8851,8852,8853,8854,8855,8856]],"id":3313},{"properties":{"hex_id":"8829a560bdfffff"},"type":"Polygon","arcs":[[8857,8858,-10325,8859,8860,8861]],"id":3314},{"properties":{"hex_id":"8829a1993bfffff"},"type":"Polygon","arcs":[[-10642,8862,8863,8864,8865,8866]],"id":3315},{"properties":{"hex_id":"8829a56b17fffff"},"type":"Polygon","arcs":[[8867,8868,8869,8870,8871]],"id":3316},{"properties":{"hex_id":"8829a18b27fffff"},"type":"Polygon","arcs":[[-9522,8872,8873,8874,8875,8876]],"id":3317},{"properties":{"hex_id":"8829a1c6a3fffff"},"type":"Polygon","arcs":[[8877,8878,8879,8880]],"id":3318},{"properties":{"hex_id":"8829a0a523fffff"},"type":"Polygon","arcs":[[8881,-10893,8882,8883,8884,8885]],"id":3319},{"properties":{"hex_id":"8829a1d4d9fffff"},"type":"Polygon","arcs":[[8886,8887,-9973,8888,8889,8890]],"id":3320},{"properties":{"hex_id":"8829a0add5fffff"},"type":"Polygon","arcs":[[8891,8892,8893,8894,8895,8896]],"id":3321},{"properties":{"hex_id":"8829a56851fffff"},"type":"Polygon","arcs":[[8897,8898,8899,8900,8901,8902]],"id":3322},{"properties":{"hex_id":"8829a18e0dfffff"},"type":"Polygon","arcs":[[8903,8904,8905,-9704,8906,8907]],"id":3323},{"properties":{"hex_id":"8829a0ade9fffff"},"type":"Polygon","arcs":[[8908,8909,8910,8911,8912]],"id":3324},{"properties":{"hex_id":"8829a18b19fffff"},"type":"Polygon","arcs":[[8913,8914,8915,-9349,8916,8917]],"id":3325},{"properties":{"hex_id":"8829a1414dfffff"},"type":"Polygon","arcs":[[-10557,8918]],"id":3326},{"properties":{"hex_id":"8829a1d1a1fffff"},"type":"Polygon","arcs":[[8919,8920,8921,8922,8923,8924]],"id":3327},{"properties":{"hex_id":"8829a565abfffff"},"type":"Polygon","arcs":[[-9997,8925,-9301,8926]],"id":3328},{"properties":{"hex_id":"8829a19867fffff"},"type":"Polygon","arcs":[[8927,8928,8929,8930,8931,8932]],"id":3329},{"properties":{"hex_id":"8829a562edfffff"},"type":"Polygon","arcs":[[8933,-9619,8934,8935,8936,8937]],"id":3330},{"properties":{"hex_id":"8829a1d2e7fffff"},"type":"Polygon","arcs":[[8938,8939,8940,8941,8942,8943]],"id":3331},{"properties":{"hex_id":"8829a5655bfffff"},"type":"Polygon","arcs":[[8944,8945,8946,8947,8948]],"id":3332},{"properties":{"hex_id":"8829a15483fffff"},"type":"Polygon","arcs":[[8949,8950,8951]],"id":3333},{"properties":{"hex_id":"8829a19aabfffff"},"type":"Polygon","arcs":[[8952,8953,8954,8955,8956]],"id":3334},{"properties":{"hex_id":"8829a14463fffff"},"type":"Polygon","arcs":[[8957,8958,8959,8960,8961]],"id":3335},{"properties":{"hex_id":"8829a19b1bfffff"},"type":"Polygon","arcs":[[-10503,8962,8963,8964,8965,8966]],"id":3336},{"properties":{"hex_id":"8829a199dbfffff"},"type":"Polygon","arcs":[[8967,8968,8969,8970,-10686,8971]],"id":3337},{"properties":{"hex_id":"8829a56083fffff"},"type":"Polygon","arcs":[[-11226,-9926,8972,8973,8974,-11156]],"id":3338},{"properties":{"hex_id":"8829a0a437fffff"},"type":"Polygon","arcs":[[8975,8976,8977,8978,8979]],"id":3339},{"properties":{"hex_id":"8829a1469dfffff"},"type":"Polygon","arcs":[[8980,8981,8982,8983,8984,-11213]],"id":3340},{"properties":{"hex_id":"8829a56281fffff"},"type":"Polygon","arcs":[[8985,8986,-8990,8987]],"id":3341},{"properties":{"hex_id":"8829a56285fffff"},"type":"Polygon","arcs":[[8988,8989,8990,8991,8992,8993]],"id":3342},{"properties":{"hex_id":"8829a56ad5fffff"},"type":"Polygon","arcs":[[8994,-10008,8995,8996,8997,8998]],"id":3343},{"properties":{"hex_id":"8829a0ad99fffff"},"type":"Polygon","arcs":[[8999,9000,9001,9002,9003,9004]],"id":3344},{"properties":{"hex_id":"8829a0a531fffff"},"type":"Polygon","arcs":[[9005,9006,9007,-10495,9008,-10891]],"id":3345},{"properties":{"hex_id":"8829a1c333fffff"},"type":"Polygon","arcs":[[9009,9010,9011,9012,9013]],"id":3346},{"properties":{"hex_id":"8829a1d1e1fffff"},"type":"Polygon","arcs":[[9014,9015,9016,9017,9018,9019]],"id":3347},{"properties":{"hex_id":"8829a1c741fffff"},"type":"Polygon","arcs":[[-9848,9020,9021,9022,9023]],"id":3348},{"properties":{"hex_id":"8829a560dbfffff"},"type":"Polygon","arcs":[[9024,9025,9026,9027,9028,9029]],"id":3349},{"properties":{"hex_id":"8829a18897fffff"},"type":"Polygon","arcs":[[9030,9031,9032,9033,9034,9035]],"id":3350},{"properties":{"hex_id":"8829a142c3fffff"},"type":"Polygon","arcs":[[9036,9037,-10695,9038,-9795,9039]],"id":3351},{"properties":{"hex_id":"8829a1d0bdfffff"},"type":"Polygon","arcs":[[9040,9041,9042,9043,9044,9045]],"id":3352},{"properties":{"hex_id":"8829a1d22bfffff"},"type":"Polygon","arcs":[[9046,9047,-11175,9048,9049,9050]],"id":3353},{"properties":{"hex_id":"8829a19909fffff"},"type":"Polygon","arcs":[[9051,9052,-9342,-10838,9053,9054]],"id":3354},{"properties":{"hex_id":"8829a10963fffff"},"type":"Polygon","arcs":[[9055,9056,9057,9058,9059]],"id":3355},{"properties":{"hex_id":"8829a1131dfffff"},"type":"Polygon","arcs":[[9060,9061,9062,9063,9064]],"id":3356},{"properties":{"hex_id":"8829a1c055fffff"},"type":"Polygon","arcs":[[9065,9066,9067,9068,9069,9070]],"id":3357},{"properties":{"hex_id":"8829a56919fffff"},"type":"Polygon","arcs":[[9071,-9440,9072,9073,9074,9075]],"id":3358},{"properties":{"hex_id":"8829a56ec1fffff"},"type":"Polygon","arcs":[[9076,-11476,-9325,9077,9078,9079]],"id":3359},{"properties":{"hex_id":"8829a146a9fffff"},"type":"Polygon","arcs":[[9080,-9590,9081,9082]],"id":3360},{"properties":{"hex_id":"8829a1d059fffff"},"type":"Polygon","arcs":[[9083,9084,-10126,9085,9086]],"id":3361},{"properties":{"hex_id":"8829a18e27fffff"},"type":"Polygon","arcs":[[-9412,9087,9088,9089,9090,9091]],"id":3362},{"properties":{"hex_id":"8829a18907fffff"},"type":"Polygon","arcs":[[9092,9093,9094,9095,9096,9097]],"id":3363},{"properties":{"hex_id":"8829a1da01fffff"},"type":"Polygon","arcs":[[9098,9099,9100,9101,-9699,9102]],"id":3364},{"properties":{"hex_id":"8829a1d463fffff"},"type":"Polygon","arcs":[[9103,9104,9105,9106,9107,9108]],"id":3365},{"properties":{"hex_id":"8829a19b2bfffff"},"type":"Polygon","arcs":[[-9261,9109,9110,9111,9112,9113]],"id":3366},{"properties":{"hex_id":"8829a198c7fffff"},"type":"Polygon","arcs":[[9114,9115,9116,9117,9118,9119]],"id":3367},{"properties":{"hex_id":"8829a18321fffff"},"type":"Polygon","arcs":[[9120,9121,9122,9123,9124]],"id":3368},{"properties":{"hex_id":"8829a111b9fffff"},"type":"Polygon","arcs":[[9125,9126,9127]],"id":3369},{"properties":{"hex_id":"8829a0a59dfffff"},"type":"Polygon","arcs":[[9128,-9807,9129,9130,9131,-9938]],"id":3370},{"properties":{"hex_id":"8829a1c367fffff"},"type":"Polygon","arcs":[[-9758,9132,9133,9134,9135,9136]],"id":3371},{"properties":{"hex_id":"8829a56c13fffff"},"type":"Polygon","arcs":[[9137,9138,9139,9140,9141,-9311]],"id":3372},{"properties":{"hex_id":"8829a1d663fffff"},"type":"Polygon","arcs":[[9142,9143,9144,9145,9146,9147]],"id":3373},{"properties":{"hex_id":"8829a199abfffff"},"type":"Polygon","arcs":[[9148,9149,9150,9151,-10565,-10789]],"id":3374},{"properties":{"hex_id":"8829a19827fffff"},"type":"Polygon","arcs":[[-10772,9152,9153,9154,9155,9156]],"id":3375},{"properties":{"hex_id":"8829a18193fffff"},"type":"Polygon","arcs":[[9157,9158,9159,9160,-10000,9161]],"id":3376},{"properties":{"hex_id":"8829a1d735fffff"},"type":"Polygon","arcs":[[9162,9163,9164,9165,9166,9167]],"id":3377},{"properties":{"hex_id":"8829a56c57fffff"},"type":"Polygon","arcs":[[9168,9169,9170,9171,-10928,9172]],"id":3378},{"properties":{"hex_id":"8829a56527fffff"},"type":"Polygon","arcs":[[9173,9174,9175,9176,9177,9178]],"id":3379},{"properties":{"hex_id":"8829a19b27fffff"},"type":"Polygon","arcs":[[9179,9180,9181,-10462,-10845,9182]],"id":3380},{"properties":{"hex_id":"8829a18863fffff"},"type":"Polygon","arcs":[[9183,9184,9185,9186,9187,9188]],"id":3381},{"properties":{"hex_id":"8829a146c3fffff"},"type":"Polygon","arcs":[[9189,9190]],"id":3382},{"properties":{"hex_id":"8829a56e61fffff"},"type":"Polygon","arcs":[[9191,9192,9193,-10030,9194,9195]],"id":3383},{"properties":{"hex_id":"8829a17341fffff"},"type":"Polygon","arcs":[[9196,9197,9198,9199,9200,9201]],"id":3384},{"properties":{"hex_id":"8829a11359fffff"},"type":"Polygon","arcs":[[9202,9203,9204,9205,9206,9207]],"id":3385},{"properties":{"hex_id":"8829a56a9bfffff"},"type":"Polygon","arcs":[[9208,9209,9210,9211]],"id":3386},{"properties":{"hex_id":"8829a1c65bfffff"},"type":"Polygon","arcs":[[9212,-9890,9213,9214,9215,9216]],"id":3387},{"properties":{"hex_id":"8829a1d907fffff"},"type":"Polygon","arcs":[[9217,9218,9219,9220,9221,9222]],"id":3388},{"properties":{"hex_id":"8829a1da35fffff"},"type":"Polygon","arcs":[[9223,9224,9225,9226,-10752,9227]],"id":3389},{"properties":{"hex_id":"8829a1d609fffff"},"type":"Polygon","arcs":[[9228,9229,9230,9231,9232,9233]],"id":3390},{"properties":{"hex_id":"8829a1d719fffff"},"type":"Polygon","arcs":[[9234,9235,9236,9237,9238,9239]],"id":3391},{"properties":{"hex_id":"8829a56c01fffff"},"type":"Polygon","arcs":[[9240,-10931,9241,9242,9243,9244]],"id":3392},{"properties":{"hex_id":"8829a186e5fffff"},"type":"Polygon","arcs":[[9245,9246,9247,9248,9249,9250]],"id":3393},{"properties":{"hex_id":"8829a188cbfffff"},"type":"Polygon","arcs":[[9251,9252,9253,9254,9255,9256]],"id":3394},{"properties":{"hex_id":"8829a19b05fffff"},"type":"Polygon","arcs":[[9257,9258,9259,9260,9261,9262]],"id":3395},{"properties":{"hex_id":"8829a1d68dfffff"},"type":"Polygon","arcs":[[9263,9264,9265,9266,9267,9268]],"id":3396},{"properties":{"hex_id":"8829a56147fffff"},"type":"Polygon","arcs":[[9269,9270,9271,9272,9273,9274]],"id":3397},{"properties":{"hex_id":"8829a56229fffff"},"type":"Polygon","arcs":[[9275,9276,9277]],"id":3398},{"properties":{"hex_id":"8829a18e0bfffff"},"type":"Polygon","arcs":[[9278,9279,9280,9281,9282,9283]],"id":3399},{"properties":{"hex_id":"8829a14693fffff"},"type":"Polygon","arcs":[[-10661,9284,9285,9286,9287,9288]],"id":3400},{"properties":{"hex_id":"8829a115d5fffff"},"type":"Polygon","arcs":[[9289,9290,9291,9292,9293]],"id":3401},{"properties":{"hex_id":"8829a0aec1fffff"},"type":"Polygon","arcs":[[9294,9295,9296,9297,9298,9299]],"id":3402},{"properties":{"hex_id":"8829a565a3fffff"},"type":"Polygon","arcs":[[9300,9301,9302]],"id":3403},{"properties":{"hex_id":"8829a19b51fffff"},"type":"Polygon","arcs":[[9303,9304,9305,9306,9307]],"id":3404},{"properties":{"hex_id":"8829a56c11fffff"},"type":"Polygon","arcs":[[9308,9309,9310,9311,9312,9313]],"id":3405},{"properties":{"hex_id":"8829a562b1fffff"},"type":"Polygon","arcs":[[9314,9315,9316,9317,9318,9319]],"id":3406},{"properties":{"hex_id":"8829a56ec3fffff"},"type":"Polygon","arcs":[[-11475,9320,9321,9322,9323,9324]],"id":3407},{"properties":{"hex_id":"8829a18d09fffff"},"type":"Polygon","arcs":[[9325,9326,9327,9328,9329,9330]],"id":3408},{"properties":{"hex_id":"8829a189c1fffff"},"type":"Polygon","arcs":[[9331,9332,9333,9334,9335,9336]],"id":3409},{"properties":{"hex_id":"8829a1990bfffff"},"type":"Polygon","arcs":[[9337,9338,9339,9340,-10839,9341]],"id":3410},{"properties":{"hex_id":"8829a18f01fffff"},"type":"Polygon","arcs":[[9342,9343,9344,9345,9346,9347]],"id":3411},{"properties":{"hex_id":"8829a18b11fffff"},"type":"Polygon","arcs":[[9348,9349,9350,9351,9352,9353]],"id":3412},{"properties":{"hex_id":"8829a18f21fffff"},"type":"Polygon","arcs":[[9354,9355,9356,-9644,9357,9358]],"id":3413},{"properties":{"hex_id":"8829a19b65fffff"},"type":"Polygon","arcs":[[9359,9360,9361,-10310,9362,9363]],"id":3414},{"properties":{"hex_id":"8829a155ebfffff"},"type":"Polygon","arcs":[[9364,-10193,9365,9366,9367,9368]],"id":3415},{"properties":{"hex_id":"8829a10209fffff"},"type":"Polygon","arcs":[[9369,9370,9371,9372,-11468,9373]],"id":3416},{"properties":{"hex_id":"8829a56c81fffff"},"type":"Polygon","arcs":[[9374,9375,9376,9377,9378,9379]],"id":3417},{"properties":{"hex_id":"8829a578b1fffff"},"type":"Polygon","arcs":[[9380,9381,9382,-11445,9383,9384]],"id":3418},{"properties":{"hex_id":"8829a1021bfffff"},"type":"Polygon","arcs":[[9385,9386,9387,9388,9389,9390]],"id":3419},{"properties":{"hex_id":"8829a18a23fffff"},"type":"Polygon","arcs":[[9391,9392,9393,9394,-9639,9395]],"id":3420},{"properties":{"hex_id":"8829a56d41fffff"},"type":"Polygon","arcs":[[9396,9397,9398,9399,9400,9401]],"id":3421},{"properties":{"hex_id":"8829a1db47fffff"},"type":"Polygon","arcs":[[9402,9403,9404,9405,9406,9407]],"id":3422},{"properties":{"hex_id":"8829a18e21fffff"},"type":"Polygon","arcs":[[9408,9409,9410,9411,9412,9413]],"id":3423},{"properties":{"hex_id":"8829a1d319fffff"},"type":"Polygon","arcs":[[9414,9415,9416,9417,9418,9419]],"id":3424},{"properties":{"hex_id":"8829a56aa5fffff"},"type":"Polygon","arcs":[[-10074,9420,9421,9422,9423,9424]],"id":3425},{"properties":{"hex_id":"8829a1d1c7fffff"},"type":"Polygon","arcs":[[9425,-9690,9426,-10055,9427,9428]],"id":3426},{"properties":{"hex_id":"8829a56d89fffff"},"type":"Polygon","arcs":[[9429,9430,9431,9432,9433,9434]],"id":3427},{"properties":{"hex_id":"8829a56825fffff"},"type":"Polygon","arcs":[[9435,9436,9437,9438,9439,9440]],"id":3428},{"properties":{"hex_id":"8829a198edfffff"},"type":"Polygon","arcs":[[9441,9442,9443,9444,9445,9446]],"id":3429},{"properties":{"hex_id":"8829a18c47fffff"},"type":"Polygon","arcs":[[9447,9448,9449,9450,9451,9452]],"id":3430},{"properties":{"hex_id":"8829a5693dfffff"},"type":"Polygon","arcs":[[9453,9454,9455,9456,9457]],"id":3431},{"properties":{"hex_id":"8829a03641fffff"},"type":"Polygon","arcs":[[9458,9459,9460,-10150,9461,9462]],"id":3432},{"properties":{"hex_id":"8829a1dab7fffff"},"type":"Polygon","arcs":[[9463,9464,9465,9466,9467,9468]],"id":3433},{"properties":{"hex_id":"8829a18333fffff"},"type":"Polygon","arcs":[[9469,9470,9471,9472]],"id":3434},{"properties":{"hex_id":"8829a1db4bfffff"},"type":"Polygon","arcs":[[9473,9474,9475,9476,9477,-9899]],"id":3435},{"properties":{"hex_id":"8829a18c2bfffff"},"type":"Polygon","arcs":[[9478,9479,9480,9481,9482,9483]],"id":3436},{"properties":{"hex_id":"8829a1d26dfffff"},"type":"Polygon","arcs":[[9484,9485,9486,9487,9488,9489]],"id":3437},{"properties":{"hex_id":"8829a1d949fffff"},"type":"Polygon","arcs":[[9490,9491,9492,9493,9494,9495]],"id":3438},{"properties":{"hex_id":"8829a1152bfffff"},"type":"Polygon","arcs":[[9496,9497,9498,9499,9500,9501]],"id":3439},{"properties":{"hex_id":"8829a1d91bfffff"},"type":"Polygon","arcs":[[9502,9503,9504,-10106,9505,9506]],"id":3440},{"properties":{"hex_id":"8829a561bbfffff"},"type":"Polygon","arcs":[[-9733,9507,9508,9509,9510,9511]],"id":3441},{"properties":{"hex_id":"8829a18959fffff"},"type":"Polygon","arcs":[[9512,9513,9514,9515,9516,9517]],"id":3442},{"properties":{"hex_id":"8829a18b21fffff"},"type":"Polygon","arcs":[[9518,9519,9520,9521,9522,9523]],"id":3443},{"properties":{"hex_id":"8829a1d705fffff"},"type":"Polygon","arcs":[[9524,9525,9526,9527,9528,-10327]],"id":3444},{"properties":{"hex_id":"8829a199e3fffff"},"type":"Polygon","arcs":[[9529,9530,9531,-10787,9532,9533]],"id":3445},{"properties":{"hex_id":"8829a19913fffff"},"type":"Polygon","arcs":[[9534,9535,9536,9537,9538,9539]],"id":3446},{"properties":{"hex_id":"8829a1d651fffff"},"type":"Polygon","arcs":[[9540,-11010,9541,9542,9543,9544]],"id":3447},{"properties":{"hex_id":"8829a0a4c3fffff"},"type":"Polygon","arcs":[[9545,9546,9547,9548]],"id":3448},{"properties":{"hex_id":"8829a0a5adfffff"},"type":"Polygon","arcs":[[9549,9550,9551,9552,9553,9554]],"id":3449},{"properties":{"hex_id":"8829a568d9fffff"},"type":"Polygon","arcs":[[-9965,9555,9556,9557,9558,9559]],"id":3450},{"properties":{"hex_id":"8829a0a4a7fffff"},"type":"Polygon","arcs":[[9560,-10046,9561,9562,9563,9564]],"id":3451},{"properties":{"hex_id":"8829a56f47fffff"},"type":"Polygon","arcs":[[9565,9566,9567,9568,9569]],"id":3452},{"properties":{"hex_id":"8829a11061fffff"},"type":"Polygon","arcs":[[9570,-10019,9571,9572,9573]],"id":3453},{"properties":{"hex_id":"8829a1c267fffff"},"type":"Polygon","arcs":[[9574,9575,9576,9577,9578,9579]],"id":3454},{"properties":{"hex_id":"8829a1d733fffff"},"type":"Polygon","arcs":[[9580,9581,-10415,9582,9583,9584]],"id":3455},{"properties":{"hex_id":"8829a146abfffff"},"type":"Polygon","arcs":[[9585,-11016,9586,9587,9588,9589]],"id":3456},{"properties":{"hex_id":"8829a1c6a9fffff"},"type":"Polygon","arcs":[[9590,9591,9592,9593]],"id":3457},{"properties":{"hex_id":"8829a1d18bfffff"},"type":"Polygon","arcs":[[9594,9595,9596,9597,9598,9599]],"id":3458},{"properties":{"hex_id":"8829a1d749fffff"},"type":"Polygon","arcs":[[9600,9601,-10873,9602,-11451]],"id":3459},{"properties":{"hex_id":"8829a56709fffff"},"type":"Polygon","arcs":[[9603,9604,9605,9606,9607,9608]],"id":3460},{"properties":{"hex_id":"8829a11593fffff"},"type":"Polygon","arcs":[[9609,9610,9611,9612,-11069,9613]],"id":3461},{"properties":{"hex_id":"8829a562e9fffff"},"type":"Polygon","arcs":[[9614,9615,9616,9617,9618,9619]],"id":3462},{"properties":{"hex_id":"8829a0a5c5fffff"},"type":"Polygon","arcs":[[9620,-11482,9621,9622,9623,9624]],"id":3463},{"properties":{"hex_id":"8829a56a63fffff"},"type":"Polygon","arcs":[[9625,9626,9627,9628,9629,9630]],"id":3464},{"properties":{"hex_id":"8829a0aea9fffff"},"type":"Polygon","arcs":[[9631,9632,9633,9634,9635,9636]],"id":3465},{"properties":{"hex_id":"8829a18a27fffff"},"type":"Polygon","arcs":[[9637,9638,9639,9640,9641,9642]],"id":3466},{"properties":{"hex_id":"8829a18f27fffff"},"type":"Polygon","arcs":[[9643,9644,-11364,9645,9646,9647]],"id":3467},{"properties":{"hex_id":"8829a56abbfffff"},"type":"Polygon","arcs":[[9648,9649,9650,-9962,9651,9652]],"id":3468},{"properties":{"hex_id":"8829a18b39fffff"},"type":"Polygon","arcs":[[9653,9654,9655,9656,9657,9658]],"id":3469},{"properties":{"hex_id":"8829a0ae95fffff"},"type":"Polygon","arcs":[[9659,9660,9661,9662,9663,9664]],"id":3470},{"properties":{"hex_id":"8829a56537fffff"},"type":"Polygon","arcs":[[9665,9666,9667,9668,-11473,9669]],"id":3471},{"properties":{"hex_id":"8829a1db05fffff"},"type":"Polygon","arcs":[[9670,9671,9672,9673,9674,9675]],"id":3472},{"properties":{"hex_id":"8829a1d917fffff"},"type":"Polygon","arcs":[[9676,-10109,9677,9678,9679]],"id":3473},{"properties":{"hex_id":"8829a1d50dfffff"},"type":"Polygon","arcs":[[9680,9681,9682,9683,-11390,9684]],"id":3474},{"properties":{"hex_id":"8829a1d1c3fffff"},"type":"Polygon","arcs":[[9685,9686,9687,9688,9689,9690]],"id":3475},{"properties":{"hex_id":"8829a56c2bfffff"},"type":"Polygon","arcs":[[9691,9692,9693,9694,9695,9696]],"id":3476},{"properties":{"hex_id":"8829a1da05fffff"},"type":"Polygon","arcs":[[9697,9698,9699,9700,9701,9702]],"id":3477},{"properties":{"hex_id":"8829a18e05fffff"},"type":"Polygon","arcs":[[9703,9704,9705,9706,9707,9708]],"id":3478},{"properties":{"hex_id":"8829a1c04bfffff"},"type":"Polygon","arcs":[[9709,-10796,9710,9711,9712,9713]],"id":3479},{"properties":{"hex_id":"8829a0ad97fffff"},"type":"Polygon","arcs":[[9714,9715,9716,-10775,9717,9718]],"id":3480},{"properties":{"hex_id":"8829a19b69fffff"},"type":"Polygon","arcs":[[9719,9720,9721,9722,9723,9724]],"id":3481},{"properties":{"hex_id":"8829a11213fffff"},"type":"Polygon","arcs":[[9725,9726,9727,9728,9729]],"id":3482},{"properties":{"hex_id":"8829a56195fffff"},"type":"Polygon","arcs":[[9730,9731,9732,9733,9734]],"id":3483},{"properties":{"hex_id":"8829a1120bfffff"},"type":"Polygon","arcs":[[9735,-10270,9736,9737,9738,9739]],"id":3484},{"properties":{"hex_id":"8829a18a83fffff"},"type":"Polygon","arcs":[[9740,9741,9742,-11383,9743,9744]],"id":3485},{"properties":{"hex_id":"8829a56e8dfffff"},"type":"Polygon","arcs":[[9745,9746,9747,9748,9749,9750]],"id":3486},{"properties":{"hex_id":"8829a1108bfffff"},"type":"Polygon","arcs":[[9751,9752,9753]],"id":3487},{"properties":{"hex_id":"8829a1c361fffff"},"type":"Polygon","arcs":[[9754,9755,9756,9757,9758,9759]],"id":3488},{"properties":{"hex_id":"8829a569e5fffff"},"type":"Polygon","arcs":[[9760,9761,9762,9763,9764,9765]],"id":3489},{"properties":{"hex_id":"8829a56543fffff"},"type":"Polygon","arcs":[[9766,9767,9768,9769,9770,9771]],"id":3490},{"properties":{"hex_id":"8829a19aadfffff"},"type":"Polygon","arcs":[[9772,9773,9774,9775,9776,9777]],"id":3491},{"properties":{"hex_id":"8829a56c97fffff"},"type":"Polygon","arcs":[[9778,9779,9780,9781,-10084,9782]],"id":3492},{"properties":{"hex_id":"8829a56a15fffff"},"type":"Polygon","arcs":[[9783,9784,9785,9786,-10935]],"id":3493},{"properties":{"hex_id":"8829a56cc3fffff"},"type":"Polygon","arcs":[[9787,9788,9789,9790,9791,9792]],"id":3494},{"properties":{"hex_id":"8829a142c7fffff"},"type":"Polygon","arcs":[[9793,9794,9795,9796,9797]],"id":3495},{"properties":{"hex_id":"8829a1d603fffff"},"type":"Polygon","arcs":[[9798,9799,9800,9801,9802,9803]],"id":3496},{"properties":{"hex_id":"8829a0a599fffff"},"type":"Polygon","arcs":[[9804,9805,9806,9807]],"id":3497},{"properties":{"hex_id":"8829a198a5fffff"},"type":"Polygon","arcs":[[9808,9809,9810,9811,9812]],"id":3498},{"properties":{"hex_id":"8829a11717fffff"},"type":"Polygon","arcs":[[9813,9814,9815,9816,9817,9818]],"id":3499},{"properties":{"hex_id":"8829a1d2abfffff"},"type":"Polygon","arcs":[[9819,9820,9821,-9946,9822,9823]],"id":3500},{"properties":{"hex_id":"8829a189a9fffff"},"type":"Polygon","arcs":[[9824,9825,9826,9827,9828]],"id":3501},{"properties":{"hex_id":"8829a1d281fffff"},"type":"Polygon","arcs":[[9829,-10657,-10988,9830,9831,9832]],"id":3502},{"properties":{"hex_id":"8829a1d32dfffff"},"type":"Polygon","arcs":[[9833,9834,9835]],"id":3503},{"properties":{"hex_id":"8829a18d21fffff"},"type":"Polygon","arcs":[[9836,9837,-10909,9838,9839,-11122]],"id":3504},{"properties":{"hex_id":"8829a1d317fffff"},"type":"Polygon","arcs":[[9840,9841,-10707,9842,9843,-10097]],"id":3505},{"properties":{"hex_id":"8829a1c749fffff"},"type":"Polygon","arcs":[[9844,9845,9846,9847,9848,9849]],"id":3506},{"properties":{"hex_id":"8829a19819fffff"},"type":"Polygon","arcs":[[9850,9851,9852,9853,-10827,-10682]],"id":3507},{"properties":{"hex_id":"8829a145c5fffff"},"type":"Polygon","arcs":[[9854,9855,9856,9857,9858]],"id":3508},{"properties":{"hex_id":"8829a0a4e3fffff"},"type":"Polygon","arcs":[[9859,9860,9861,9862,9863,9864]],"id":3509},{"properties":{"hex_id":"8829a56d19fffff"},"type":"Polygon","arcs":[[9865,-10454,9866,9867,9868,9869]],"id":3510},{"properties":{"hex_id":"8829a56e5dfffff"},"type":"Polygon","arcs":[[9870,9871,9872,9873,9874]],"id":3511},{"properties":{"hex_id":"8829a1dacdfffff"},"type":"Polygon","arcs":[[9875,9876,-10632,9877,9878,9879]],"id":3512},{"properties":{"hex_id":"8829a1d75dfffff"},"type":"Polygon","arcs":[[9880,9881,9882,9883,-10067,9884]],"id":3513},{"properties":{"hex_id":"8829a18967fffff"},"type":"Polygon","arcs":[[9885,9886,9887,9888,9889,9890]],"id":3514},{"properties":{"hex_id":"8829a15599fffff"},"type":"Polygon","arcs":[[9891,9892,9893,9894,9895,9896]],"id":3515},{"properties":{"hex_id":"8829a1db49fffff"},"type":"Polygon","arcs":[[-10448,9897,9898,9899,9900,-11432]],"id":3516},{"properties":{"hex_id":"8829a1d853fffff"},"type":"Polygon","arcs":[[9901,9902,9903,9904,9905]],"id":3517},{"properties":{"hex_id":"8829a1856dfffff"},"type":"Polygon","arcs":[[9906,9907,9908,9909]],"id":3518},{"properties":{"hex_id":"8829a56887fffff"},"type":"Polygon","arcs":[[9910,9911,9912,9913,9914,-10588]],"id":3519},{"properties":{"hex_id":"8829a0a511fffff"},"type":"Polygon","arcs":[[9915,9916,9917,9918,9919,9920]],"id":3520},{"properties":{"hex_id":"8829a5609dfffff"},"type":"Polygon","arcs":[[9921,9922,9923,9924,9925,-11225]],"id":3521},{"properties":{"hex_id":"8829a1d75bfffff"},"type":"Polygon","arcs":[[9926,9927,9928,9929,9930,9931]],"id":3522},{"properties":{"hex_id":"8829a18a6dfffff"},"type":"Polygon","arcs":[[9932,9933,9934,-10547,9935,9936]],"id":3523},{"properties":{"hex_id":"8829a0a58bfffff"},"type":"Polygon","arcs":[[9937,9938,9939,9940]],"id":3524},{"properties":{"hex_id":"8829a03605fffff"},"type":"Polygon","arcs":[[9941,9942,9943,9944]],"id":3525},{"properties":{"hex_id":"8829a1d2a3fffff"},"type":"Polygon","arcs":[[9945,9946,9947,9948,9949,9950]],"id":3526},{"properties":{"hex_id":"8829a569d7fffff"},"type":"Polygon","arcs":[[9951,9952,9953,9954,9955,9956]],"id":3527},{"properties":{"hex_id":"8829a0ae15fffff"},"type":"Polygon","arcs":[[9957,9958,9959,9960]],"id":3528},{"properties":{"hex_id":"8829a56ab3fffff"},"type":"Polygon","arcs":[[9961,9962,9963,9964,9965,9966]],"id":3529},{"properties":{"hex_id":"8829a1d4dbfffff"},"type":"Polygon","arcs":[[9967,9968,9969,9970,9971,9972]],"id":3530},{"properties":{"hex_id":"8829a0a423fffff"},"type":"Polygon","arcs":[[9973,9974,9975,9976,9977,9978]],"id":3531},{"properties":{"hex_id":"8829a1da5dfffff"},"type":"Polygon","arcs":[[9979,9980,9981,9982,9983]],"id":3532},{"properties":{"hex_id":"8829a0adadfffff"},"type":"Polygon","arcs":[[9984,9985,9986,9987,9988]],"id":3533},{"properties":{"hex_id":"8829a56955fffff"},"type":"Polygon","arcs":[[9989,9990,9991,9992]],"id":3534},{"properties":{"hex_id":"8829a56587fffff"},"type":"Polygon","arcs":[[9993,9994,9995,9996,9997]],"id":3535},{"properties":{"hex_id":"8829a18197fffff"},"type":"Polygon","arcs":[[9998,9999,10000,10001,10002,10003]],"id":3536},{"properties":{"hex_id":"8829a56ad1fffff"},"type":"Polygon","arcs":[[10004,10005,-10173,10006,10007,10008]],"id":3537},{"properties":{"hex_id":"8829a56f05fffff"},"type":"Polygon","arcs":[[10009,10010,10011,10012,10013,10014]],"id":3538},{"properties":{"hex_id":"8829a1106bfffff"},"type":"Polygon","arcs":[[10015,10016,10017,10018,10019]],"id":3539},{"properties":{"hex_id":"8829a14485fffff"},"type":"Polygon","arcs":[[10020,10021,10022,10023]],"id":3540},{"properties":{"hex_id":"8829a18405fffff"},"type":"Polygon","arcs":[[10024,10025,10026,10027,10028]],"id":3541},{"properties":{"hex_id":"8829a56e67fffff"},"type":"Polygon","arcs":[[10029,10030,10031,10032,10033,10034]],"id":3542},{"properties":{"hex_id":"8829a11207fffff"},"type":"Polygon","arcs":[[10035,10036,10037,10038,10039,10040]],"id":3543},{"properties":{"hex_id":"8829a0a4a3fffff"},"type":"Polygon","arcs":[[10041,10042,10043,10044,10045,10046]],"id":3544},{"properties":{"hex_id":"8829a1856bfffff"},"type":"Polygon","arcs":[[10047,-10168,10048,10049]],"id":3545},{"properties":{"hex_id":"8829a1d411fffff"},"type":"Polygon","arcs":[[10050,10051,10052,10053,-10458]],"id":3546},{"properties":{"hex_id":"8829a1d18dfffff"},"type":"Polygon","arcs":[[10054,10055,10056,10057,10058,10059]],"id":3547},{"properties":{"hex_id":"8829a18a03fffff"},"type":"Polygon","arcs":[[10060,10061,10062,10063,10064]],"id":3548},{"properties":{"hex_id":"8829a1d743fffff"},"type":"Polygon","arcs":[[10065,10066,10067,10068,10069,-10875]],"id":3549},{"properties":{"hex_id":"8829a56aadfffff"},"type":"Polygon","arcs":[[10070,10071,10072,10073,10074,10075]],"id":3550},{"properties":{"hex_id":"8829a19a3dfffff"},"type":"Polygon","arcs":[[10076,10077,10078,10079,10080,10081]],"id":3551},{"properties":{"hex_id":"8829a56cbbfffff"},"type":"Polygon","arcs":[[10082,10083,10084,10085,10086,10087]],"id":3552},{"properties":{"hex_id":"8829a1d0e7fffff"},"type":"Polygon","arcs":[[10088,10089,10090,10091,10092,10093]],"id":3553},{"properties":{"hex_id":"8829a1d315fffff"},"type":"Polygon","arcs":[[10094,10095,10096,10097,10098,10099]],"id":3554},{"properties":{"hex_id":"8829a1d347fffff"},"type":"Polygon","arcs":[[10100,10101,10102,10103,-11024,10104]],"id":3555},{"properties":{"hex_id":"8829a1d913fffff"},"type":"Polygon","arcs":[[10105,10106,-10119,10107,10108,10109]],"id":3556},{"properties":{"hex_id":"8829a18927fffff"},"type":"Polygon","arcs":[[10110,10111,-10669,10112,10113,10114]],"id":3557},{"properties":{"hex_id":"8829a1d9c5fffff"},"type":"Polygon","arcs":[[10115,10116,10117,10118]],"id":3558},{"properties":{"hex_id":"8829a19b03fffff"},"type":"Polygon","arcs":[[10119,10120,10121,10122,10123,10124]],"id":3559},{"properties":{"hex_id":"8829a1d051fffff"},"type":"Polygon","arcs":[[10125,10126,10127,10128,10129,10130]],"id":3560},{"properties":{"hex_id":"8829a56a5bfffff"},"type":"Polygon","arcs":[[10131,10132,10133,10134,10135,10136]],"id":3561},{"properties":{"hex_id":"8829a56a27fffff"},"type":"Polygon","arcs":[[10137,10138,10139,10140,10141,10142]],"id":3562},{"properties":{"hex_id":"8829a1882dfffff"},"type":"Polygon","arcs":[[10143,10144,10145,10146,10147,10148]],"id":3563},{"properties":{"hex_id":"8829a03647fffff"},"type":"Polygon","arcs":[[10149,10150,10151,10152,10153,10154]],"id":3564},{"properties":{"hex_id":"8829a1d1b5fffff"},"type":"Polygon","arcs":[[10155,10156,10157,10158,10159,10160]],"id":3565},{"properties":{"hex_id":"8829a0a6cbfffff"},"type":"Polygon","arcs":[[10161,10162,-10356,10163,10164,10165]],"id":3566},{"properties":{"hex_id":"8829a18547fffff"},"type":"Polygon","arcs":[[10166,10167,10168]],"id":3567},{"properties":{"hex_id":"8829a56ad3fffff"},"type":"Polygon","arcs":[[10169,10170,10171,10172]],"id":3568},{"properties":{"hex_id":"8829a11361fffff"},"type":"Polygon","arcs":[[10173,10174,10175,10176]],"id":3569},{"properties":{"hex_id":"8829a1da19fffff"},"type":"Polygon","arcs":[[10177,10178,10179,-11114,10180,10181]],"id":3570},{"properties":{"hex_id":"8829a1da6dfffff"},"type":"Polygon","arcs":[[10182,10183,10184,10185,10186,10187]],"id":3571},{"properties":{"hex_id":"8829a155c7fffff"},"type":"Polygon","arcs":[[10188,10189,10190,10191,10192,10193]],"id":3572},{"properties":{"hex_id":"8829a56a41fffff"},"type":"Polygon","arcs":[[-10296,10194,10195,10196,10197,10198]],"id":3573},{"properties":{"hex_id":"8829a198a9fffff"},"type":"Polygon","arcs":[[10199,10200,10201,10202,10203,10204]],"id":3574},{"properties":{"hex_id":"8829a0ac63fffff"},"type":"Polygon","arcs":[[10205,10206,10207,-11370,10208,10209]],"id":3575},{"properties":{"hex_id":"8829a18823fffff"},"type":"Polygon","arcs":[[10210,10211,10212,10213,10214,10215]],"id":3576},{"properties":{"hex_id":"8829a1d209fffff"},"type":"Polygon","arcs":[[10216,10217,-11332,10218,10219,10220]],"id":3577},{"properties":{"hex_id":"8829a1c20dfffff"},"type":"Polygon","arcs":[[10221,10222,10223,10224,10225,10226]],"id":3578},{"properties":{"hex_id":"8829a56219fffff"},"type":"Polygon","arcs":[[10227,10228,10229,10230,10231,10232]],"id":3579},{"properties":{"hex_id":"8829a0a693fffff"},"type":"Polygon","arcs":[[10233,10234,10235,10236,10237,10238]],"id":3580},{"properties":{"hex_id":"8829a1999dfffff"},"type":"Polygon","arcs":[[10239,10240,10241,10242,10243,10244]],"id":3581},{"properties":{"hex_id":"8829a0ace7fffff"},"type":"Polygon","arcs":[[10245,10246,10247,10248]],"id":3582},{"properties":{"hex_id":"8829a1c24dfffff"},"type":"Polygon","arcs":[[-10426,10249,10250,10251,10252,10253]],"id":3583},{"properties":{"hex_id":"8829a1d90dfffff"},"type":"Polygon","arcs":[[10254,10255,10256,10257,10258,10259]],"id":3584},{"properties":{"hex_id":"8829a115edfffff"},"type":"Polygon","arcs":[[-10376,10260,10261,10262,10263,10264]],"id":3585},{"properties":{"hex_id":"8829a11257fffff"},"type":"Polygon","arcs":[[10265,10266,10267,10268,10269,10270]],"id":3586},{"properties":{"hex_id":"8829a1c44bfffff"},"type":"Polygon","arcs":[[10271,10272,10273,10274]],"id":3587},{"properties":{"hex_id":"8829a1d061fffff"},"type":"Polygon","arcs":[[-10705,10275,10276,10277,10278,10279]],"id":3588},{"properties":{"hex_id":"8829a18f43fffff"},"type":"Polygon","arcs":[[10280,10281,10282,10283,10284,10285]],"id":3589},{"properties":{"hex_id":"8829a1d121fffff"},"type":"Polygon","arcs":[[10286,10287,10288,10289,10290,10291]],"id":3590},{"properties":{"hex_id":"8829a56a49fffff"},"type":"Polygon","arcs":[[10292,10293,10294,10295,10296,10297]],"id":3591},{"properties":{"hex_id":"8829a1d805fffff"},"type":"Polygon","arcs":[[10298,10299,10300,10301,10302]],"id":3592},{"properties":{"hex_id":"8829a18d63fffff"},"type":"Polygon","arcs":[[10303,10304,10305,10306,10307,10308]],"id":3593},{"properties":{"hex_id":"8829a56cdbfffff"},"type":"Polygon","arcs":[[10309,10310,-10950,10311,10312,10313]],"id":3594},{"properties":{"hex_id":"8829a562c1fffff"},"type":"Polygon","arcs":[[10314,10315,10316,10317,10318,10319]],"id":3595},{"properties":{"hex_id":"8829a560b1fffff"},"type":"Polygon","arcs":[[10320,10321,10322,10323,10324]],"id":3596},{"properties":{"hex_id":"8829a1d763fffff"},"type":"Polygon","arcs":[[-10520,10325,10326,10327,10328,10329]],"id":3597},{"properties":{"hex_id":"8829a0a6e3fffff"},"type":"Polygon","arcs":[[10330,10331,10332,10333,10334]],"id":3598},{"properties":{"hex_id":"8829a56a8dfffff"},"type":"Polygon","arcs":[[10335,10336,10337,10338,10339,10340]],"id":3599},{"properties":{"hex_id":"8829a56cedfffff"},"type":"Polygon","arcs":[[10341,10342,10343,-10806,10344,10345]],"id":3600},{"properties":{"hex_id":"8829a1d561fffff"},"type":"Polygon","arcs":[[10346,10347,-11394,-10581,10348,10349]],"id":3601},{"properties":{"hex_id":"8829a0a6ddfffff"},"type":"Polygon","arcs":[[10350,10351,10352,10353,10354,10355]],"id":3602},{"properties":{"hex_id":"8829a568a1fffff"},"type":"Polygon","arcs":[[10356,10357,10358,10359,10360,-10594]],"id":3603},{"properties":{"hex_id":"8829a1d61bfffff"},"type":"Polygon","arcs":[[10361,10362,10363,10364,-10605,10365]],"id":3604},{"properties":{"hex_id":"8829a145cbfffff"},"type":"Polygon","arcs":[[10366,10367,10368,10369,10370,10371]],"id":3605},{"properties":{"hex_id":"8829a11517fffff"},"type":"Polygon","arcs":[[10372,10373,10374,10375,10376,10377]],"id":3606},{"properties":{"hex_id":"8829a1d407fffff"},"type":"Polygon","arcs":[[10378,10379,10380,10381,10382,10383]],"id":3607},{"properties":{"hex_id":"8829a188a5fffff"},"type":"Polygon","arcs":[[-10624,10384,10385,10386,-11366,10387]],"id":3608},{"properties":{"hex_id":"8829a0ac03fffff"},"type":"Polygon","arcs":[[10388,10389,10390,10391,10392,10393]],"id":3609},{"properties":{"hex_id":"8829a568edfffff"},"type":"Polygon","arcs":[[10394,-10545,10395,10396,10397,10398]],"id":3610},{"properties":{"hex_id":"8829a56a55fffff"},"type":"Polygon","arcs":[[10399,10400,10401,10402,-10617,10403]],"id":3611},{"properties":{"hex_id":"8829a1d449fffff"},"type":"Polygon","arcs":[[10404,10405,10406,10407,-10922,10408]],"id":3612},{"properties":{"hex_id":"8829a1d465fffff"},"type":"Polygon","arcs":[[10409,10410,10411,10412,10413,10414]],"id":3613},{"properties":{"hex_id":"8829a198b1fffff"},"type":"Polygon","arcs":[[10415,10416,10417,-10652]],"id":3614},{"properties":{"hex_id":"8829a56d87fffff"},"type":"Polygon","arcs":[[10418,10419,10420,10421]],"id":3615},{"properties":{"hex_id":"8829a1d0a7fffff"},"type":"Polygon","arcs":[[10422,10423,10424,10425,10426,10427]],"id":3616},{"properties":{"hex_id":"8829a56e07fffff"},"type":"Polygon","arcs":[[10428,10429,10430,10431,10432,10433]],"id":3617},{"properties":{"hex_id":"8829a1d63dfffff"},"type":"Polygon","arcs":[[10434,10435,-11326,10436,10437,10438]],"id":3618},{"properties":{"hex_id":"8829a0acc9fffff"},"type":"Polygon","arcs":[[10439,10440,10441,10442,10443,10444]],"id":3619},{"properties":{"hex_id":"8829a0a5a3fffff"},"type":"Polygon","arcs":[[10445,-10533,10446,10447,-11431,10448]],"id":3620},{"properties":{"hex_id":"8829a56c25fffff"},"type":"Polygon","arcs":[[10449,10450,10451,10452,10453,10454]],"id":3621},{"properties":{"hex_id":"8829a1d41dfffff"},"type":"Polygon","arcs":[[10455,10456,10457,10458,10459,10460]],"id":3622},{"properties":{"hex_id":"8829a1994dfffff"},"type":"Polygon","arcs":[[10461,10462,10463,10464,10465,-10846]],"id":3623},{"properties":{"hex_id":"8829a1c34dfffff"},"type":"Polygon","arcs":[[10466,10467,10468,10469,10470,10471]],"id":3624},{"properties":{"hex_id":"8829a56991fffff"},"type":"Polygon","arcs":[[10472,10473,10474,10475,10476,10477]],"id":3625},{"properties":{"hex_id":"8829a1d0b3fffff"},"type":"Polygon","arcs":[[10478,10479,10480,10481,10482,10483]],"id":3626},{"properties":{"hex_id":"8829a0ada3fffff"},"type":"Polygon","arcs":[[10484,10485,10486,10487,10488,10489]],"id":3627},{"properties":{"hex_id":"8829a10265fffff"},"type":"Polygon","arcs":[[10490,-11238,10491,10492,10493]],"id":3628},{"properties":{"hex_id":"8829a0a537fffff"},"type":"Polygon","arcs":[[10494,10495,10496,10497,10498,10499]],"id":3629},{"properties":{"hex_id":"8829a19a25fffff"},"type":"Polygon","arcs":[[-11197,10500,10501,10502,10503,10504]],"id":3630},{"properties":{"hex_id":"8829a18d3bfffff"},"type":"Polygon","arcs":[[10505,10506,10507,10508,10509,10510]],"id":3631},{"properties":{"hex_id":"8829a1c299fffff"},"type":"Polygon","arcs":[[10511,10512,10513,10514,10515,-11303]],"id":3632},{"properties":{"hex_id":"8829a1d76bfffff"},"type":"Polygon","arcs":[[10516,10517,10518,10519,10520,10521]],"id":3633},{"properties":{"hex_id":"8829a1d2b7fffff"},"type":"Polygon","arcs":[[10522,10523,10524,10525,10526,10527]],"id":3634},{"properties":{"hex_id":"8829a0a5bdfffff"},"type":"Polygon","arcs":[[10528,10529,10530,10531,10532,10533]],"id":3635},{"properties":{"hex_id":"8829a1d0c5fffff"},"type":"Polygon","arcs":[[10534,10535,10536,10537,10538,10539]],"id":3636},{"properties":{"hex_id":"8829a568e9fffff"},"type":"Polygon","arcs":[[10540,10541,10542,10543,10544,10545]],"id":3637},{"properties":{"hex_id":"8829a18a65fffff"},"type":"Polygon","arcs":[[10546,10547,10548,10549,10550,10551]],"id":3638},{"properties":{"hex_id":"8829a19411fffff"},"type":"Polygon","arcs":[[10552,10553,10554,10555]],"id":3639},{"properties":{"hex_id":"8829a15893fffff"},"type":"Polygon","arcs":[[10556,10557,10558,10559]],"id":3640},{"properties":{"hex_id":"8829a1036bfffff"},"type":"Polygon","arcs":[[10560,10561,10562,10563]],"id":3641},{"properties":{"hex_id":"8829a199a1fffff"},"type":"Polygon","arcs":[[-10790,10564,10565,10566,10567,10568]],"id":3642},{"properties":{"hex_id":"8829a0a4adfffff"},"type":"Polygon","arcs":[[10569,10570,10571,10572,10573]],"id":3643},{"properties":{"hex_id":"8829a1d52bfffff"},"type":"Polygon","arcs":[[10574,10575,10576,10577,10578,10579]],"id":3644},{"properties":{"hex_id":"8829a1d567fffff"},"type":"Polygon","arcs":[[10580,-11393,10581,10582,10583,10584]],"id":3645},{"properties":{"hex_id":"8829a56885fffff"},"type":"Polygon","arcs":[[10585,10586,10587,10588,10589,10590]],"id":3646},{"properties":{"hex_id":"8829a568adfffff"},"type":"Polygon","arcs":[[10591,10592,10593,10594,10595,10596]],"id":3647},{"properties":{"hex_id":"8829a0ac37fffff"},"type":"Polygon","arcs":[[10597,10598,10599,10600,10601,10602]],"id":3648},{"properties":{"hex_id":"8829a1d611fffff"},"type":"Polygon","arcs":[[10603,10604,10605,10606,10607,10608]],"id":3649},{"properties":{"hex_id":"8829a56161fffff"},"type":"Polygon","arcs":[[10609,10610,10611,10612,10613,10614]],"id":3650},{"properties":{"hex_id":"8829a56a09fffff"},"type":"Polygon","arcs":[[10615,10616,10617,10618,10619,10620]],"id":3651},{"properties":{"hex_id":"8829a188adfffff"},"type":"Polygon","arcs":[[-11427,10621,10622,10623,10624,10625]],"id":3652},{"properties":{"hex_id":"8829a1dac1fffff"},"type":"Polygon","arcs":[[10626,10627,10628,10629,10630,10631]],"id":3653},{"properties":{"hex_id":"8829a1d96dfffff"},"type":"Polygon","arcs":[[10632,10633,10634,10635,10636,10637]],"id":3654},{"properties":{"hex_id":"8829a19915fffff"},"type":"Polygon","arcs":[[10638,10639,10640,10641,10642,10643]],"id":3655},{"properties":{"hex_id":"8829a198d7fffff"},"type":"Polygon","arcs":[[10644,10645,10646,10647,10648]],"id":3656},{"properties":{"hex_id":"8829a198bdfffff"},"type":"Polygon","arcs":[[10649,10650,10651,10652,-11177,10653]],"id":3657},{"properties":{"hex_id":"8829a1d28bfffff"},"type":"Polygon","arcs":[[10654,10655,-10983,10656,10657]],"id":3658},{"properties":{"hex_id":"8829a1469bfffff"},"type":"Polygon","arcs":[[10658,10659,10660,10661,10662]],"id":3659},{"properties":{"hex_id":"8829a1c6c9fffff"},"type":"Polygon","arcs":[[10663,10664,10665,10666,10667,10668]],"id":3660},{"properties":{"hex_id":"8829a56cb5fffff"},"type":"Polygon","arcs":[[10669,10670,10671,10672,10673,-11441]],"id":3661},{"properties":{"hex_id":"8829a56721fffff"},"type":"Polygon","arcs":[[10674,10675,10676,-11268,10677,10678]],"id":3662},{"properties":{"hex_id":"8829a19857fffff"},"type":"Polygon","arcs":[[10679,10680,10681,-10826,10682,10683]],"id":3663},{"properties":{"hex_id":"8829a199d1fffff"},"type":"Polygon","arcs":[[10684,10685,10686,10687,10688,10689]],"id":3664},{"properties":{"hex_id":"8829a142d5fffff"},"type":"Polygon","arcs":[[10690,-11465,10691,10692,10693,10694]],"id":3665},{"properties":{"hex_id":"8829a18dc5fffff"},"type":"Polygon","arcs":[[10695,10696,10697,10698,10699,10700]],"id":3666},{"properties":{"hex_id":"8829a1d069fffff"},"type":"Polygon","arcs":[[10701,10702,10703,10704,10705,10706]],"id":3667},{"properties":{"hex_id":"8829a1c767fffff"},"type":"Polygon","arcs":[[10707,10708,10709,10710,10711,10712]],"id":3668},{"properties":{"hex_id":"8829a18883fffff"},"type":"Polygon","arcs":[[10713,10714,10715,10716,-11313,10717]],"id":3669},{"properties":{"hex_id":"8829a56f55fffff"},"type":"Polygon","arcs":[[10718,10719,10720,10721,10722]],"id":3670},{"properties":{"hex_id":"8829a1c149fffff"},"type":"Polygon","arcs":[[10723,10724,10725,10726,10727]],"id":3671},{"properties":{"hex_id":"8829a11221fffff"},"type":"Polygon","arcs":[[10728,10729,10730,10731,10732,10733]],"id":3672},{"properties":{"hex_id":"8829a18d59fffff"},"type":"Polygon","arcs":[[10734,10735,10736,10737,10738,10739]],"id":3673},{"properties":{"hex_id":"8829a569c3fffff"},"type":"Polygon","arcs":[[10740,-11399,10741,10742,10743,10744]],"id":3674},{"properties":{"hex_id":"8829a14125fffff"},"type":"Polygon","arcs":[[10745,10746,10747,10748,10749]],"id":3675},{"properties":{"hex_id":"8829a1d849fffff"},"type":"Polygon","arcs":[[10750,10751,10752,10753,10754,10755]],"id":3676},{"properties":{"hex_id":"8829a565ebfffff"},"type":"Polygon","arcs":[[10756,10757,10758,10759,10760,10761]],"id":3677},{"properties":{"hex_id":"8829a18a89fffff"},"type":"Polygon","arcs":[[10762,10763,10764,10765,10766,10767]],"id":3678},{"properties":{"hex_id":"8829a19821fffff"},"type":"Polygon","arcs":[[10768,10769,10770,10771,10772,10773]],"id":3679},{"properties":{"hex_id":"8829a0366dfffff"},"type":"Polygon","arcs":[[10774,10775,10776,10777,10778,10779]],"id":3680},{"properties":{"hex_id":"8829a145d9fffff"},"type":"Polygon","arcs":[[10780,10781,10782,10783,10784,10785]],"id":3681},{"properties":{"hex_id":"8829a199a9fffff"},"type":"Polygon","arcs":[[10786,10787,10788,10789,10790,10791]],"id":3682},{"properties":{"hex_id":"8829a1c237fffff"},"type":"Polygon","arcs":[[-11409,10792,10793,10794,10795,10796]],"id":3683},{"properties":{"hex_id":"8829a56e13fffff"},"type":"Polygon","arcs":[[10797,10798,10799,10800,10801,10802]],"id":3684},{"properties":{"hex_id":"8829a11489fffff"},"type":"Polygon","arcs":[[10803,10804]],"id":3685},{"properties":{"hex_id":"8829a56ce5fffff"},"type":"Polygon","arcs":[[10805,10806,10807,10808,10809,10810]],"id":3686},{"properties":{"hex_id":"8829a1db25fffff"},"type":"Polygon","arcs":[[10811,10812,10813,10814,10815,10816]],"id":3687},{"properties":{"hex_id":"8829a0a4cdfffff"},"type":"Polygon","arcs":[[10817,10818,10819,10820,-11309]],"id":3688},{"properties":{"hex_id":"8829a56761fffff"},"type":"Polygon","arcs":[[10821,10822,-10855,10823,10824,-10997]],"id":3689},{"properties":{"hex_id":"8829a1981dfffff"},"type":"Polygon","arcs":[[10825,10826,10827,10828,10829,10830]],"id":3690},{"properties":{"hex_id":"8829a11347fffff"},"type":"Polygon","arcs":[[10831,10832,10833,10834,10835,10836]],"id":3691},{"properties":{"hex_id":"8829a19901fffff"},"type":"Polygon","arcs":[[10837,10838,10839,10840,10841,10842]],"id":3692},{"properties":{"hex_id":"8829a56c9bfffff"},"type":"Polygon","arcs":[[10843,10844,10845,10846,10847,10848]],"id":3693},{"properties":{"hex_id":"8829a56763fffff"},"type":"Polygon","arcs":[[10849,10850,10851,10852,10853,10854]],"id":3694},{"properties":{"hex_id":"8829a1c0cdfffff"},"type":"Polygon","arcs":[[10855,10856,10857,10858,10859,10860]],"id":3695},{"properties":{"hex_id":"8829a1c287fffff"},"type":"Polygon","arcs":[[10861,10862,10863,10864,10865,-11151]],"id":3696},{"properties":{"hex_id":"8829a1d6bdfffff"},"type":"Polygon","arcs":[[10866,10867,10868,10869,10870,10871]],"id":3697},{"properties":{"hex_id":"8829a1d741fffff"},"type":"Polygon","arcs":[[10872,10873,10874,10875,10876,10877]],"id":3698},{"properties":{"hex_id":"8829a0a481fffff"},"type":"Polygon","arcs":[[10878,10879,-10888,10880,10881,10882]],"id":3699},{"properties":{"hex_id":"8829a0a483fffff"},"type":"Polygon","arcs":[[10883,-11129,10884,10885,10886,10887]],"id":3700},{"properties":{"hex_id":"8829a0a53dfffff"},"type":"Polygon","arcs":[[10888,10889,10890,10891,10892,10893]],"id":3701},{"properties":{"hex_id":"8829a1d00dfffff"},"type":"Polygon","arcs":[[10894,10895,10896,10897,10898,10899]],"id":3702},{"properties":{"hex_id":"8829a1c003fffff"},"type":"Polygon","arcs":[[10900,10901,10902]],"id":3703},{"properties":{"hex_id":"8829a18d23fffff"},"type":"Polygon","arcs":[[10903,10904,10905,10906,10907,10908]],"id":3704},{"properties":{"hex_id":"8829a56837fffff"},"type":"Polygon","arcs":[[10909,10910,10911,-11395,10912,10913]],"id":3705},{"properties":{"hex_id":"8829a1d4cbfffff"},"type":"Polygon","arcs":[[10914,10915,10916,10917,10918,10919]],"id":3706},{"properties":{"hex_id":"8829a1d44dfffff"},"type":"Polygon","arcs":[[10920,10921,10922,10923,10924,10925]],"id":3707},{"properties":{"hex_id":"8829a56c0bfffff"},"type":"Polygon","arcs":[[10926,10927,10928,10929,10930,10931]],"id":3708},{"properties":{"hex_id":"8829a56a03fffff"},"type":"Polygon","arcs":[[10932,10933,10934,10935,10936,10937]],"id":3709},{"properties":{"hex_id":"8829a109a1fffff"},"type":"Polygon","arcs":[[10938,10939,10940,10941,10942,10943]],"id":3710},{"properties":{"hex_id":"8829a19b2dfffff"},"type":"Polygon","arcs":[[10944,10945,10946,10947,10948,10949]],"id":3711},{"properties":{"hex_id":"8829a188d7fffff"},"type":"Polygon","arcs":[[10950,10951,10952,10953,10954,10955]],"id":3712},{"properties":{"hex_id":"8829a1d809fffff"},"type":"Polygon","arcs":[[10956,10957,10958,10959,10960]],"id":3713},{"properties":{"hex_id":"8829a5610bfffff"},"type":"Polygon","arcs":[[10961,10962,10963,10964,10965,10966]],"id":3714},{"properties":{"hex_id":"8829a0ace9fffff"},"type":"Polygon","arcs":[[10967,10968,10969,10970,10971,10972]],"id":3715},{"properties":{"hex_id":"8829a56089fffff"},"type":"Polygon","arcs":[[10973,-11049,-11228,-11155,10974,10975]],"id":3716},{"properties":{"hex_id":"8829a1d6e7fffff"},"type":"Polygon","arcs":[[10976,10977,10978,10979,10980,10981]],"id":3717},{"properties":{"hex_id":"8829a1d283fffff"},"type":"Polygon","arcs":[[10982,10983,10984,10985,10986,10987]],"id":3718},{"properties":{"hex_id":"8829a18987fffff"},"type":"Polygon","arcs":[[10988,10989,10990,10991,10992,10993]],"id":3719},{"properties":{"hex_id":"8829a5676dfffff"},"type":"Polygon","arcs":[[10994,10995,10996,10997,10998,10999]],"id":3720},{"properties":{"hex_id":"8829a0a6a3fffff"},"type":"Polygon","arcs":[[11000,11001,11002,11003,11004,11005]],"id":3721},{"properties":{"hex_id":"8829a1d65bfffff"},"type":"Polygon","arcs":[[11006,11007,-11169,11008,11009,11010]],"id":3722},{"properties":{"hex_id":"8829a14687fffff"},"type":"Polygon","arcs":[[11011,11012,11013,11014,11015,11016]],"id":3723},{"properties":{"hex_id":"8829a56f3bfffff"},"type":"Polygon","arcs":[[-11075,11017,11018,11019,11020,11021]],"id":3724},{"properties":{"hex_id":"8829a1d36bfffff"},"type":"Polygon","arcs":[[11022,11023,11024,11025,11026,11027]],"id":3725},{"properties":{"hex_id":"8829a1464dfffff"},"type":"Polygon","arcs":[[11028,11029,11030,11031,11032]],"id":3726},{"properties":{"hex_id":"8829a56d97fffff"},"type":"Polygon","arcs":[[11033,11034,11035,11036,11037,11038]],"id":3727},{"properties":{"hex_id":"8829a1d835fffff"},"type":"Polygon","arcs":[[11039,11040,11041,11042,11043,11044]],"id":3728},{"properties":{"hex_id":"8829a560d5fffff"},"type":"Polygon","arcs":[[11045,11046,11047,-11223,11048,11049]],"id":3729},{"properties":{"hex_id":"8829a0ac19fffff"},"type":"Polygon","arcs":[[11050,11051,11052,11053,11054,11055]],"id":3730},{"properties":{"hex_id":"8829a15533fffff"},"type":"Polygon","arcs":[[11056,11057,11058,11059,11060,11061]],"id":3731},{"properties":{"hex_id":"8829a0a6d7fffff"},"type":"Polygon","arcs":[[11062,11063,11064,11065,11066,11067]],"id":3732},{"properties":{"hex_id":"8829a11597fffff"},"type":"Polygon","arcs":[[11068,11069,11070]],"id":3733},{"properties":{"hex_id":"8829a56f15fffff"},"type":"Polygon","arcs":[[11071,11072,11073,11074,11075,11076]],"id":3734},{"properties":{"hex_id":"8829a561a9fffff"},"type":"Polygon","arcs":[[11077,11078,11079]],"id":3735},{"properties":{"hex_id":"8829a1819dfffff"},"type":"Polygon","arcs":[[11080,11081,11082,11083,11084,11085]],"id":3736},{"properties":{"hex_id":"8829a1c69dfffff"},"type":"Polygon","arcs":[[11086,11087,11088,11089,11090,11091]],"id":3737},{"properties":{"hex_id":"8829a11093fffff"},"type":"Polygon","arcs":[[11092,11093,11094]],"id":3738},{"properties":{"hex_id":"8829a1d0d7fffff"},"type":"Polygon","arcs":[[11095,11096,11097,11098,11099,11100]],"id":3739},{"properties":{"hex_id":"8829a19845fffff"},"type":"Polygon","arcs":[[11101,11102,11103,11104,11105,11106]],"id":3740},{"properties":{"hex_id":"8829a11269fffff"},"type":"Polygon","arcs":[[11107,11108,11109,11110,11111,11112]],"id":3741},{"properties":{"hex_id":"8829a1da11fffff"},"type":"Polygon","arcs":[[11113,11114,11115,11116,11117,11118]],"id":3742},{"properties":{"hex_id":"8829a18d2dfffff"},"type":"Polygon","arcs":[[11119,11120,11121,11122,11123,11124]],"id":3743},{"properties":{"hex_id":"8829a0a49dfffff"},"type":"Polygon","arcs":[[11125,11126,11127,11128,11129]],"id":3744},{"properties":{"hex_id":"8829a1d089fffff"},"type":"Polygon","arcs":[[11130,11131,11132,11133,11134,11135]],"id":3745},{"properties":{"hex_id":"8829a1d09bfffff"},"type":"Polygon","arcs":[[11136,11137,11138,11139,11140,11141]],"id":3746},{"properties":{"hex_id":"8829a0a5e3fffff"},"type":"Polygon","arcs":[[11142,11143,11144,11145,11146,11147]],"id":3747},{"properties":{"hex_id":"8829a1c285fffff"},"type":"Polygon","arcs":[[11148,11149,11150,11151,11152,11153]],"id":3748},{"properties":{"hex_id":"8829a56081fffff"},"type":"Polygon","arcs":[[11154,-11227,11155,11156,11157,11158]],"id":3749},{"properties":{"hex_id":"8829a14239fffff"},"type":"Polygon","arcs":[[11159,11160,11161,11162]],"id":3750},{"properties":{"hex_id":"8829a1992dfffff"},"type":"Polygon","arcs":[[11163,11164,11165,11166,11167,11168]],"id":3751},{"properties":{"hex_id":"8829a1d23dfffff"},"type":"Polygon","arcs":[[11169,11170,11171,11172,11173,11174]],"id":3752},{"properties":{"hex_id":"8829a198a3fffff"},"type":"Polygon","arcs":[[11175,11176,11177,11178,11179,11180]],"id":3753},{"properties":{"hex_id":"8829a1024bfffff"},"type":"Polygon","arcs":[[11181,11182,11183,11184,11185,11186]],"id":3754},{"properties":{"hex_id":"8829a18f49fffff"},"type":"Polygon","arcs":[[11187,11188,11189,11190,11191,11192]],"id":3755},{"properties":{"hex_id":"8829a19a2dfffff"},"type":"Polygon","arcs":[[11193,11194,11195,11196,11197,11198]],"id":3756},{"properties":{"hex_id":"8829a1894bfffff"},"type":"Polygon","arcs":[[11199,11200,11201,11202,11203,11204]],"id":3757},{"properties":{"hex_id":"8829a18301fffff"},"type":"Polygon","arcs":[[11205,11206,11207,11208,11209]],"id":3758},{"properties":{"hex_id":"8829a1468bfffff"},"type":"Polygon","arcs":[[11210,11211,11212,11213,11214,11215]],"id":3759},{"properties":{"hex_id":"8829a1c705fffff"},"type":"Polygon","arcs":[[11216,11217,11218,11219,11220,11221]],"id":3760},{"properties":{"hex_id":"8829a5608bfffff"},"type":"Polygon","arcs":[[11222,11223,11224,11225,11226,11227]],"id":3761},{"properties":{"hex_id":"8829a56eb9fffff"},"type":"Polygon","arcs":[[11228,11229,11230,11231,11232,11233]],"id":3762},{"properties":{"hex_id":"8829a10261fffff"},"type":"Polygon","arcs":[[11234,11235,11236,11237,11238]],"id":3763},{"properties":{"hex_id":"8829a1d21dfffff"},"type":"Polygon","arcs":[[11239,11240,11241,11242,11243,-11329]],"id":3764},{"properties":{"hex_id":"8829a1da6bfffff"},"type":"Polygon","arcs":[[11244,11245,11246,11247,11248,11249]],"id":3765},{"properties":{"hex_id":"8829a568c1fffff"},"type":"Polygon","arcs":[[11250,11251,11252,11253,11254,11255]],"id":3766},{"properties":{"hex_id":"8829a18d4bfffff"},"type":"Polygon","arcs":[[11256,11257,11258,11259,11260,-11361]],"id":3767},{"properties":{"hex_id":"8829a199b5fffff"},"type":"Polygon","arcs":[[11261,11262,11263,11264,11265,11266]],"id":3768},{"properties":{"hex_id":"8829a56727fffff"},"type":"Polygon","arcs":[[11267,11268,11269,11270,11271,11272]],"id":3769},{"properties":{"hex_id":"8829a11531fffff"},"type":"Polygon","arcs":[[11273,11274,11275,11276,11277,11278]],"id":3770},{"properties":{"hex_id":"8829a56cebfffff"},"type":"Polygon","arcs":[[11279,11280,11281,11282,11283,11284]],"id":3771},{"properties":{"hex_id":"8829a18a9bfffff"},"type":"Polygon","arcs":[[11285,11286,11287,11288,11289,11290]],"id":3772},{"properties":{"hex_id":"8829a0a419fffff"},"type":"Polygon","arcs":[[11291,-11311,11292,11293,11294]],"id":3773},{"properties":{"hex_id":"8829a560e3fffff"},"type":"Polygon","arcs":[[11295,11296,11297,11298,11299,11300]],"id":3774},{"properties":{"hex_id":"8829a1c2d7fffff"},"type":"Polygon","arcs":[[11301,11302,11303,11304,11305]],"id":3775},{"properties":{"hex_id":"8829a0a41bfffff"},"type":"Polygon","arcs":[[11306,11307,11308,11309,11310]],"id":3776},{"properties":{"hex_id":"8829a18887fffff"},"type":"Polygon","arcs":[[11311,11312,11313,11314,11315,11316]],"id":3777},{"properties":{"hex_id":"8829a1448bfffff"},"type":"Polygon","arcs":[[11317,11318,11319]],"id":3778},{"properties":{"hex_id":"8829a1d631fffff"},"type":"Polygon","arcs":[[11320,11321,11322,11323,11324,11325]],"id":3779},{"properties":{"hex_id":"8829a1d20bfffff"},"type":"Polygon","arcs":[[11326,11327,11328,11329,11330,11331]],"id":3780},{"properties":{"hex_id":"8829a1db39fffff"},"type":"Polygon","arcs":[[11332,11333,11334,11335,11336,11337]],"id":3781},{"properties":{"hex_id":"8829a56e27fffff"},"type":"Polygon","arcs":[[11338,11339,11340,11341,11342,11343]],"id":3782},{"properties":{"hex_id":"8829a1154bfffff"},"type":"Polygon","arcs":[[11344,11345,11346,11347,11348,11349]],"id":3783},{"properties":{"hex_id":"8829a1da97fffff"},"type":"Polygon","arcs":[[11350,11351,11352,11353,11354,11355]],"id":3784},{"properties":{"hex_id":"8829a186ebfffff"},"type":"Polygon","arcs":[[11356,11357]],"id":3785},{"properties":{"hex_id":"8829a18d49fffff"},"type":"Polygon","arcs":[[11358,11359,11360,11361,11362,11363]],"id":3786},{"properties":{"hex_id":"8829a18999fffff"},"type":"Polygon","arcs":[[11364,11365,11366,-11490,11367,11368]],"id":3787},{"properties":{"hex_id":"8829a0ac29fffff"},"type":"Polygon","arcs":[[11369,11370,11371,11372,11373,11374]],"id":3788},{"properties":{"hex_id":"8829a15187fffff"},"type":"Polygon","arcs":[[11375]],"id":3789},{"properties":{"hex_id":"8829a1c30bfffff"},"type":"Polygon","arcs":[[11376,11377,11378,11379,11380,11381]],"id":3790},{"properties":{"hex_id":"8829a18ab9fffff"},"type":"Polygon","arcs":[[11382,11383,11384,11385,11386,11387]],"id":3791},{"properties":{"hex_id":"8829a1d563fffff"},"type":"Polygon","arcs":[[11388,11389,11390,11391,11392,11393]],"id":3792},{"properties":{"hex_id":"8829a569ddfffff"},"type":"Polygon","arcs":[[11394,11395,11396,11397,11398,11399]],"id":3793},{"properties":{"hex_id":"8829a1d1cdfffff"},"type":"Polygon","arcs":[[11400,11401,11402,11403,11404]],"id":3794},{"properties":{"hex_id":"8829a1c231fffff"},"type":"Polygon","arcs":[[11405,11406,11407,11408,11409,11410]],"id":3795},{"properties":{"hex_id":"8829a56a31fffff"},"type":"Polygon","arcs":[[11411,11412,11413,11414,11415,11416]],"id":3796},{"properties":{"hex_id":"8829a56db3fffff"},"type":"Polygon","arcs":[[11417,11418,11419,11420,11421,11422]],"id":3797},{"properties":{"hex_id":"8829a188e7fffff"},"type":"Polygon","arcs":[[11423,11424,11425,11426,11427,11428]],"id":3798},{"properties":{"hex_id":"8829a0a5a7fffff"},"type":"Polygon","arcs":[[11429,11430,11431,11432,11433,11434]],"id":3799},{"properties":{"hex_id":"8829a1d14bfffff"},"type":"Polygon","arcs":[[11435,11436,11437]],"id":3800},{"properties":{"hex_id":"8829a56ca3fffff"},"type":"Polygon","arcs":[[11438,11439,11440,11441,11442,11443]],"id":3801},{"properties":{"hex_id":"8829a578b7fffff"},"type":"Polygon","arcs":[[11444,11445,11446,11447,11448,11449]],"id":3802},{"properties":{"hex_id":"8829a56da7fffff"},"type":"Polygon","arcs":[[11450,11451,11452,11453]],"id":3803},{"properties":{"hex_id":"8829a56031fffff"},"type":"Polygon","arcs":[[11454,11455,11456,11457,11458,11459]],"id":3804},{"properties":{"hex_id":"8829a142d1fffff"},"type":"Polygon","arcs":[[11460,11461,11462,11463,11464,11465]],"id":3805},{"properties":{"hex_id":"8829a1020dfffff"},"type":"Polygon","arcs":[[11466,11467,11468,11469,11470]],"id":3806},{"properties":{"hex_id":"8829a56ecbfffff"},"type":"Polygon","arcs":[[11471,11472,11473,11474,11475,11476]],"id":3807},{"properties":{"hex_id":"8829a0a5c1fffff"},"type":"Polygon","arcs":[[11477,11478,11479,11480,11481,11482]],"id":3808},{"properties":{"hex_id":"8829a5653dfffff"},"type":"Polygon","arcs":[[11483,11484,11485,11486,11487,11488]],"id":3809},{"properties":{"hex_id":"8829a18991fffff"},"type":"Polygon","arcs":[[11489,11490,11491,11492,11493,11494]],"id":3810},{"properties":{"hex_id":"8829a181e7fffff"},"type":"Polygon","arcs":[[11495,11496,11497,11498,11499,11500]],"id":3811},{"properties":{"hex_id":"8829a11763fffff"},"type":"Polygon","arcs":[[11501,11502,11503,11504]],"id":3812},{"properties":{"hex_id":"8829a561ebfffff"},"type":"Polygon","arcs":[[11505,11506,11507,11508]],"id":3813}],"type":"GeometryCollection"}},"bbox":[-118.8443405987403,33.338775363768,-117.68803483866998,34.725352663563775],"transform":{"scale":[0.00011564214022105456,0.00013867159713929142],"translate":[-118.8443405987403,33.338775363768]},"arcs":[[[1780,6392],[39,25],[50,-10]],[[6891,8952],[39,25],[51,-11]],[[9788,5279],[10,-36],[-40,-25]],[[1926,5764],[-39,-25],[-51,11]],[[7146,8732],[51,-10],[10,-36],[-39,-24],[-51,10],[-10,36]],[[5988,4617],[39,25],[51,-11],[10,-35]],[[8395,5841],[40,25],[50,-11]],[[3085,6122],[-39,-25],[-50,11]],[[5891,3538],[11,-36],[-40,-25]],[[3814,5738],[-39,-25],[-50,10]],[[6073,3399],[40,25]],[[6925,5719],[40,25]],[[7843,4858],[-51,11]],[[7872,4919],[10,-36]],[[5995,4749],[-39,-25],[-50,10],[-11,36]],[[3629,8035],[40,25],[50,-10],[11,-36]],[[8767,5229],[-51,11],[-10,35]],[[5856,9864],[-11,35]],[[4222,6251],[-39,-25]],[[4354,6590],[11,-36],[-39,-25],[-50,11]],[[9322,4944],[-39,-25],[-50,11],[-11,35]],[[7972,4897],[-11,36]],[[4907,3379],[-50,10]],[[8841,4980],[-10,35]],[[8870,5040],[50,-10]],[[8279,5599],[-50,11]],[[6147,6115],[50,-10]],[[7554,5819],[40,25],[50,-11]],[[3352,7097],[39,25],[50,-11]],[[2386,5337],[-11,35],[40,25],[50,-10],[11,-35]],[[5172,3590],[39,25],[50,-11],[11,-36],[-40,-25]],[[5863,9531],[-39,-25],[-51,10]],[[5347,3786],[-50,10],[-11,36],[39,25],[50,-10],[11,-36]],[[4288,5573],[11,-36]],[[6173,9134],[51,-10],[11,-36],[-40,-25],[-51,11],[-10,35]],[[6648,5078],[50,-11],[11,-36],[-39,-25],[-51,11]],[[1359,5317],[-50,10],[-11,36],[39,25],[50,-10],[11,-36],[-39,-25]],[[425,5908],[-11,35],[39,25],[50,-10]],[[9933,5581],[11,-35],[-40,-25]],[[8573,9331],[-51,11],[-10,35],[40,25],[50,-10],[11,-36]],[[7048,4060],[-50,10]],[[5246,4740],[50,-11]],[[4318,4701],[50,-10]],[[3036,6896],[51,-10],[10,-36]],[[7857,4655],[-40,-25]],[[8674,9310],[51,-10]],[[3710,7155],[40,25],[50,-10],[11,-36]],[[3444,6181],[-11,35]],[[3472,6241],[51,-10]],[[8062,4912],[-11,35]],[[8497,5186],[11,-35]],[[8619,5094],[11,-36]],[[4753,6207],[40,25],[50,-10],[11,-36]],[[5866,5176],[-39,-25]],[[2298,7613],[50,-11]],[[2359,7567],[-39,-25]],[[5892,9126],[40,25],[50,-10],[11,-36]],[[7664,5296],[-39,-25]],[[5486,6121],[-11,35],[39,25]],[[3801,3778],[-11,35]],[[7094,5317],[-11,35]],[[7173,5367],[10,-36]],[[4556,6082],[-11,36]],[[8141,4962],[-50,10]],[[8406,5806],[50,-11]],[[2604,8147],[40,25]],[[5389,4577],[11,-36]],[[3926,5682],[-51,10],[-10,36]],[[5744,8991],[-50,11],[-11,35]],[[4030,3796],[-50,11]],[[2540,6368],[-11,36]],[[2666,8101],[39,25]],[[2755,8116],[11,-36]],[[927,5805],[11,-36],[-40,-25],[-50,10],[-11,36]],[[7857,8883],[40,25],[50,-11],[11,-35],[-40,-25]],[[2352,7436],[-50,10]],[[2330,7507],[51,-11]],[[7262,5381],[-50,11]],[[7291,5442],[11,-36]],[[7432,5911],[11,-35]],[[5849,8803],[-40,-25],[-50,11],[-11,35]],[[7558,4552],[-10,35]],[[7648,4566],[-39,-25]],[[6493,3877],[-11,36]],[[1790,6357],[51,-11]],[[4635,6132],[-50,11]],[[4613,6203],[51,-10]],[[3898,6851],[39,25],[51,-11],[11,-35]],[[5576,3338],[-11,35]],[[6387,6098],[50,-10],[11,-36]],[[8712,4940],[10,-35],[-39,-25],[-50,11]],[[5068,3311],[50,-10]],[[3696,4432],[-40,-25],[-50,11]],[[4259,5978],[-40,-25]],[[4265,6575],[11,-35]],[[4276,6540],[-40,-25]],[[8416,4670],[11,-36]],[[2566,6130],[39,25]],[[2666,6109],[-39,-25]],[[3405,6156],[39,25]],[[3444,6181],[50,-11]],[[4520,3727],[-39,-25],[-50,10],[-11,36]],[[5594,5299],[-11,36]],[[4241,3719],[11,-36]],[[2845,8130],[-50,11]],[[2874,8191],[11,-36]],[[6509,9894],[40,25],[51,-10]],[[3644,7833],[-39,-25]],[[2116,6522],[-39,-25]],[[4940,5902],[40,25]],[[6580,4992],[11,-36]],[[8418,5136],[50,-10]],[[4200,6788],[39,25],[50,-11],[11,-35],[-39,-25],[-50,10]],[[3875,4461],[-40,-25],[-50,11]],[[4452,3641],[40,25],[50,-10]],[[3310,5544],[50,-11],[11,-35],[-40,-25]],[[4389,2921],[-11,36],[40,25]],[[5565,3373],[-50,11]],[[5605,3398],[-40,-25]],[[9009,5678],[51,-11]],[[9070,5631],[-39,-25]],[[5612,3997],[39,25]],[[4388,5552],[-10,35]],[[6168,6044],[40,25]],[[5397,4242],[39,25]],[[3709,4696],[40,25]],[[7603,5342],[-39,-25]],[[4978,4230],[-50,11]],[[9708,5229],[50,-11]],[[9758,5218],[11,-36],[-40,-25],[-50,11]],[[4527,4325],[39,25]],[[6643,9767],[50,-10]],[[6333,5810],[50,-11]],[[2753,5826],[11,-36],[-39,-25],[-50,11],[-11,35]],[[8662,4951],[-40,-25]],[[9427,5856],[50,-11],[11,-36]],[[7442,5410],[-50,10],[-11,36],[40,25],[50,-11]],[[5407,5139],[11,-36]],[[3253,5423],[-11,35]],[[3281,5483],[50,-10]],[[3331,5473],[11,-36]],[[7340,4498],[39,25],[50,-11],[11,-35]],[[3417,4424],[-50,11],[-11,35]],[[4713,4019],[11,-35]],[[7255,8843],[10,-36],[-39,-25],[-51,11]],[[6898,4092],[39,25]],[[6988,4106],[10,-36]],[[6998,4070],[-39,-25],[-50,11]],[[6134,9109],[-51,11],[-11,35],[40,25]],[[6163,9170],[10,-36]],[[6173,9134],[-39,-25]],[[3904,4056],[40,25],[50,-11]],[[5234,6173],[-50,11],[-11,35],[40,25]],[[8448,4563],[11,-36],[-40,-25],[-50,11]],[[3778,6012],[-11,35]],[[5425,4302],[-50,11]],[[4668,6026],[10,-36]],[[5852,5844],[-11,36],[40,25]],[[9163,5478],[-40,-25],[-50,11]],[[7273,5345],[-11,36]],[[7262,5381],[40,25]],[[7302,5406],[50,-11],[11,-35]],[[2503,6641],[50,-10]],[[4970,4565],[-50,10]],[[4812,4931],[11,-36]],[[4591,6740],[40,25],[50,-11]],[[4692,6719],[-40,-25]],[[5507,9306],[50,-11]],[[5235,4775],[11,-35]],[[5246,4740],[-39,-25]],[[4069,3821],[-10,36]],[[3399,6788],[50,-10]],[[4185,4829],[-50,11],[-11,35]],[[4979,2830],[39,25],[50,-10],[11,-36],[-39,-25]],[[2412,7855],[-11,35],[39,25]],[[4280,5907],[40,25]],[[4800,2801],[40,25]],[[4900,2780],[-39,-25]],[[5640,4057],[-50,11]],[[6795,5213],[-10,36]],[[6874,5263],[11,-36]],[[3417,5655],[-50,10],[-11,36]],[[6275,9578],[-51,10]],[[4159,3836],[-11,36]],[[7767,4641],[50,-11]],[[7817,4630],[11,-35],[-40,-25],[-50,10]],[[4068,6450],[-11,35],[39,25]],[[3986,9487],[-51,11],[-11,35],[40,25],[50,-10],[11,-36],[-39,-25]],[[4675,6157],[-11,36]],[[4664,6193],[39,25],[50,-11]],[[4753,6207],[11,-35]],[[5655,3388],[-50,10]],[[5605,3398],[-11,36]],[[3754,4087],[39,25],[50,-10],[11,-36]],[[7651,4399],[-39,-25],[-50,10]],[[5037,6048],[50,-10]],[[2554,8157],[50,-10]],[[2604,8147],[11,-36]],[[5396,6106],[50,-10]],[[7642,4901],[-11,35]],[[2190,6739],[40,25]],[[2291,6718],[-40,-25]],[[3090,5955],[50,-10]],[[7655,8925],[-40,-25],[-50,11],[-11,35],[40,25],[50,-10]],[[2753,5826],[-50,10]],[[2792,5851],[-39,-25]],[[8181,4987],[-11,35]],[[3619,6377],[50,-11]],[[4174,5331],[-50,10]],[[7395,5253],[50,-11]],[[4493,4898],[51,-11]],[[6159,3581],[40,25]],[[2541,5139],[-11,35]],[[2589,7586],[11,-35]],[[7144,5306],[39,25]],[[7183,5331],[51,-11]],[[2613,7813],[11,-35]],[[2846,6902],[-50,11]],[[2785,6948],[39,25],[51,-10]],[[7975,5830],[39,25]],[[9056,4734],[-11,35]],[[9135,4784],[11,-36],[-40,-25]],[[4989,4195],[-11,35]],[[4978,4230],[39,25]],[[2022,6674],[-11,36]],[[3895,4856],[-11,36]],[[3924,4917],[50,-10]],[[3985,4871],[-40,-25]],[[3632,4179],[-50,11],[-11,35],[39,25]],[[3660,4240],[11,-36]],[[4014,6162],[-39,-25]],[[5845,6179],[-11,35]],[[5719,4574],[11,-36]],[[2688,6039],[39,25]],[[2267,6491],[-11,35]],[[2356,6506],[-39,-25]],[[6443,8713],[-50,10],[-11,36]],[[9277,5254],[40,25]],[[4757,6040],[-50,11]],[[4269,4246],[-11,35]],[[6784,9771],[39,25],[51,-11],[11,-35],[-40,-25],[-51,11]],[[6103,5326],[-39,-25]],[[7926,5207],[11,-35]],[[5902,5834],[40,25]],[[1557,5741],[-50,10]],[[1496,5787],[39,25],[50,-10]],[[3258,6020],[39,25]],[[7648,4566],[-10,36]],[[7727,4616],[11,-36]],[[7738,4580],[-40,-25],[-50,11]],[[1526,6146],[-11,35],[40,25]],[[6138,3652],[-39,-25]],[[2402,5898],[-40,-25]],[[6003,5347],[10,-36]],[[8019,5054],[40,25]],[[8120,5033],[-40,-25]],[[6633,4348],[50,-11]],[[4892,4515],[50,-11]],[[5408,4206],[50,-10]],[[4003,6197],[-50,11]],[[3823,3707],[-50,10],[-11,36],[39,25]],[[3801,3778],[50,-11]],[[4365,4858],[-51,11]],[[4065,6151],[-51,11]],[[4014,6162],[-11,35]],[[4003,6197],[40,25]],[[7420,5015],[10,-36]],[[5888,5104],[39,25]],[[6170,3078],[-50,11]],[[4196,4794],[-11,35]],[[4185,4829],[40,25]],[[4275,4844],[11,-36]],[[3383,6227],[-40,-25]],[[4033,4095],[-11,36]],[[2914,6988],[-11,35],[39,25],[51,-10],[11,-35],[-40,-25]],[[2923,7418],[11,-36],[-39,-25],[-51,10],[-10,36]],[[4685,6587],[-51,11]],[[4663,6658],[50,-10]],[[2395,5767],[-50,10],[-11,36]],[[2373,5838],[51,-10]],[[7753,4844],[11,-36]],[[4951,2770],[-51,10]],[[4900,2780],[-10,36]],[[4929,2841],[50,-11]],[[4979,2830],[11,-35]],[[2952,6249],[11,-35]],[[3458,7672],[39,25]],[[3547,7687],[11,-36],[-39,-25],[-50,11]],[[3187,6865],[-11,36]],[[6107,6090],[11,-35]],[[2710,6731],[-11,36]],[[4777,4272],[-39,-25]],[[4913,4910],[-11,35]],[[4135,3141],[39,25]],[[4235,3120],[-39,-25]],[[6452,9774],[39,25]],[[3050,5930],[11,-35]],[[3770,4650],[40,25]],[[5644,5289],[39,25]],[[5622,4894],[-50,10]],[[4164,3202],[-51,11]],[[4779,2872],[-39,-25]],[[2116,6522],[-11,36]],[[2205,6537],[-39,-25],[-50,10]],[[4080,5483],[11,-35]],[[4490,4599],[11,-36]],[[5490,4555],[-11,36]],[[3436,5285],[50,-11]],[[4113,5377],[11,-36]],[[4124,5341],[-40,-25]],[[5129,3265],[-11,36]],[[5118,3301],[39,25],[51,-11],[10,-35]],[[3062,6658],[11,-35]],[[6985,4740],[50,-11],[11,-35]],[[3842,3336],[-11,36],[39,25]],[[5361,4516],[39,25]],[[5400,4541],[50,-11]],[[4230,4221],[39,25]],[[4269,4246],[50,-11]],[[5683,4848],[-50,10],[-11,36]],[[5622,4894],[40,25]],[[3717,6058],[-40,-26]],[[7350,4462],[50,-10]],[[6834,4772],[51,-11]],[[329,5762],[11,-36],[-39,-25],[-50,10]],[[3633,7868],[-50,11]],[[3572,7914],[39,25]],[[8642,5489],[40,25]],[[8499,5653],[-11,35]],[[8578,5702],[11,-35]],[[6696,8660],[-40,-25],[-51,11]],[[8155,4759],[-11,35]],[[8184,4819],[50,-10]],[[4875,6581],[-11,35]],[[4904,6641],[50,-10],[11,-36]],[[4079,4252],[39,25]],[[4169,4267],[10,-36]],[[6589,3557],[-11,35]],[[5895,4770],[-50,10]],[[5934,4795],[-39,-25]],[[7372,4391],[39,25]],[[3857,6062],[-51,10]],[[4925,6570],[40,25]],[[4965,6595],[50,-10]],[[7006,4669],[40,25]],[[7046,4694],[50,-11]],[[8955,4755],[11,-35]],[[4393,4919],[-50,10]],[[2307,8042],[-51,10]],[[4627,3837],[40,25]],[[5816,6118],[-11,36],[40,25]],[[5845,6179],[50,-11]],[[6423,5824],[-11,36]],[[6502,5874],[11,-35]],[[3489,6803],[-11,35]],[[3517,6863],[51,-10]],[[9933,5581],[-50,11]],[[9912,5652],[50,-10],[11,-36],[-40,-25]],[[4198,6024],[-40,-25]],[[5479,3191],[-50,11],[-10,35]],[[5970,4521],[-11,35]],[[5999,4581],[50,-10]],[[6252,3428],[40,25]],[[9179,5742],[39,25]],[[9268,5756],[11,-36]],[[7552,4886],[50,-10]],[[7154,5271],[51,-11]],[[6015,9035],[11,-36]],[[4768,2908],[-50,11]],[[8732,5503],[-50,11]],[[8682,5514],[-11,35]],[[5357,6081],[10,-35]],[[6292,2986],[10,-36],[-39,-25],[-50,11],[-11,36]],[[6827,4640],[-50,11]],[[6806,4711],[50,-11]],[[3878,3062],[-39,-25]],[[4768,6005],[-11,35]],[[4757,6040],[40,25]],[[5080,6372],[-50,10],[-11,36]],[[3062,6658],[-50,11]],[[3001,6704],[39,25]],[[3102,6684],[-40,-26]],[[5913,4400],[-11,35]],[[5557,9760],[-11,35],[40,25],[50,-10]],[[7946,5770],[-51,10]],[[7924,5841],[51,-11]],[[7975,5830],[10,-35]],[[6246,3763],[-51,10]],[[6224,3834],[50,-11]],[[2695,6934],[40,25],[50,-11]],[[2785,6948],[11,-35]],[[2796,6913],[-40,-25]],[[3144,7007],[-51,10],[-11,36]],[[4040,5924],[11,-36]],[[5268,4669],[39,25]],[[5300,4562],[11,-36]],[[4238,5583],[-40,-25]],[[5090,3240],[39,25]],[[5129,3265],[50,-10]],[[3543,6625],[11,-35]],[[2529,6404],[-51,10]],[[2568,6429],[-39,-25]],[[4097,6045],[11,-36]],[[3583,4955],[-50,10]],[[3562,5026],[50,-11]],[[5687,3281],[11,-36]],[[4466,4371],[10,-36]],[[5486,4256],[-50,11]],[[5436,4267],[-11,35]],[[5425,4302],[40,25]],[[5515,4317],[11,-36]],[[2372,7830],[40,25]],[[2412,7855],[50,-11]],[[6677,5138],[-40,-25]],[[7548,4587],[-50,11]],[[7587,4612],[-39,-25]],[[2832,7868],[50,-11]],[[4083,4085],[39,25]],[[8506,4684],[-50,11]],[[8445,4730],[40,25],[50,-10]],[[6440,4522],[-51,10]],[[7000,5003],[-51,11]],[[8876,4705],[50,-10]],[[8937,4659],[-40,-25],[-50,11]],[[5805,3356],[39,25],[51,-11]],[[6836,8664],[11,-35],[-40,-25],[-50,10],[-11,36]],[[6829,6039],[39,25],[51,-11],[10,-36]],[[5924,4831],[-51,10]],[[3360,6763],[11,-36]],[[6215,5735],[-40,-25]],[[5300,4562],[-50,11]],[[5278,4633],[51,-10]],[[5339,4587],[-39,-25]],[[3066,6492],[40,25]],[[3167,6471],[-40,-25]],[[2722,7459],[-39,-25]],[[7472,4370],[-11,36]],[[7551,4420],[11,-36]],[[7562,4384],[-40,-25]],[[6028,6040],[50,-10]],[[4306,3505],[11,-35]],[[6828,5106],[-11,36]],[[4007,6030],[11,-35]],[[8389,5076],[50,-11]],[[3884,4892],[-50,10]],[[3913,4953],[11,-36]],[[3924,4917],[-40,-25]],[[4149,6798],[51,-10]],[[4200,6788],[11,-36]],[[4211,6752],[-40,-25],[-50,11]],[[5364,5747],[-50,11]],[[7799,8762],[11,-35],[-40,-25],[-50,10]],[[5744,5268],[-10,35]],[[8619,9023],[-11,35],[40,25]],[[8709,9037],[-40,-25]],[[6049,5969],[40,25]],[[5159,5956],[50,-10]],[[5032,3586],[50,-11]],[[2922,6654],[-11,36]],[[2951,6715],[50,-11]],[[3001,6704],[11,-35]],[[3012,6669],[-39,-25]],[[8960,5054],[-11,36]],[[8989,5115],[50,-11]],[[6386,4233],[-51,11]],[[6588,9015],[40,25],[50,-11]],[[5959,4556],[-50,11]],[[5938,4628],[50,-11]],[[5988,4617],[11,-36]],[[5999,4581],[-40,-25]],[[6741,4925],[50,-11],[11,-36]],[[4230,5917],[50,-10]],[[4280,5907],[11,-36]],[[8909,5699],[39,25],[51,-11],[10,-35]],[[9009,5678],[-39,-25]],[[4100,6343],[-11,36]],[[3262,4623],[-50,10],[-11,36]],[[8016,5222],[-50,10]],[[4146,6500],[-50,10]],[[4096,6510],[-11,36]],[[4175,6560],[11,-35]],[[6322,5845],[11,-35]],[[6333,5810],[-39,-25]],[[6060,5934],[50,-11]],[[2997,6871],[11,-35]],[[2821,7903],[11,-35]],[[2832,7868],[-40,-25]],[[3486,7733],[-50,10]],[[8931,4994],[-11,36]],[[8920,5030],[40,24]],[[8960,5054],[50,-10]],[[6376,5202],[-11,35]],[[9242,5528],[40,25]],[[2677,8066],[50,-11]],[[5712,6306],[-50,11]],[[5651,6352],[39,25],[51,-10],[10,-36]],[[4444,6604],[-50,11]],[[4383,6650],[39,25]],[[2589,7586],[-51,10]],[[2628,7611],[-39,-25]],[[2780,6352],[50,-11]],[[6924,4786],[-11,36]],[[7003,4836],[11,-36],[-40,-25]],[[4953,4002],[39,25]],[[5948,4126],[-10,35]],[[5777,4695],[39,25],[50,-11],[11,-35]],[[6412,5860],[-50,10]],[[6452,5885],[-40,-25]],[[4827,4728],[-11,36]],[[4916,4742],[-39,-25]],[[6655,4743],[-40,-25]],[[6643,3845],[50,-10]],[[3985,4871],[-11,36]],[[3974,4907],[39,25]],[[4074,4886],[-39,-25],[-50,10]],[[4898,5112],[-50,11]],[[4240,4185],[50,-10]],[[7474,5303],[-50,11]],[[7413,5349],[40,25]],[[7503,5363],[11,-35]],[[6394,5764],[-11,35]],[[6383,5799],[40,25]],[[6423,5824],[50,-10]],[[5457,6060],[-11,36]],[[5446,6096],[40,25]],[[5486,6121],[50,-11]],[[1577,6135],[39,25]],[[1729,6403],[51,-11]],[[1780,6392],[10,-35]],[[1790,6357],[-39,-25]],[[4846,3425],[11,-36]],[[4857,3389],[-39,-25]],[[9669,5204],[10,-36]],[[9679,5168],[-39,-25]],[[3156,5277],[11,-36]],[[8818,9147],[-51,11]],[[7847,5157],[50,-10]],[[4837,5159],[11,-36]],[[4848,5123],[-39,-25]],[[8232,5442],[-10,36]],[[475,5898],[39,25]],[[7577,4648],[-51,11]],[[5992,4450],[-51,10]],[[5931,4496],[39,25]],[[5970,4521],[50,-11]],[[2439,6389],[11,-36]],[[4061,6318],[39,25]],[[4100,6343],[50,-10]],[[4161,6297],[-39,-25]],[[6975,5242],[-11,35]],[[7004,5302],[50,-10]],[[5719,4574],[-50,10]],[[5759,4599],[-40,-25]],[[8248,4606],[-40,-25]],[[2524,6570],[40,26]],[[5565,6171],[-51,10]],[[5514,6181],[-10,36]],[[1629,6423],[-50,11],[-11,35],[39,25],[50,-10]],[[8298,4595],[-50,11]],[[8248,4606],[-11,35]],[[8327,4655],[10,-35]],[[5931,5894],[-50,11]],[[5881,5905],[-11,35]],[[2979,8003],[50,-10]],[[3040,7958],[-40,-26]],[[6357,4173],[39,25]],[[4467,6068],[50,-11]],[[6851,3935],[-11,35]],[[6880,3995],[50,-10],[11,-36]],[[3172,7067],[-50,11]],[[3111,7113],[39,25],[51,-10]],[[6152,3916],[-50,10]],[[3657,5638],[11,-36],[-40,-25]],[[5010,4590],[-11,35]],[[7369,5025],[-39,-25]],[[5762,3031],[-39,-25],[-50,11],[-11,36]],[[3604,6579],[40,25]],[[3694,6594],[11,-36]],[[3708,5162],[-39,-25]],[[4671,3228],[39,26]],[[4771,3207],[-39,-25]],[[3862,3732],[-11,35]],[[3851,3767],[40,25]],[[3941,3782],[10,-36]],[[3171,6304],[-11,35]],[[4112,4146],[-51,10]],[[4090,4217],[50,-11]],[[3054,5763],[40,25]],[[5271,4968],[-39,-25]],[[4528,6022],[-11,35]],[[4517,6057],[39,25]],[[4556,6082],[50,-10]],[[4617,6036],[-39,-25]],[[2085,7690],[-10,35],[39,25],[50,-10]],[[3694,6594],[-50,10]],[[3644,6604],[-11,36]],[[3733,6619],[-39,-25]],[[4488,5997],[40,25]],[[4528,6022],[50,-11]],[[4578,6011],[11,-35]],[[4396,5218],[-39,-26]],[[7164,8828],[11,-35]],[[7175,8793],[-39,-25]],[[6107,6090],[-50,11]],[[6136,6151],[11,-36]],[[6147,6115],[-40,-25]],[[2918,6821],[50,-10]],[[2979,6775],[-39,-25]],[[3551,6291],[-50,11]],[[3580,6352],[11,-36]],[[3082,7053],[-50,10],[-11,36],[40,25],[50,-11]],[[3111,7113],[11,-35]],[[3122,7078],[-40,-25]],[[4897,2948],[50,-11],[11,-36],[-40,-25]],[[6369,5536],[-11,36]],[[6458,5550],[-39,-25]],[[2256,6526],[-51,11]],[[2205,6537],[-10,35]],[[2295,6551],[-39,-25]],[[5054,3514],[39,26]],[[5154,3493],[-40,-25]],[[8639,5656],[40,25]],[[4982,4063],[-51,10],[-10,36]],[[3880,3828],[-50,10]],[[3858,3899],[50,-11]],[[6017,6076],[11,-36]],[[6028,6040],[-40,-25]],[[3151,5909],[-11,36]],[[3140,5945],[39,25]],[[5884,5738],[-10,35]],[[5913,5798],[50,-10]],[[8112,4901],[40,25]],[[8212,4880],[-39,-25]],[[3940,5479],[-10,36]],[[4030,5494],[-39,-25]],[[5762,9551],[11,-35]],[[5773,9516],[-39,-25]],[[4181,5462],[-11,36]],[[4209,5523],[50,-11]],[[6548,5099],[-50,10]],[[6577,5159],[10,-35]],[[6033,9595],[-51,10]],[[6062,9655],[11,-35]],[[6873,4330],[-11,36]],[[6913,4822],[-50,10]],[[6852,4868],[40,25],[50,-11]],[[6953,4847],[-40,-25]],[[2503,7405],[-50,10]],[[9544,5464],[-50,11]],[[7631,4936],[-50,11],[-11,36]],[[7671,4961],[-40,-25]],[[5429,4135],[39,25]],[[6526,4704],[-50,10]],[[6465,4750],[39,25]],[[6555,4764],[10,-35]],[[2818,6842],[39,25]],[[2907,6857],[11,-36]],[[2918,6821],[-39,-25]],[[2417,6460],[-11,35]],[[2507,6474],[-39,-25]],[[7235,4220],[-11,36]],[[7314,4270],[11,-36]],[[2405,7723],[-50,11],[-11,35]],[[2383,7794],[50,-10]],[[3800,5941],[-51,10]],[[3739,5987],[39,25]],[[3778,6012],[50,-11]],[[6956,4679],[50,-10]],[[7006,4669],[11,-36]],[[5590,5467],[50,-11]],[[4960,3667],[40,25]],[[5061,3646],[-40,-25]],[[3042,6264],[-50,11]],[[3020,6335],[50,-10],[11,-36]],[[4828,3329],[50,-11]],[[8496,5820],[-11,35]],[[8485,5855],[40,25],[50,-10]],[[3265,6151],[-11,36]],[[3293,6212],[50,-10]],[[3343,6202],[11,-36]],[[4330,4200],[-11,35]],[[4319,4235],[39,25]],[[4408,4250],[11,-36]],[[5619,5061],[-50,11]],[[5655,3854],[50,-10]],[[8566,5272],[-40,-25]],[[6016,3745],[50,-11]],[[6077,3698],[-39,-25]],[[1921,8221],[51,-11],[11,-35]],[[3189,5170],[-50,11]],[[3128,5216],[39,25]],[[3167,5241],[50,-10]],[[3760,2987],[-11,36]],[[3789,3048],[50,-11]],[[3839,3037],[10,-35]],[[5795,5723],[50,-10]],[[8263,4869],[-51,11]],[[8212,4880],[-10,35]],[[8292,4930],[10,-36]],[[6327,3179],[51,-11]],[[5210,5014],[-39,-25]],[[6720,5462],[40,25]],[[6308,5582],[-40,-25]],[[3358,5999],[-10,36]],[[3448,6014],[-39,-25]],[[5357,5149],[-39,-25]],[[5701,4011],[-50,11]],[[5651,4022],[-11,35]],[[5640,4057],[40,25]],[[2280,6754],[-50,10]],[[2230,6764],[-11,36]],[[4224,3156],[-50,10]],[[4174,3166],[-10,36]],[[4164,3202],[39,25]],[[4253,3217],[11,-36]],[[3910,8043],[-11,36],[39,25],[51,-10],[10,-36],[-39,-25]],[[5651,4954],[-50,11]],[[5590,5001],[40,25]],[[9470,5079],[-10,36]],[[9460,5115],[-51,11]],[[9438,5186],[51,-11]],[[9499,5140],[-39,-25]],[[3794,5343],[-40,-25]],[[2463,6616],[11,-35]],[[7791,4402],[-50,11]],[[7730,4449],[40,25],[50,-11]],[[5572,5837],[39,25],[51,-11],[11,-36]],[[3154,6971],[-10,36]],[[3144,7007],[39,25]],[[687,5821],[-50,10]],[[3200,5135],[-11,35]],[[3189,5170],[39,25]],[[6028,5574],[11,-35]],[[6081,4931],[-39,-25]],[[4999,4625],[-50,11]],[[4938,4671],[39,25]],[[5038,4650],[-39,-25]],[[4288,5573],[-50,10]],[[4238,5583],[-11,36]],[[4327,5598],[-39,-25]],[[2967,6047],[51,-10],[11,-36]],[[5152,5825],[11,-36]],[[6358,5572],[-50,10]],[[6308,5582],[-11,36]],[[6397,5597],[-39,-25]],[[5265,9323],[-11,35]],[[5294,9383],[50,-10]],[[5355,9337],[-40,-25]],[[1496,5787],[11,-36]],[[1507,5751],[-39,-25],[-51,11],[-10,35],[39,25],[50,-10]],[[1584,8091],[-50,10],[-11,36],[39,25],[51,-11],[11,-35],[-40,-25]],[[5041,9435],[-50,11],[-11,35],[40,25],[50,-10]],[[4813,3998],[-10,36]],[[4842,4059],[50,-11],[11,-35]],[[9584,5489],[-11,35]],[[9663,5539],[11,-36]],[[5884,3873],[-50,10]],[[6258,6059],[-50,10]],[[6208,6069],[-11,36]],[[6197,6105],[39,25]],[[6687,4170],[-51,10]],[[6715,4230],[11,-35]],[[4246,4783],[40,25]],[[4286,4808],[50,-10]],[[4347,4762],[-40,-25]],[[6791,9902],[50,-10],[11,-36],[-39,-25],[-51,11]],[[2885,6927],[-10,36]],[[2875,6963],[39,25]],[[2914,6988],[50,-10]],[[2964,6978],[11,-36]],[[6479,4547],[-11,35]],[[5014,3956],[39,25]],[[6875,5729],[50,-10]],[[6925,5719],[11,-36]],[[3916,3554],[-50,10],[-11,36],[39,25]],[[3945,3614],[10,-35]],[[6837,4138],[11,-36]],[[4059,3857],[-51,10]],[[4098,3882],[-39,-25]],[[8666,9179],[-50,10],[-11,36]],[[8645,9250],[50,-11]],[[5218,9631],[-51,10],[-10,36],[39,25]],[[2227,6466],[40,25]],[[2267,6491],[50,-10]],[[2317,6481],[11,-36]],[[7551,4420],[-50,11]],[[7490,4466],[40,25]],[[7591,4445],[-40,-25]],[[4187,6059],[-51,11]],[[4678,3360],[-11,36]],[[4757,3410],[11,-35]],[[3213,5398],[40,25]],[[3253,5423],[50,-11]],[[4328,5132],[-50,10]],[[4307,5203],[50,-11]],[[4357,5192],[11,-35]],[[4549,3321],[-50,10]],[[4578,3381],[11,-35]],[[5146,4761],[10,-36]],[[5515,4317],[-50,10]],[[5465,4327],[-11,36]],[[5554,4342],[-39,-25]],[[7070,6021],[39,25],[50,-10],[11,-36],[-39,-25]],[[3898,3458],[-10,35],[39,25]],[[2572,6262],[-11,35]],[[3956,3112],[40,25]],[[3159,5575],[-11,36],[39,25]],[[3238,5625],[10,-35]],[[7961,4933],[-50,11]],[[8001,4958],[-40,-25]],[[357,5822],[40,25]],[[458,5802],[-39,-26],[-51,11]],[[7016,8693],[11,-35],[-40,-25],[-50,10],[-11,36]],[[4151,4171],[-11,35]],[[4140,4206],[39,25]],[[4179,4231],[51,-10]],[[4230,4221],[10,-36]],[[4240,4185],[-39,-25]],[[2364,8163],[39,25],[50,-10]],[[7353,5862],[50,-11]],[[8273,4834],[-10,35]],[[8263,4869],[39,25]],[[8302,4894],[51,-11]],[[5998,3182],[50,-11]],[[3790,6740],[-10,35]],[[8027,5186],[-11,36]],[[8016,5222],[40,24]],[[5285,5697],[50,-11]],[[5346,5651],[-39,-25]],[[3452,4616],[-39,-25]],[[2011,6710],[-50,10],[-11,35],[39,26],[50,-11]],[[2050,6735],[-39,-25]],[[3417,4424],[39,25]],[[3517,4403],[-39,-25],[-51,11],[-10,35]],[[5984,3385],[39,25],[50,-11]],[[6073,3399],[11,-36]],[[4852,4490],[11,-36]],[[7921,4442],[50,-11],[10,-36],[-39,-25],[-50,11]],[[4906,4778],[-51,11]],[[5519,4150],[-51,10]],[[5468,4160],[-10,36]],[[5458,4196],[39,25]],[[5547,4210],[11,-35]],[[8319,5624],[-11,36]],[[8398,5674],[11,-36]],[[4170,5498],[-50,10]],[[4148,5569],[50,-11]],[[4198,5558],[11,-35]],[[4209,5523],[-39,-25]],[[6543,3867],[39,25]],[[6632,3881],[11,-36]],[[6643,3845],[-39,-25]],[[5529,4114],[-10,36]],[[5519,4150],[39,25]],[[5558,4175],[50,-11]],[[5619,4128],[-40,-25]],[[4891,5447],[-51,10]],[[4869,5518],[50,-11]],[[8928,5161],[-10,36]],[[8957,5222],[50,-11]],[[9018,5176],[-40,-25]],[[5113,4868],[-50,10]],[[3959,6805],[40,25]],[[3999,6830],[50,-11]],[[5690,4513],[40,25]],[[5730,4538],[50,-10]],[[3314,5377],[-11,35]],[[3303,5412],[39,25]],[[3342,5437],[50,-10],[11,-36],[-39,-25]],[[6372,9724],[-11,35]],[[6401,9784],[51,-10]],[[6452,9774],[10,-36]],[[1638,6090],[39,25]],[[1738,6069],[-39,-25]],[[1747,6499],[39,25],[50,-11],[11,-35],[-39,-25],[-50,10]],[[9523,5535],[-40,-25]],[[5896,8960],[-51,10]],[[5925,9020],[10,-35]],[[2964,4984],[-11,36]],[[3042,5034],[11,-35]],[[6810,5476],[-50,11]],[[6760,5487],[-11,36]],[[8415,5304],[-11,35]],[[8505,5318],[-40,-25]],[[4339,5096],[-11,36]],[[4328,5132],[40,25]],[[4368,5157],[50,-11]],[[4429,5111],[-40,-25]],[[8712,4940],[-50,11]],[[8662,4951],[-11,36]],[[8741,5001],[10,-36],[-39,-25]],[[4821,3663],[50,-10]],[[4629,5069],[-50,10]],[[4608,5140],[50,-11]],[[7799,8762],[-50,11]],[[7839,8787],[-40,-25]],[[7432,5911],[-50,11]],[[7371,5958],[40,25],[50,-11],[11,-36],[-40,-25]],[[2265,7719],[50,-10],[11,-36],[-39,-25]],[[5256,6568],[39,25],[51,-11],[10,-35]],[[5368,5580],[39,25]],[[7824,5862],[39,25],[51,-11],[10,-35]],[[7924,5841],[-39,-25]],[[6482,3913],[-50,10]],[[6521,3938],[-39,-25]],[[5537,3779],[-11,36]],[[5615,3829],[11,-35]],[[7586,5712],[11,-35],[-40,-25],[-50,10]],[[5379,4146],[50,-11]],[[5429,4135],[11,-35]],[[4366,3926],[-39,-25]],[[4674,3528],[-10,35]],[[9448,5784],[40,25]],[[9488,5809],[50,-10],[11,-36],[-40,-25]],[[6536,4201],[40,25]],[[6626,4216],[10,-36]],[[6636,4180],[-39,-25]],[[6541,5433],[-50,11]],[[6480,5479],[39,25]],[[2284,5823],[-40,-25],[-50,11]],[[5103,9389],[-51,11],[-11,35]],[[5041,9435],[40,25]],[[3010,5141],[-50,10]],[[2949,5187],[39,25]],[[2591,5128],[39,25]],[[3372,6262],[-50,11]],[[7654,5332],[-51,10]],[[7603,5342],[-10,36]],[[329,5762],[-50,10]],[[307,5832],[50,-10]],[[357,5822],[11,-35]],[[368,5787],[-39,-25]],[[6286,5187],[50,-10]],[[6347,5141],[-40,-25]],[[6690,9923],[40,25],[50,-10],[11,-36]],[[6791,9902],[-40,-25]],[[3628,3115],[-50,10],[-11,36],[39,25],[50,-11]],[[8404,5339],[-50,11]],[[8444,5364],[-40,-25]],[[4265,6575],[-51,10]],[[4304,6600],[-39,-25]],[[4363,3627],[-50,10]],[[4302,3673],[39,25],[51,-11],[10,-35]],[[6096,5194],[-50,10]],[[6074,5265],[51,-11]],[[4443,2743],[-50,11],[-11,35]],[[5075,3910],[39,25]],[[5175,3889],[-39,-25]],[[5271,4501],[40,25]],[[5311,4526],[50,-10]],[[5361,4516],[11,-36]],[[2667,6873],[-50,10]],[[2606,6919],[39,25],[50,-10]],[[2695,6934],[11,-36]],[[2922,7882],[-11,36]],[[2950,7943],[50,-11]],[[3000,7932],[11,-35]],[[5348,9206],[-51,10],[-10,36]],[[5326,9277],[51,-11]],[[3863,4963],[-40,-25]],[[2076,5733],[-39,-25],[-50,11],[-11,35]],[[4890,2816],[-50,10]],[[4840,2826],[-11,36]],[[4868,2887],[50,-11]],[[4918,2876],[11,-35]],[[4929,2841],[-39,-25]],[[4753,3578],[-50,10]],[[4782,3638],[10,-35]],[[7936,4705],[39,25],[50,-11]],[[4080,5483],[-50,11]],[[4030,5494],[-11,35]],[[4109,5544],[11,-36]],[[4120,5508],[-40,-25]],[[8796,5289],[-51,11]],[[6313,3382],[40,25]],[[5132,4498],[-40,-26]],[[4858,6019],[-11,36]],[[4886,6080],[51,-11]],[[6580,5458],[-10,36]],[[6659,5508],[11,-35]],[[3419,5953],[51,-10]],[[3240,5924],[-11,35]],[[3269,5984],[50,-10]],[[2779,7580],[50,-10],[11,-36]],[[6922,5886],[40,25]],[[5467,9745],[50,-10]],[[8433,5400],[-50,10]],[[5909,4101],[39,25]],[[5948,4126],[51,-11]],[[4241,3719],[-50,10]],[[4281,3744],[-40,-25]],[[4509,4229],[-11,35]],[[4537,4289],[50,-10]],[[6553,9753],[-11,35]],[[6632,9803],[11,-36]],[[6643,9767],[-40,-25]],[[7067,4622],[40,25]],[[7157,4637],[11,-36]],[[8725,4737],[-39,-24]],[[5515,5715],[39,25]],[[3806,4842],[50,-11]],[[8862,4908],[-50,11],[-10,36],[39,25]],[[8841,4980],[50,-11]],[[5744,6200],[11,-36],[-39,-25]],[[6095,3795],[-50,10]],[[6074,3866],[50,-11]],[[5823,5318],[-50,10]],[[5802,5389],[50,-11]],[[6226,6165],[-51,11]],[[6204,6236],[50,-10],[11,-36]],[[2821,7903],[-50,11]],[[2799,7974],[50,-10]],[[2860,7928],[-39,-25]],[[6387,5632],[-51,11]],[[4023,5362],[11,-36]],[[6181,3043],[-11,35]],[[6170,3078],[39,25]],[[5708,3676],[11,-35]],[[4746,6541],[-50,11],[-11,35]],[[4685,6587],[39,25]],[[4774,6602],[11,-36]],[[2502,5114],[39,25]],[[2541,5139],[50,-11]],[[2591,5128],[11,-35]],[[5788,9778],[39,25]],[[5878,9793],[11,-35]],[[6142,4884],[-10,36]],[[6221,4934],[11,-35]],[[8174,5321],[51,-10]],[[2623,6251],[39,25]],[[5254,9358],[-50,11]],[[5283,9418],[11,-35]],[[5294,9383],[-40,-25]],[[6091,3028],[50,-10]],[[6152,2982],[-39,-25],[-50,11],[-11,35]],[[4524,6189],[-11,35]],[[4552,6249],[51,-10],[10,-36]],[[4613,6203],[-39,-25]],[[6015,9035],[-51,10]],[[5953,9080],[40,25]],[[5993,9105],[51,-10],[10,-36],[-39,-24]],[[4967,4732],[-51,10]],[[4916,4742],[-10,36]],[[4906,4778],[39,25]],[[6785,5249],[-50,10]],[[6824,5274],[-39,-25]],[[5576,5669],[39,25]],[[5676,5648],[-39,-25]],[[5099,4604],[-11,36]],[[6737,4626],[11,-36]],[[6414,4294],[-50,10]],[[4468,2971],[-50,11]],[[4418,2982],[-11,36]],[[3066,7720],[-50,10],[-11,36]],[[4064,6617],[-11,35],[39,25],[50,-10]],[[5270,6365],[51,-10]],[[4889,3283],[-11,35]],[[4878,3318],[40,25]],[[3104,4988],[39,25]],[[4385,5719],[50,-11]],[[6614,3785],[51,-11]],[[3871,2930],[-50,11]],[[3810,2976],[39,26]],[[3849,3002],[50,-11]],[[5099,5536],[-51,11]],[[5038,5582],[39,25]],[[7940,5004],[-40,-25]],[[4764,3542],[-11,36]],[[4753,3578],[39,25]],[[4792,3603],[50,-11]],[[4853,3557],[-39,-25]],[[3313,7835],[-10,35]],[[3342,7895],[50,-10]],[[7259,5548],[11,-35]],[[4460,3306],[11,-35]],[[4341,5861],[40,25]],[[4431,5876],[11,-36],[-40,-25]],[[6088,3196],[-11,36]],[[5916,3766],[-50,10]],[[5855,3812],[40,25]],[[4926,5639],[-11,36],[40,25]],[[5016,5653],[-40,-25]],[[3921,6314],[-11,36]],[[4000,6364],[10,-35]],[[5945,3826],[-50,11]],[[5895,3837],[-11,36]],[[5884,3873],[39,25]],[[536,5852],[39,25]],[[626,5867],[11,-36]],[[637,5831],[-40,-25],[-50,10]],[[2313,6647],[39,26]],[[2413,6627],[-39,-25]],[[5955,3791],[-10,35]],[[5945,3826],[39,25]],[[6034,3841],[11,-36]],[[6045,3805],[-39,-25]],[[6164,5279],[-11,36]],[[5317,5590],[51,-10]],[[5368,5580],[10,-36]],[[5119,6397],[-10,35]],[[5148,6457],[50,-10]],[[6062,9655],[-51,11]],[[6102,9680],[-40,-25]],[[7491,4933],[50,-11],[11,-36]],[[7552,4886],[-39,-24]],[[9663,5539],[-50,10]],[[9703,5563],[-40,-24]],[[2526,8097],[50,-11]],[[2122,5890],[40,25]],[[2223,5869],[-40,-25]],[[5593,6231],[-50,11]],[[5532,6277],[40,25]],[[5622,6292],[11,-36]],[[7131,4409],[-50,10]],[[3773,4948],[50,-10]],[[3823,4938],[11,-36]],[[3834,4902],[-39,-25]],[[5490,4089],[39,25]],[[5529,4114],[50,-11]],[[5579,4103],[11,-35]],[[5590,4068],[-39,-25]],[[5264,5302],[-11,36],[39,25]],[[5343,5352],[10,-35]],[[3448,4784],[-11,35]],[[6450,4486],[-10,36]],[[6440,4522],[39,25]],[[6479,4547],[50,-11]],[[3077,7685],[-11,35]],[[3066,7720],[39,25]],[[3140,4715],[-50,10],[-11,36]],[[3466,6110],[39,25]],[[5859,4111],[50,-10]],[[5909,4101],[11,-36]],[[6260,3560],[-11,35]],[[8619,5094],[-50,10]],[[8558,5140],[40,25],[50,-11],[11,-35],[-40,-25]],[[7693,5357],[-10,35]],[[7722,5417],[50,-11]],[[2620,7945],[-40,-25]],[[4713,4019],[-50,11]],[[4752,4044],[-39,-25]],[[3949,3447],[39,25]],[[4591,4578],[-11,35]],[[8392,4908],[-11,36]],[[7351,8523],[-50,11],[-11,36],[40,24],[50,-10],[11,-36],[-40,-25]],[[7171,4434],[-11,35]],[[3497,5239],[-11,35]],[[3486,5274],[39,26]],[[1880,6372],[-11,35]],[[1869,6407],[39,25],[51,-10]],[[5569,4605],[-51,11]],[[5508,4652],[39,25]],[[6498,6041],[40,25],[50,-10]],[[6599,6020],[-40,-25]],[[5712,3976],[-11,35]],[[5701,4011],[40,25]],[[2076,5733],[-10,36]],[[2155,5783],[11,-35],[-39,-25],[-51,10]],[[4724,3517],[40,25]],[[4764,3542],[50,-10]],[[4814,3532],[11,-36]],[[8538,4577],[-50,11]],[[8477,4623],[40,25]],[[4742,6708],[-50,11]],[[4692,6719],[-11,35]],[[4681,6754],[39,25],[51,-10],[11,-36]],[[4202,5391],[-50,11]],[[4141,5437],[40,25]],[[4181,5462],[50,-10]],[[9459,5749],[50,-11]],[[9509,5738],[11,-36],[-40,-24]],[[5432,5367],[-50,10]],[[2584,7753],[40,25]],[[2624,7778],[50,-10],[11,-36],[-39,-25]],[[6509,6006],[50,-11]],[[6559,5995],[11,-35]],[[2577,6095],[50,-11]],[[2627,6084],[11,-35]],[[4867,3820],[-50,11]],[[4806,3866],[40,25]],[[4758,5108],[51,-10]],[[4809,5098],[10,-36]],[[4669,4628],[-50,10]],[[4443,2743],[39,25]],[[4543,2722],[-39,-25],[-50,11],[-11,35]],[[5619,5527],[-40,-25]],[[2480,5949],[40,25]],[[3413,7051],[39,25]],[[2219,6800],[-51,10],[-11,35],[40,25]],[[2258,6825],[-39,-25]],[[8228,5143],[-51,11]],[[6047,8928],[-50,11]],[[5986,8974],[40,25]],[[6026,8999],[50,-10]],[[5791,4492],[-11,36]],[[5780,4528],[40,25]],[[5870,4542],[10,-36]],[[6003,5813],[-11,35]],[[6031,5873],[51,-10]],[[8668,5717],[-50,10]],[[8706,9204],[-11,35]],[[8695,9239],[40,25]],[[8796,9218],[-39,-25]],[[5202,6280],[-50,10],[-11,36]],[[5231,6340],[11,-35]],[[3953,4512],[40,25]],[[9875,5460],[10,-36],[-39,-24]],[[7978,5663],[-50,11],[-11,35],[39,25]],[[8007,5723],[10,-35]],[[5086,3408],[11,-36],[-40,-25]],[[4349,3363],[50,-11]],[[4410,3317],[-39,-25]],[[5189,4152],[-50,11]],[[7668,5129],[-40,-25]],[[6505,8667],[-51,10],[-11,36]],[[6443,8713],[40,25]],[[5791,4026],[-50,10]],[[5741,4036],[-11,36]],[[5819,4086],[11,-35]],[[8113,5368],[-10,35]],[[8142,5428],[51,-11]],[[8203,5382],[-39,-25]],[[2957,6082],[10,-35]],[[2967,6047],[-39,-25]],[[8729,5670],[-50,11]],[[8679,5681],[-11,36]],[[8668,5717],[40,25]],[[6462,5383],[50,-10]],[[8697,5777],[-50,11]],[[8676,5848],[50,-10],[11,-36]],[[3254,6187],[-50,10]],[[3282,6247],[11,-35]],[[3293,6212],[-39,-25]],[[3425,7779],[11,-36]],[[3436,7743],[-40,-25]],[[3685,4468],[-50,10]],[[2033,5875],[-50,11]],[[2061,5936],[11,-36]],[[5416,9291],[-10,36]],[[5496,9341],[11,-35]],[[5507,9306],[-40,-25]],[[7215,5224],[-10,36]],[[7205,5260],[39,25]],[[5874,5773],[-51,11]],[[5812,5819],[40,25]],[[5852,5844],[50,-10]],[[5902,5834],[11,-36]],[[5913,5798],[-39,-25]],[[4408,4716],[-11,36]],[[3761,4219],[-11,36]],[[3789,4280],[50,-11]],[[5970,5919],[-10,36]],[[5999,5980],[50,-11]],[[6049,5969],[11,-35]],[[6060,5934],[-39,-25]],[[3229,5959],[-50,11]],[[3179,5970],[-11,35],[40,25],[50,-10]],[[3258,6020],[11,-36]],[[3269,5984],[-40,-25]],[[3989,4704],[-40,-25]],[[5569,3672],[-11,36]],[[5658,3687],[-39,-25]],[[5561,4940],[11,-36]],[[5572,4904],[-39,-25],[-50,11]],[[7176,5199],[39,25]],[[7215,5224],[51,-10]],[[6383,4867],[50,-11]],[[6443,4821],[-39,-25]],[[2142,6284],[-50,11]],[[2081,6330],[39,25]],[[4087,3918],[-50,10]],[[4116,3978],[10,-35]],[[5192,5384],[11,-36],[-40,-25]],[[6866,4665],[-10,35]],[[6856,4700],[39,25]],[[6945,4715],[11,-36]],[[6956,4679],[-39,-25]],[[6904,5790],[-40,-25]],[[5256,5636],[51,-10]],[[5307,5626],[10,-36]],[[5317,5590],[-39,-25]],[[5680,5015],[-50,11]],[[5630,5026],[-11,35]],[[5619,5061],[39,25]],[[7872,4919],[-51,10]],[[7850,4990],[50,-11]],[[7900,4979],[11,-35]],[[7911,4944],[-39,-25]],[[4648,4699],[-40,-25]],[[5662,3053],[-50,10]],[[5701,3078],[-39,-25]],[[8171,5489],[-39,-25]],[[5360,6380],[-11,35]],[[5389,6440],[50,-10],[11,-36]],[[4457,5172],[-11,35]],[[5902,3035],[-50,11]],[[2764,7782],[-50,11],[-11,35]],[[2742,7853],[50,-10]],[[2792,7843],[11,-36]],[[3688,4767],[-40,-25]],[[7404,4284],[-50,11]],[[7382,4356],[51,-11]],[[7375,5790],[39,25]],[[6448,5586],[-51,11]],[[6397,5597],[-10,35]],[[6387,5632],[39,25]],[[6477,5647],[10,-36]],[[5067,4245],[-50,10]],[[5017,4255],[-11,36]],[[5096,4305],[11,-35]],[[4023,5362],[-50,10]],[[4002,5433],[50,-10]],[[4063,5387],[-40,-25]],[[5665,4752],[51,-11],[10,-36]],[[2341,5944],[-40,-25]],[[5072,3144],[-40,-25],[-50,11]],[[7684,5858],[-11,36],[40,25],[50,-11],[11,-35]],[[5396,5640],[-50,11]],[[5346,5651],[-11,35]],[[5335,5686],[40,25]],[[5103,9389],[39,25]],[[5193,9404],[11,-35]],[[5204,9369],[-40,-25],[-50,10],[-11,35]],[[3086,8114],[40,25],[50,-10],[11,-36],[-40,-25]],[[8703,5443],[39,25]],[[5321,4957],[-50,11]],[[5271,4968],[-11,35]],[[5547,4210],[-50,11]],[[5497,4221],[-11,35]],[[5486,4256],[40,25]],[[5526,4281],[50,-10]],[[5587,4235],[-40,-25]],[[6071,4966],[-51,11]],[[5153,4426],[39,25]],[[5253,4405],[-39,-25]],[[6719,4063],[-50,10]],[[6658,4109],[39,25]],[[6747,4123],[11,-35]],[[7142,4373],[-11,36]],[[7131,4409],[40,25]],[[7171,4434],[50,-11]],[[7232,4388],[-40,-25]],[[4375,3124],[-51,11]],[[4314,3170],[39,26]],[[2181,6309],[-11,36]],[[4355,3961],[-50,11]],[[2716,6099],[-50,10]],[[2666,6109],[-11,36]],[[6690,4469],[-39,-25]],[[2341,6708],[-50,10]],[[2291,6718],[-11,36]],[[2280,6754],[39,25]],[[4914,3511],[-11,35]],[[4993,3561],[10,-36]],[[6416,5693],[-51,10]],[[6355,5739],[39,25]],[[6394,5764],[50,-11]],[[4688,3791],[40,25]],[[4778,3806],[11,-36],[-40,-25],[-50,11]],[[6321,8805],[-51,10]],[[6350,8865],[11,-35]],[[7728,5082],[-10,36]],[[7808,5132],[10,-35]],[[1996,6148],[-51,11]],[[4243,4950],[39,25]],[[4332,4965],[11,-36]],[[4343,4929],[-39,-25]],[[8482,4923],[-11,35]],[[8561,4973],[11,-36]],[[8028,4552],[-50,11],[-10,35]],[[2772,7449],[-50,10]],[[2722,7459],[-11,35]],[[2750,7520],[51,-11]],[[5492,9508],[40,25]],[[5593,9487],[-40,-25]],[[6123,9609],[40,25]],[[6213,9624],[11,-36]],[[6224,9588],[-40,-24],[-50,10]],[[7336,4665],[-50,11],[-11,36],[40,25]],[[7365,4726],[11,-36]],[[6218,5568],[50,-11]],[[6268,5557],[11,-35]],[[2039,6007],[-11,35]],[[5124,4832],[-11,36]],[[5113,4868],[40,25]],[[5203,4882],[11,-35]],[[4248,3850],[-11,36]],[[4277,3911],[50,-10]],[[4327,3901],[11,-36]],[[9047,5236],[-11,36],[40,25],[50,-11]],[[3867,3098],[-50,10]],[[3896,3158],[10,-35]],[[8100,4470],[-40,-25],[-50,11],[-10,35],[39,25]],[[4780,5037],[39,25]],[[4819,5062],[50,-10]],[[6329,5511],[40,25]],[[6369,5536],[50,-11]],[[6419,5525],[11,-35]],[[8384,4777],[11,-36]],[[4711,5418],[-50,10]],[[4650,5464],[40,25]],[[2619,5189],[-50,10]],[[2598,5260],[50,-11],[11,-35]],[[1886,8029],[-50,10],[-11,36],[40,25]],[[3721,7120],[51,-11]],[[1149,5692],[-39,-25],[-50,11],[-11,35]],[[3648,6437],[-40,-25]],[[6052,3003],[-50,11]],[[6080,3064],[11,-36]],[[6091,3028],[-39,-25]],[[2487,6844],[-50,10]],[[2466,6915],[50,-11]],[[3978,4739],[-50,11]],[[3956,4810],[50,-10],[11,-36]],[[1974,6219],[-39,-25]],[[6139,5984],[-50,10]],[[6089,5994],[-11,36]],[[6078,6030],[40,25]],[[6118,6055],[50,-11]],[[6168,6044],[11,-35]],[[4108,4313],[-50,10],[-11,36],[39,25]],[[4136,4373],[11,-35]],[[7074,4288],[-50,10]],[[7052,4359],[51,-11]],[[2961,5915],[11,-35]],[[2079,7558],[-50,11],[-11,35],[39,25]],[[7065,5256],[-11,36]],[[7054,5292],[40,25]],[[7094,5317],[50,-11]],[[7144,5306],[10,-35]],[[7154,5271],[-39,-25]],[[4385,3089],[-10,35]],[[4375,3124],[39,25]],[[4303,5370],[50,-10]],[[5310,5925],[50,-11]],[[8308,5660],[-50,10]],[[8348,5685],[-40,-25]],[[5154,3493],[-11,36]],[[5182,3554],[50,-11]],[[5232,3543],[11,-35],[-39,-25],[-50,10]],[[7169,5534],[11,-36]],[[3053,6229],[-11,35]],[[3042,6264],[39,25]],[[3081,6289],[51,-10]],[[6085,4297],[-51,10]],[[5146,3828],[50,-10],[11,-36]],[[5648,3722],[-51,11]],[[5587,3769],[39,25]],[[5626,3794],[50,-11]],[[9518,5236],[-51,11]],[[3944,5312],[51,-11]],[[2007,6113],[-11,35]],[[1996,6148],[39,26]],[[2085,6163],[11,-35]],[[4130,5938],[-51,11]],[[4068,5984],[40,25]],[[4108,6009],[50,-10]],[[4158,5999],[11,-36]],[[4862,5386],[39,25]],[[4962,5365],[-39,-25]],[[5582,8128],[-50,11],[-11,35],[40,25],[50,-10],[11,-36],[-40,-25]],[[7510,5495],[-10,36],[39,25],[51,-11]],[[7600,5510],[-39,-25]],[[6712,4864],[51,-11]],[[5784,9016],[-11,35]],[[5874,9031],[-39,-25]],[[4755,5276],[-11,35]],[[3993,7927],[10,-36],[-39,-25],[-50,11]],[[3547,6458],[11,-35]],[[5141,6326],[-50,10],[-11,36]],[[5080,6372],[39,25]],[[5119,6397],[51,-11]],[[5180,6351],[-39,-25]],[[2833,6640],[50,-11]],[[2156,8073],[-51,10]],[[5673,4417],[-11,36]],[[5701,4478],[50,-11]],[[5077,5141],[40,25]],[[9515,5403],[40,25]],[[9605,5418],[11,-36]],[[5683,3448],[-50,11]],[[5662,3519],[50,-10]],[[4753,6673],[-11,35]],[[4742,6708],[40,25]],[[4782,6733],[50,-10],[11,-36]],[[2712,6266],[-50,10]],[[2662,6276],[-11,36]],[[2741,6327],[10,-36]],[[6285,3788],[-11,35]],[[6274,3823],[40,25]],[[3343,4972],[11,-36]],[[3514,5335],[-50,10],[-11,36],[40,25]],[[3543,5396],[11,-36]],[[1886,8029],[40,25]],[[1976,8044],[11,-36],[-39,-25],[-51,11],[-11,35]],[[7210,3992],[50,-11]],[[7270,3946],[-39,-25],[-50,11],[-11,35]],[[6675,3739],[-10,35]],[[6665,3774],[39,25]],[[2560,7526],[40,25]],[[2600,7551],[50,-11]],[[2661,7505],[-40,-25]],[[5274,6198],[-11,36]],[[7725,5250],[-10,35]],[[2212,7431],[-39,-25],[-50,11],[-11,35],[39,25]],[[4786,6101],[-50,10]],[[4725,6147],[39,25]],[[4764,6172],[50,-11]],[[1206,5813],[50,-10],[11,-35],[-39,-25]],[[1548,6075],[-50,10],[-11,36],[39,25]],[[1526,6146],[51,-11]],[[1577,6135],[10,-35]],[[3720,4660],[50,-10]],[[3770,4650],[11,-36]],[[9227,5265],[50,-11]],[[9277,5254],[11,-36]],[[4408,4250],[-50,10]],[[4358,4260],[-10,36]],[[4387,4321],[50,-11]],[[4448,4275],[-40,-25]],[[5225,9762],[-11,36],[40,24],[50,-10]],[[5315,9777],[-39,-25]],[[4274,5310],[50,-11]],[[4335,5264],[-39,-25]],[[6704,9721],[-11,36]],[[6693,9757],[40,25],[51,-11]],[[6784,9771],[10,-35]],[[6794,9736],[-39,-25]],[[4148,3872],[-50,10]],[[4098,3882],[-11,36]],[[4087,3918],[39,25]],[[4126,3943],[50,-11]],[[4187,3897],[-39,-25]],[[6544,8692],[-11,35]],[[6634,8706],[-39,-25]],[[2699,6767],[-50,10]],[[2638,6813],[40,25]],[[2739,6792],[-40,-25]],[[6332,9699],[40,25]],[[6372,9724],[51,-11]],[[6124,4322],[-11,35]],[[6203,4372],[11,-36]],[[3897,5621],[40,25]],[[6128,5553],[-10,36]],[[6207,5603],[11,-35]],[[6218,5568],[-40,-25]],[[2777,6053],[-50,11]],[[2727,6064],[-11,35]],[[2716,6099],[40,25]],[[3639,5542],[50,-11],[11,-35]],[[3860,4664],[-50,11]],[[3810,4675],[-11,35]],[[3888,4725],[11,-36]],[[8269,4534],[39,25]],[[8359,4549],[10,-36]],[[8369,4513],[-39,-25],[-51,11]],[[4948,5568],[-50,10]],[[4887,5614],[39,25]],[[4926,5639],[50,-11]],[[4976,5628],[11,-35]],[[3896,6087],[-11,35]],[[3925,6147],[50,-10]],[[3975,6137],[11,-36]],[[4330,6362],[39,25],[50,-10],[11,-36]],[[4510,5460],[-10,35]],[[4589,5510],[11,-36]],[[4787,4703],[40,25]],[[4827,4728],[50,-11]],[[4877,4717],[11,-35]],[[7567,5150],[11,-36]],[[5336,4288],[11,-36]],[[3965,5707],[-11,35]],[[4044,5757],[11,-36]],[[3176,6901],[-50,10],[-11,35],[39,25]],[[3154,6971],[51,-10]],[[3216,6926],[-40,-25]],[[1557,5741],[39,25]],[[1657,5720],[-39,-25],[-50,11],[-11,35]],[[4927,5173],[-50,11]],[[1714,5841],[-11,36],[40,25]],[[9541,5631],[40,25]],[[9642,5610],[-40,-25]],[[5680,5481],[-11,36]],[[5393,5808],[-51,10]],[[5332,5854],[39,25]],[[4022,4131],[-50,10],[-11,36],[40,25]],[[4051,4192],[10,-36]],[[4061,4156],[-39,-25]],[[2380,6733],[-11,35]],[[2409,6794],[50,-11]],[[8051,4947],[-50,11]],[[8001,4958],[-11,36]],[[8030,5019],[50,-11]],[[8080,5008],[11,-36]],[[8091,4972],[-40,-25]],[[7169,5534],[-50,10]],[[7209,5559],[-40,-25]],[[5816,4254],[39,25]],[[7815,5264],[-11,36]],[[5748,8824],[-50,11],[-11,35],[39,25],[51,-10]],[[5788,8849],[-40,-25]],[[5013,5355],[-51,10]],[[4962,5365],[-10,36]],[[5174,5288],[50,-11]],[[3910,6350],[-50,10]],[[3949,6375],[-39,-25]],[[2574,5796],[11,-35],[-39,-25],[-51,10]],[[5061,3180],[-50,10]],[[5039,3251],[51,-11]],[[5090,3240],[10,-35]],[[6859,4533],[-50,11]],[[6798,4579],[40,25]],[[2279,5990],[-39,-25]],[[4964,3500],[39,25]],[[5003,3525],[51,-11]],[[5054,3514],[10,-35]],[[3042,5034],[-50,11]],[[2981,5080],[40,25]],[[3082,5059],[-40,-25]],[[8758,5731],[-50,11]],[[8708,5742],[-11,35]],[[8697,5777],[40,25]],[[8737,5802],[50,-11]],[[6932,5384],[-50,11]],[[6911,5455],[50,-10]],[[3590,5086],[-39,-25]],[[3395,6955],[-11,35]],[[3424,7015],[50,-10]],[[5021,4088],[-11,35]],[[5100,4138],[10,-36]],[[4270,5477],[-11,35]],[[4259,5512],[40,25]],[[4299,5537],[50,-10]],[[7208,5093],[-50,10]],[[7187,5164],[50,-11]],[[8170,5022],[-50,11]],[[8120,5033],[-11,36]],[[8149,5093],[50,-10]],[[8209,5047],[-39,-25]],[[2854,7797],[39,25]],[[2954,7776],[-39,-25],[-50,10]],[[4848,4657],[40,25]],[[4888,4682],[50,-11]],[[4938,4671],[11,-35]],[[4949,4636],[-40,-25]],[[5633,5790],[40,25]],[[5673,5815],[50,-10]],[[8880,5638],[-51,11]],[[8858,5710],[51,-11]],[[8909,5699],[10,-36]],[[3774,3251],[39,25]],[[5504,5285],[50,-11]],[[4293,6636],[-50,10]],[[4232,6681],[40,25],[50,-10],[11,-35]],[[7129,5043],[50,-11]],[[7190,4996],[-40,-25],[-50,11]],[[3281,6713],[50,-11]],[[3342,6667],[-39,-25]],[[6091,9716],[-51,10]],[[6120,9776],[10,-35]],[[3458,6444],[10,-36]],[[6717,5629],[40,25]],[[2360,6339],[51,-11]],[[2770,5157],[39,26],[50,-11]],[[6660,5974],[-11,36]],[[6689,6035],[50,-11]],[[5787,3260],[-11,35]],[[5816,3320],[50,-10]],[[5877,3274],[-40,-25]],[[442,4942],[39,25],[50,-10],[11,-36],[-39,-25],[-50,10]],[[7497,4131],[10,-35],[-39,-25],[-50,10]],[[5494,3922],[39,25]],[[6053,5802],[39,25]],[[6154,5781],[-40,-25]],[[1492,5954],[39,25]],[[1592,5933],[-39,-25],[-51,10]],[[5802,3990],[-11,36]],[[5791,4026],[39,25]],[[5830,4051],[50,-11]],[[4145,5270],[40,25]],[[4235,5285],[11,-36]],[[9463,4947],[-51,11]],[[1854,8135],[-51,10]],[[1882,8196],[11,-36]],[[3697,5197],[-50,11]],[[8809,5087],[-10,35]],[[8838,5147],[51,-11]],[[8899,5101],[-39,-25]],[[2761,6721],[39,25]],[[2861,6700],[-39,-25]],[[5622,9083],[-51,10],[-10,36]],[[5600,9154],[51,-11]],[[4825,6126],[-11,35]],[[4814,6161],[40,25]],[[4854,6186],[50,-10],[11,-36],[-39,-25]],[[2694,8161],[-50,11]],[[2644,8172],[-11,35],[39,25],[51,-10]],[[1804,5856],[-11,36]],[[3289,5149],[-11,36]],[[3282,6247],[-50,11]],[[3221,6293],[40,25]],[[3311,6308],[11,-35]],[[3322,6273],[-40,-26]],[[5744,8991],[40,25]],[[5784,9016],[51,-10]],[[5835,9006],[10,-36]],[[5845,8970],[-39,-25],[-51,11],[-11,35]],[[5988,3684],[50,-11]],[[6038,3673],[11,-35]],[[4682,3193],[50,-11]],[[4732,3182],[11,-35],[-40,-25]],[[5751,3534],[-10,35]],[[5841,3548],[-40,-25]],[[5228,4177],[-10,36]],[[5257,4238],[50,-11]],[[3987,5636],[-50,10]],[[3937,5646],[-11,36]],[[3926,5682],[39,25]],[[3965,5707],[50,-11]],[[3688,3069],[-50,10],[-10,36]],[[3628,3115],[39,25]],[[4966,5198],[-11,36]],[[5056,5213],[-40,-25]],[[5916,5165],[-50,11]],[[5866,5176],[-11,35]],[[4464,3139],[-50,10]],[[4414,3149],[-11,36]],[[5866,6108],[40,25]],[[5967,6086],[-40,-25]],[[6550,3532],[39,25]],[[6589,3557],[50,-11]],[[3885,6122],[-50,11]],[[3914,6183],[11,-36]],[[3925,6147],[-40,-25]],[[2925,4959],[39,25]],[[2964,4984],[50,-10]],[[3025,4938],[-39,-25]],[[7655,5798],[-11,35]],[[7644,5833],[40,25]],[[7684,5858],[50,-10]],[[6570,5494],[-51,10]],[[6519,5504],[-10,36]],[[6609,5519],[-39,-25]],[[2581,6692],[-50,10]],[[2610,6752],[11,-35]],[[2598,6024],[40,25]],[[2638,6049],[50,-10]],[[2688,6039],[11,-36]],[[5100,4138],[-51,10]],[[5039,4184],[39,25]],[[5128,4198],[11,-35]],[[5139,4163],[-39,-25]],[[6878,5096],[39,25]],[[6978,5074],[-39,-24]],[[3661,5471],[39,25]],[[3700,5496],[50,-11]],[[2066,5769],[-51,10]],[[2004,5815],[40,25]],[[2105,5794],[-39,-25]],[[6181,9730],[40,25]],[[6271,9745],[11,-36]],[[3071,5095],[-50,10]],[[3021,5105],[-11,36]],[[3010,5141],[39,25]],[[3099,5155],[11,-35]],[[8847,9207],[-51,11]],[[8796,9218],[-10,35]],[[5149,4594],[40,25]],[[5239,4608],[11,-35]],[[5250,4573],[-40,-25]],[[6664,9696],[40,25]],[[6704,9721],[51,-10]],[[6755,9711],[10,-36],[-39,-25]],[[6426,5191],[39,25]],[[6526,5170],[-39,-25]],[[1732,5937],[-51,11]],[[1710,6008],[50,-10]],[[3743,7049],[40,25]],[[3844,7028],[-40,-25]],[[5384,9398],[-11,35]],[[6494,4810],[-51,11]],[[6443,4821],[-10,35]],[[6433,4856],[39,25]],[[8715,4773],[-50,11]],[[8654,4819],[39,25],[51,-10],[10,-36]],[[6943,5349],[-11,35]],[[6932,5384],[40,25]],[[7033,5363],[-40,-25]],[[5959,3623],[50,-10]],[[6020,3577],[-40,-25],[-50,11]],[[5019,6418],[-50,10],[-11,36]],[[5058,6443],[-39,-25]],[[8575,4770],[-11,35],[40,25],[50,-11]],[[8654,4819],[11,-35]],[[8665,4784],[-40,-25]],[[6350,4507],[11,-35]],[[4820,4596],[-50,11]],[[4798,4667],[50,-10]],[[4848,4657],[11,-36]],[[4045,3593],[-11,36]],[[4160,5067],[-11,36]],[[4239,5117],[10,-35]],[[5938,4161],[-50,11]],[[5877,4207],[39,25]],[[5977,4186],[-39,-25]],[[5341,9539],[39,25]],[[5431,9554],[11,-36]],[[6725,3728],[40,25]],[[6826,3707],[-40,-25]],[[4685,3959],[39,25]],[[4724,3984],[50,-11]],[[4785,3938],[-40,-25]],[[5737,5602],[-11,36]],[[5766,5663],[50,-11]],[[4668,6026],[-51,10]],[[4617,6036],[-11,36]],[[4606,6072],[40,25]],[[4696,6086],[11,-35]],[[4707,6051],[-39,-25]],[[353,4927],[39,25],[50,-10]],[[442,4942],[11,-36]],[[453,4906],[-39,-25]],[[4004,4035],[-10,35]],[[3994,4070],[39,25]],[[4033,4095],[50,-10]],[[4083,4085],[11,-36]],[[5809,4588],[-50,11]],[[5759,4599],[-11,35]],[[5787,4659],[50,-10]],[[2878,6032],[50,-10]],[[2928,6022],[11,-36]],[[3920,3386],[-50,11]],[[3870,3397],[-11,36],[39,25]],[[3898,3458],[51,-11]],[[3949,3447],[10,-35]],[[5984,4784],[-50,11]],[[5934,4795],[-10,36]],[[5924,4831],[39,25]],[[8698,9072],[-50,11]],[[8648,9083],[-11,35],[40,25]],[[8727,9133],[11,-36]],[[5235,5242],[-11,35]],[[5224,5277],[40,25]],[[5264,5302],[50,-10]],[[8075,5809],[-10,35]],[[8104,5869],[50,-10]],[[5973,3887],[-50,11]],[[5923,3898],[-10,35]],[[1138,5728],[-50,10]],[[1077,5774],[39,25]],[[1167,5788],[11,-35]],[[8057,4613],[-50,10]],[[7996,4659],[40,25]],[[6773,4818],[-10,35]],[[6763,4853],[39,25]],[[6802,4878],[50,-10]],[[6852,4868],[11,-36]],[[6863,4832],[-39,-25]],[[3750,4255],[-50,10]],[[3689,4301],[39,25],[50,-11],[11,-35]],[[3789,4280],[-39,-25]],[[3948,5145],[51,-11]],[[5336,4288],[-50,11]],[[5275,4334],[39,25]],[[5364,4349],[11,-36]],[[5375,4313],[-39,-25]],[[7025,5231],[40,25]],[[7065,5256],[50,-10]],[[7115,5246],[11,-36]],[[2916,5293],[-50,11],[-11,35],[40,25],[50,-10],[11,-36]],[[4974,4397],[11,-35]],[[6602,5853],[-10,36]],[[6681,5903],[11,-35]],[[6287,6119],[-51,11]],[[6236,6130],[-10,35]],[[6226,6165],[39,25]],[[6265,6190],[50,-10]],[[9390,5663],[-50,11]],[[9329,5710],[40,25]],[[9419,5724],[11,-36]],[[6340,5476],[50,-11]],[[2236,7659],[51,-11]],[[2287,7648],[11,-35]],[[2298,7613],[-40,-25]],[[2033,8165],[39,25],[51,-11]],[[2134,8144],[-40,-25]],[[3818,5571],[-10,35],[39,26],[50,-11]],[[3897,5621],[11,-35]],[[3939,3016],[-11,36]],[[3967,3077],[50,-11]],[[4028,3031],[-39,-25]],[[9621,5047],[50,-11],[11,-35],[-40,-25]],[[5917,5631],[50,-10]],[[5978,5585],[-40,-25]],[[6347,4675],[39,25]],[[6436,4689],[11,-35]],[[8769,5695],[-11,36]],[[8758,5731],[40,25]],[[8848,5745],[10,-35]],[[8858,5710],[-39,-25]],[[3456,5680],[-11,35]],[[2812,7474],[-11,35]],[[2801,7509],[39,25]],[[2840,7534],[51,-10]],[[3123,6613],[40,25]],[[3400,6323],[-50,10]],[[3379,6394],[50,-11]],[[4616,4339],[-50,11]],[[4566,4350],[-11,35]],[[4594,4411],[51,-11]],[[3445,4485],[-50,10]],[[3423,4556],[51,-11],[10,-35]],[[8761,5564],[-50,10]],[[8700,5610],[40,25]],[[8790,5624],[10,-35]],[[7660,4997],[-50,11]],[[7639,5068],[50,-10]],[[7359,5061],[-51,10]],[[2260,6360],[-50,10]],[[2238,6430],[50,-10]],[[6361,9759],[-50,11]],[[6390,9819],[11,-35]],[[6401,9784],[-40,-25]],[[6816,4209],[-11,36],[39,25]],[[6282,4888],[40,25]],[[6372,4903],[11,-36]],[[6383,4867],[-40,-25]],[[3547,7687],[-50,10]],[[3497,7697],[-11,36]],[[3486,7733],[40,25]],[[3587,7712],[-40,-25]],[[4011,5863],[40,25]],[[4051,5888],[50,-10]],[[4981,4529],[-11,36]],[[4970,4565],[40,25]],[[5010,4590],[50,-11]],[[5071,4544],[-40,-25]],[[4041,3761],[-11,35]],[[4030,3796],[39,25]],[[4069,3821],[50,-10]],[[7196,4195],[39,25]],[[7235,4220],[50,-10]],[[7296,4174],[-40,-25]],[[6714,5796],[-51,11]],[[6653,5843],[39,25]],[[6692,5868],[50,-11]],[[6505,8667],[39,25]],[[6544,8692],[51,-11]],[[6595,8681],[10,-35]],[[6605,8646],[-39,-25],[-51,11],[-10,35]],[[3755,6548],[39,25]],[[3845,6563],[11,-36]],[[1581,5968],[-50,11]],[[1531,5979],[-11,35],[39,25]],[[7016,8693],[-50,11]],[[7056,8718],[-40,-25]],[[3167,7699],[-11,36]],[[9137,5250],[-11,36]],[[9126,5286],[40,25]],[[9216,5300],[11,-35]],[[9227,5265],[-40,-25]],[[5579,5968],[-39,-25]],[[6578,3592],[-50,11]],[[6618,3617],[-40,-25]],[[4149,5103],[-50,10]],[[4188,5128],[-39,-25]],[[8561,4973],[-50,10]],[[8540,5044],[50,-11]],[[8601,4997],[-40,-24]],[[6671,3439],[11,-35],[-39,-25],[-50,10],[-11,36]],[[6469,5049],[50,-11]],[[6530,5003],[-40,-25]],[[6963,4345],[-11,35]],[[7042,4394],[10,-35]],[[7052,4359],[-39,-25]],[[7812,5431],[-11,36]],[[7902,5446],[-40,-25]],[[1592,5933],[-11,35]],[[1581,5968],[39,26]],[[1670,5983],[11,-35]],[[1681,5948],[-39,-25],[-50,10]],[[5333,3522],[-11,36],[39,25]],[[6739,3525],[51,-11],[10,-35],[-39,-25],[-50,10]],[[6826,3707],[-11,35]],[[6905,3757],[10,-36],[-39,-25],[-50,11]],[[4560,3285],[-11,36]],[[4549,3321],[40,25]],[[4589,3346],[50,-11]],[[4650,3300],[-40,-25]],[[4466,4371],[-51,10]],[[4444,4442],[50,-10]],[[4505,4396],[-39,-25]],[[2574,5796],[-50,11]],[[2613,5821],[-39,-25]],[[3136,6112],[-51,10]],[[3085,6122],[-10,36]],[[3164,6172],[11,-35]],[[6403,3396],[-50,11]],[[6353,3407],[-11,35]],[[8549,4542],[-11,35]],[[8538,4577],[40,25]],[[9248,5193],[40,25]],[[9288,5218],[50,-10]],[[8048,5115],[-50,10]],[[7987,5161],[40,25]],[[8027,5186],[50,-11]],[[2515,6141],[51,-11]],[[2566,6130],[11,-35]],[[2577,6095],[-40,-25]],[[2943,7812],[-50,10]],[[2893,7822],[-11,35]],[[2882,7857],[40,25]],[[2922,7882],[50,-10]],[[1852,6311],[-11,35]],[[1841,6346],[39,26]],[[1880,6372],[50,-11]],[[5878,9793],[-51,10]],[[5827,9803],[-10,36],[39,25]],[[5856,9864],[51,-11]],[[5918,9818],[-40,-25]],[[9512,5571],[-50,10]],[[9491,5642],[50,-11]],[[9541,5631],[11,-35]],[[6715,4230],[-50,11]],[[6654,4276],[40,25]],[[6744,4291],[11,-36],[-40,-25]],[[6170,8836],[-51,11],[-11,35]],[[6148,8907],[50,-10]],[[4298,3840],[40,25]],[[4338,3865],[50,-11]],[[3802,6239],[-10,36]],[[3831,6300],[50,-11]],[[6737,4626],[-50,10]],[[6676,4672],[40,25]],[[6766,4686],[11,-35]],[[6777,4651],[-40,-25]],[[6263,3392],[50,-10]],[[6313,3382],[11,-36]],[[4216,3957],[-11,36]],[[4294,4007],[11,-35]],[[4305,3972],[-39,-25]],[[5891,5403],[-10,36]],[[7700,5022],[-11,36]],[[7689,5058],[39,24]],[[7728,5082],[51,-10]],[[7571,8577],[-39,-25],[-51,11],[-11,35],[40,25]],[[2136,7679],[39,25]],[[2226,7694],[10,-35]],[[2236,7659],[-39,-25]],[[8467,5759],[-11,36]],[[8456,5795],[40,25]],[[8496,5820],[50,-11]],[[6349,3107],[39,25]],[[6438,3122],[11,-36],[-39,-25],[-50,11]],[[2874,8191],[-51,10]],[[2813,8237],[39,25],[50,-11],[11,-35],[-39,-25]],[[2808,6412],[-39,-25]],[[7783,5371],[-11,35]],[[7772,5406],[40,25]],[[7812,5431],[50,-10]],[[7862,5421],[11,-36]],[[3841,6730],[39,25]],[[3941,6709],[-39,-25]],[[5468,5559],[-11,35]],[[5558,5573],[-40,-25]],[[3217,7689],[39,25]],[[1915,8089],[-50,11]],[[1865,8100],[-11,35]],[[1854,8135],[39,25]],[[1893,8160],[50,-10]],[[3160,5109],[40,26]],[[3200,5135],[50,-11]],[[5687,3748],[-11,35]],[[5676,3783],[40,25]],[[4643,3168],[10,-36]],[[4622,2772],[39,25]],[[3765,4052],[50,-11]],[[3009,6371],[11,-36]],[[3020,6335],[-39,-25]],[[4679,5524],[-50,11]],[[4657,5595],[51,-10]],[[7314,4270],[-50,11]],[[7253,4316],[40,25]],[[7343,4331],[11,-36]],[[7354,4295],[-40,-25]],[[6814,5775],[50,-10]],[[6864,5765],[11,-36]],[[6875,5729],[-39,-25]],[[3428,5619],[-11,36]],[[3417,5655],[39,25]],[[3456,5680],[50,-11]],[[2659,5978],[40,25]],[[2699,6003],[50,-10]],[[5762,4431],[-11,36]],[[5751,4467],[40,25]],[[5791,4492],[50,-11]],[[5852,4446],[-40,-25]],[[2781,5122],[50,-10]],[[9573,5524],[-50,11]],[[9523,5535],[-11,36]],[[9512,5571],[40,25]],[[9552,5596],[50,-11]],[[9602,5585],[11,-36]],[[9613,5549],[-40,-25]],[[6265,5724],[-50,11]],[[6215,5735],[-11,36]],[[6243,5795],[51,-10]],[[6294,5785],[10,-36]],[[3348,6035],[-51,10]],[[3297,6045],[-11,35]],[[3387,6060],[-39,-25]],[[1882,5906],[-50,11]],[[4183,4064],[-10,35]],[[4212,4124],[50,-10]],[[3845,6563],[-51,10]],[[3794,6573],[-10,36]],[[3873,6623],[11,-35],[-39,-25]],[[4838,4226],[-11,36]],[[4917,4276],[11,-35]],[[4928,4241],[-40,-25]],[[6729,4027],[-10,36]],[[6719,4063],[39,25]],[[6758,4088],[50,-11]],[[5905,4268],[-50,11]],[[5855,4279],[-10,35]],[[6518,3639],[10,-36]],[[6528,3603],[-39,-25]],[[3852,7923],[-10,35]],[[3942,7937],[-39,-25]],[[5981,5418],[-11,35]],[[6089,5528],[39,25]],[[6128,5553],[50,-10]],[[6178,5543],[11,-36]],[[3728,3094],[-11,35]],[[3806,3144],[11,-36]],[[3817,3108],[-39,-25]],[[6641,4946],[39,25],[51,-11],[10,-35]],[[6741,4925],[-39,-25]],[[8071,5510],[10,-36]],[[1882,8196],[-50,10]],[[1910,8256],[11,-35]],[[1921,8221],[-39,-25]],[[4294,4474],[50,-11]],[[6640,4013],[50,-11]],[[2195,8098],[-11,36]],[[2223,8159],[51,-11]],[[2285,8113],[-40,-25]],[[2170,6345],[-50,10]],[[2120,6355],[-11,36]],[[2199,6405],[11,-35]],[[2210,6370],[-40,-25]],[[6954,5779],[-50,11]],[[6904,5790],[-11,35]],[[6933,5850],[50,-10]],[[3498,6003],[-50,11]],[[3448,6014],[-11,35]],[[3476,6074],[51,-10]],[[6254,5294],[-11,35]],[[8100,4470],[-11,36]],[[8190,4484],[-40,-25],[-50,11]],[[8107,5702],[-10,36]],[[3083,5824],[-50,10]],[[3022,5870],[39,25]],[[3061,5895],[50,-11]],[[8581,5535],[11,-35]],[[3724,4493],[-11,35]],[[3814,4507],[-40,-25]],[[6411,4461],[39,25]],[[6450,4486],[50,-10]],[[9737,5289],[-39,-25]],[[5239,4608],[-50,11]],[[5189,4619],[-11,35]],[[5217,4679],[51,-10]],[[5268,4669],[10,-36]],[[5278,4633],[-39,-25]],[[5662,9108],[-11,35]],[[5651,9143],[39,25]],[[5741,9158],[11,-36]],[[2439,6389],[-50,10]],[[2378,6435],[39,25]],[[2417,6460],[51,-11]],[[2468,6449],[10,-35]],[[2478,6414],[-39,-25]],[[4952,5401],[-51,10]],[[4901,5411],[-10,36]],[[4891,5447],[39,25]],[[4991,5426],[-39,-25]],[[2804,6579],[50,-10]],[[4903,3546],[-50,11]],[[4853,3557],[-11,35]],[[4842,3592],[40,25]],[[4943,3571],[-40,-25]],[[2269,7552],[51,-10]],[[2320,7542],[10,-35]],[[2330,7507],[-39,-26]],[[4201,5857],[51,-11]],[[4262,5811],[-39,-25]],[[2469,5220],[-50,10],[-11,36]],[[5418,6035],[39,25]],[[5457,6060],[50,-10]],[[5518,6014],[-39,-25]],[[3273,4587],[-11,36]],[[3262,4623],[39,25]],[[3352,4637],[10,-35]],[[2976,5713],[-40,-25],[-50,10],[-11,36],[40,25]],[[8876,9268],[-50,10]],[[8815,9314],[40,25],[50,-11],[11,-35]],[[3769,3884],[-11,36]],[[3847,3935],[11,-36]],[[3858,3899],[-39,-25]],[[7538,5089],[40,25]],[[7578,5114],[50,-10]],[[7628,5104],[11,-36]],[[7639,5068],[-40,-25]],[[6027,4176],[-50,10]],[[5977,4186],[-11,36]],[[6006,4247],[50,-11]],[[5576,6135],[-11,36]],[[5565,6171],[39,25]],[[5655,6185],[10,-35]],[[4354,6590],[-50,10]],[[4304,6600],[-11,36]],[[4293,6636],[40,25]],[[4333,6661],[50,-11]],[[4383,6650],[11,-35]],[[4394,6615],[-40,-25]],[[5168,3757],[39,25]],[[5207,3782],[50,-11],[11,-35]],[[5594,3434],[-50,10]],[[5623,3494],[10,-35]],[[5633,3459],[-39,-25]],[[6002,4414],[-10,36]],[[5992,4450],[39,25]],[[4313,5800],[-51,11]],[[4262,5811],[-10,35]],[[4252,5846],[39,25]],[[4291,5871],[50,-10]],[[4341,5861],[11,-36]],[[3695,3200],[-11,36],[40,25],[50,-10]],[[3774,3251],[11,-36]],[[6364,3838],[-50,10]],[[6314,3848],[-11,36]],[[6392,3898],[11,-35]],[[6675,9661],[51,-11]],[[6726,9650],[10,-35],[-39,-25]],[[2689,7565],[-11,36]],[[2768,7615],[11,-35]],[[2779,7580],[-39,-25]],[[7839,8787],[-11,36]],[[7868,8848],[50,-11]],[[7918,8837],[11,-36],[-40,-24],[-50,10]],[[6518,3639],[-51,10]],[[6557,3664],[-39,-25]],[[4805,5265],[39,25]],[[4905,5244],[-39,-25]],[[6837,4138],[-50,10]],[[6776,4184],[40,25]],[[6816,4209],[50,-11]],[[6876,4163],[-39,-25]],[[6314,9603],[-10,35]],[[6343,9663],[51,-10]],[[6580,4992],[-50,11]],[[6530,5003],[-11,35]],[[6519,5038],[39,25]],[[6609,5053],[10,-36]],[[6619,5017],[-39,-25]],[[7362,4893],[-50,11],[-11,36]],[[7341,4965],[50,-11]],[[7615,5773],[40,25]],[[7655,5798],[50,-11]],[[7716,5752],[-40,-25],[-50,10]],[[3930,5515],[-51,10]],[[3869,5561],[39,25]],[[3908,5586],[50,-11]],[[3969,5540],[-39,-25]],[[7045,8754],[-50,10]],[[6984,8800],[40,24]],[[7074,8814],[11,-36]],[[4472,2804],[-50,10]],[[2153,6249],[-11,35]],[[2142,6284],[39,25]],[[2181,6309],[51,-10]],[[4492,3199],[-50,11]],[[4432,3246],[39,25]],[[4471,3271],[50,-11]],[[5939,9747],[40,25]],[[6029,9762],[11,-36]],[[6040,9726],[-39,-25]],[[5249,5971],[-11,35]],[[5278,6031],[50,-10]],[[5339,5985],[-40,-25]],[[2670,5942],[51,-10]],[[2731,5897],[-39,-25]],[[2496,6510],[-50,10]],[[2435,6556],[39,25]],[[2474,6581],[50,-11]],[[2524,6570],[11,-35]],[[6131,3987],[-39,-25]],[[4722,2751],[-11,36]],[[4750,2812],[50,-11]],[[4800,2801],[11,-35]],[[2977,5247],[-50,11],[-11,35]],[[2916,5293],[40,25]],[[2956,5318],[50,-10]],[[6721,8888],[-40,-25]],[[5411,5438],[-40,-25]],[[7629,8698],[-10,35]],[[7709,8748],[11,-36]],[[7720,8712],[-40,-25]],[[7828,8823],[-50,10]],[[7807,8894],[50,-11]],[[7857,8883],[11,-35]],[[7868,8848],[-40,-25]],[[3659,4706],[50,-10]],[[3709,4696],[11,-36]],[[3720,4660],[-39,-25]],[[4698,4688],[-50,11]],[[4648,4699],[-11,35]],[[4727,4749],[10,-36]],[[6747,4123],[-50,11]],[[6697,4134],[-10,36]],[[6687,4170],[39,25]],[[6726,4195],[50,-11]],[[6776,4184],[11,-36]],[[6787,4148],[-40,-25]],[[2817,6078],[-11,36]],[[2906,6093],[-39,-25]],[[5920,4998],[-50,10]],[[5898,5069],[51,-11]],[[5712,4908],[-50,11]],[[5662,4919],[-11,35]],[[5651,4954],[39,25]],[[8851,5578],[39,25]],[[8951,5557],[-39,-25]],[[8922,5496],[51,-11]],[[8983,5450],[-39,-25],[-51,10]],[[3038,5201],[-50,11]],[[2988,5212],[-11,35]],[[2977,5247],[40,25]],[[3067,5262],[11,-36]],[[9068,5165],[-50,11]],[[9018,5176],[-11,35]],[[9007,5211],[40,25]],[[9047,5236],[50,-11]],[[4833,5326],[-50,10]],[[4812,5397],[50,-11]],[[4862,5386],[11,-35]],[[8158,5692],[39,24]],[[8247,5706],[11,-36]],[[8258,5670],[-40,-25]],[[7420,5015],[-51,10]],[[7369,5025],[-10,36]],[[7359,5061],[39,25]],[[7459,5039],[-39,-24]],[[4000,6364],[-51,11]],[[3949,6375],[-11,35]],[[3978,6435],[50,-10]],[[4039,6389],[-39,-25]],[[4846,3425],[-50,10]],[[4785,3471],[40,25]],[[4825,3496],[50,-10]],[[4885,3450],[-39,-25]],[[2409,7557],[-50,10]],[[2359,7567],[-11,35]],[[2348,7602],[39,26]],[[4995,4793],[-50,10]],[[4945,4803],[-11,36]],[[5024,4853],[11,-35]],[[3713,4528],[-50,11]],[[3692,4599],[50,-10]],[[3753,4553],[-40,-25]],[[5052,5380],[-11,35]],[[5142,5394],[-40,-25]],[[2276,6921],[39,25],[50,-11]],[[6701,3967],[-11,35]],[[6690,4002],[39,25]],[[6729,4027],[51,-10]],[[6790,3981],[-39,-25]],[[5512,3551],[50,-10]],[[5572,3505],[-39,-25]],[[5719,5972],[-50,11]],[[5748,6033],[11,-36]],[[4382,2789],[-50,11],[-11,36]],[[4411,2850],[11,-36]],[[4422,2814],[-40,-25]],[[6278,4123],[-39,-25]],[[3849,6396],[11,-36]],[[3860,6360],[-40,-25]],[[3783,5379],[-50,10]],[[3722,5425],[39,25]],[[6418,8951],[-10,35]],[[6447,9011],[51,-10]],[[3058,6825],[39,25]],[[3097,6850],[51,-10]],[[5809,3655],[-11,36]],[[5837,3716],[50,-11]],[[2894,6594],[-11,35]],[[2883,6629],[39,25]],[[2922,6654],[51,-10]],[[2973,6644],[10,-36]],[[5192,5384],[-50,10]],[[5142,5394],[-11,36]],[[5170,5455],[51,-11]],[[5231,5409],[-39,-25]],[[2151,5950],[-51,11]],[[2090,5996],[39,25]],[[2179,6011],[11,-35]],[[4864,6616],[-50,11]],[[4803,6662],[40,25]],[[4843,6687],[50,-10],[11,-36]],[[4904,6641],[-40,-25]],[[1906,8423],[39,25],[51,-11],[11,-35],[-40,-25]],[[9322,4944],[-10,36]],[[9402,4994],[10,-36]],[[9412,4958],[-39,-25],[-51,11]],[[5508,3252],[-50,10]],[[5487,3323],[50,-10]],[[9660,5706],[40,25],[50,-11]],[[5193,9404],[-51,10]],[[5142,9414],[-10,36]],[[5233,9429],[-40,-25]],[[5227,6507],[-50,11]],[[5166,6553],[39,25],[51,-10]],[[5256,6568],[11,-36]],[[6840,6003],[50,-11]],[[6901,5957],[-40,-25]],[[3286,6080],[-50,11]],[[3225,6126],[40,25]],[[3265,6151],[50,-10]],[[3326,6106],[-40,-26]],[[5741,4969],[-51,10]],[[5690,4979],[-10,36]],[[5680,5015],[39,25]],[[9337,5841],[-10,36],[39,25],[51,-11],[10,-35]],[[9427,5856],[-39,-25]],[[6204,5771],[-50,10]],[[6154,5781],[-11,36]],[[6233,5831],[10,-36]],[[6243,5795],[-39,-24]],[[5870,5940],[-50,11]],[[5809,5986],[39,25]],[[5909,5965],[-39,-25]],[[3698,6427],[-50,10]],[[3648,6437],[-11,36]],[[3869,6790],[-50,11]],[[3808,6836],[40,25],[50,-10]],[[3898,6851],[11,-36]],[[6443,4354],[-50,11]],[[6422,4426],[50,-11]],[[6632,9803],[-50,10]],[[6571,9848],[39,25]],[[6672,9827],[-40,-24]],[[4934,4839],[-50,10]],[[4873,4885],[40,25]],[[4913,4910],[50,-11]],[[4974,4864],[-40,-25]],[[9013,4876],[40,25]],[[5565,5239],[-11,35]],[[5554,5274],[40,25]],[[5594,5299],[50,-10]],[[5644,5289],[11,-36]],[[3179,4740],[-10,35]],[[3896,3158],[-51,11]],[[3835,3205],[39,25]],[[3935,3183],[-39,-25]],[[7086,5185],[40,25]],[[7126,5210],[50,-11]],[[7176,5199],[11,-35]],[[7187,5164],[-40,-25]],[[5996,5681],[-51,11]],[[5935,5727],[39,25]],[[3543,5396],[-50,10]],[[3493,5406],[-11,36]],[[3582,5421],[-39,-25]],[[5383,3512],[39,25]],[[5472,3526],[11,-35]],[[5647,9774],[-11,36]],[[5636,9810],[40,25]],[[5726,9824],[11,-35]],[[6836,8664],[-50,11]],[[6815,8735],[50,-10]],[[6876,8689],[-40,-25]],[[6635,5746],[50,-10]],[[6696,5700],[-40,-25]],[[6356,3239],[-39,-25]],[[5776,3762],[-10,36]],[[5805,3823],[50,-11]],[[5855,3812],[11,-36]],[[5866,3776],[-39,-25]],[[6087,9882],[11,-35]],[[3277,6880],[-11,35]],[[3305,6940],[51,-10]],[[2859,6402],[-51,10]],[[2808,6412],[-11,36]],[[2887,6462],[11,-35]],[[2470,6748],[-11,35]],[[2459,6783],[39,25]],[[2560,6762],[-40,-25]],[[6537,4668],[-11,36]],[[6526,4704],[39,25]],[[6565,4729],[50,-11]],[[6615,4718],[11,-36]],[[6024,5742],[-50,10]],[[5974,5752],[-11,36]],[[5963,5788],[40,25]],[[6003,5813],[50,-11]],[[6053,5802],[11,-35]],[[3213,6627],[-50,11]],[[3163,6638],[-11,35]],[[3242,6688],[10,-36]],[[2463,5853],[-11,35]],[[2491,5913],[50,-10]],[[2552,5867],[-39,-25]],[[8257,5204],[-51,11]],[[8196,5250],[39,25]],[[5325,5256],[-11,36]],[[5314,5292],[39,25]],[[5353,5317],[51,-11]],[[4547,5186],[-11,36]],[[4636,5201],[-39,-25]],[[2497,8036],[50,-10]],[[2558,7990],[-39,-25]],[[9222,4965],[-50,11]],[[9262,4990],[-40,-25]],[[4974,4397],[-50,11]],[[4913,4443],[39,26]],[[5013,4422],[-39,-25]],[[6978,4608],[39,25]],[[7017,4633],[50,-11]],[[7067,4622],[11,-35]],[[3804,5774],[-51,10]],[[2895,6128],[-50,11]],[[2874,6199],[50,-10]],[[2376,6900],[-11,35]],[[2365,6935],[40,25],[50,-10],[11,-35]],[[2466,6915],[-40,-25]],[[2140,7513],[-50,10],[-11,35]],[[2079,7558],[39,25]],[[4321,2836],[-50,10]],[[4261,2882],[39,25],[50,-11]],[[4361,2861],[-40,-25]],[[9901,5688],[11,-36]],[[9912,5652],[-40,-25]],[[3788,7670],[-50,11],[-11,35],[40,25],[50,-10],[11,-36],[-40,-25]],[[6872,3863],[11,-35]],[[6572,3927],[-51,11]],[[6521,3938],[-10,35]],[[6600,3988],[11,-36]],[[1797,5725],[11,-36],[-39,-25],[-50,10],[-11,36]],[[2738,8020],[-11,35]],[[2727,8055],[39,25]],[[2766,8080],[51,-10]],[[2828,8034],[-40,-25]],[[5006,4757],[-11,36]],[[4995,4793],[40,25]],[[5035,4818],[50,-11]],[[5096,4771],[-40,-25]],[[2452,5888],[-50,10]],[[2402,5898],[-11,36]],[[2430,5959],[50,-10]],[[2480,5949],[11,-36]],[[2491,5913],[-39,-25]],[[8861,5542],[51,-10]],[[8912,5532],[10,-36]],[[8922,5496],[-39,-25]],[[4385,5253],[-50,11]],[[4335,5264],[-11,35]],[[4324,5299],[40,25]],[[5819,4086],[-50,11]],[[5848,4147],[11,-36]],[[5859,4111],[-40,-25]],[[7963,5400],[-11,35]],[[7992,5460],[50,-11]],[[8053,5414],[-40,-25]],[[6710,8923],[-50,11]],[[6649,8969],[40,25]],[[4803,4034],[-51,10]],[[4752,4044],[-10,36]],[[4831,4094],[11,-35]],[[4842,4059],[-39,-25]],[[3233,7022],[-50,10]],[[3183,7032],[-11,35]],[[3172,7067],[40,25]],[[1701,6342],[50,-10]],[[1751,6332],[11,-36]],[[5896,8960],[39,25]],[[5935,8985],[51,-11]],[[5986,8974],[11,-35]],[[5997,8939],[-40,-25],[-50,10],[-11,36]],[[4142,3273],[-39,-25]],[[2284,6587],[-50,10]],[[2262,6658],[51,-11]],[[2313,6647],[10,-35]],[[1911,5967],[-51,10]],[[1939,6027],[11,-35]],[[6211,5436],[-51,11]],[[6150,5482],[39,25]],[[6189,5507],[50,-10]],[[3892,6254],[-11,35]],[[3881,6289],[40,25]],[[3921,6314],[50,-10]],[[3982,6268],[-40,-25]],[[4310,3338],[11,-36]],[[6439,3589],[50,-11]],[[6489,3578],[11,-36]],[[4277,3445],[40,25]],[[4317,3470],[50,-11]],[[4378,3424],[-40,-25]],[[6440,8880],[-51,10]],[[6379,8926],[39,25]],[[6418,8951],[51,-11]],[[6405,9617],[-11,36]],[[6394,9653],[39,25]],[[4178,5163],[-51,11]],[[4156,5234],[50,-10]],[[3199,7593],[-39,-25],[-51,10],[-10,36]],[[2625,6550],[-11,35]],[[3101,7912],[-11,35]],[[5429,5534],[39,25]],[[5468,5559],[50,-11]],[[5518,5548],[11,-35]],[[5780,4994],[-11,35]],[[5859,5044],[11,-36]],[[5870,5008],[-40,-25]],[[4378,5587],[-51,11]],[[4327,5598],[-10,35]],[[4356,5658],[50,-10]],[[4417,5612],[-39,-25]],[[4614,3107],[39,25]],[[4653,3132],[50,-10]],[[4703,3122],[11,-36]],[[8790,5624],[-50,11]],[[8740,5635],[-11,35]],[[8729,5670],[40,25]],[[8769,5695],[50,-10]],[[8819,5685],[10,-36]],[[8829,5649],[-39,-25]],[[3603,5815],[-40,-25]],[[4009,3401],[40,25]],[[7314,5837],[10,-36]],[[6143,5817],[-51,10]],[[6092,5827],[-10,36]],[[6082,5863],[39,25]],[[6182,5842],[-39,-25]],[[3343,4972],[-50,10]],[[3383,4997],[-40,-25]],[[2057,5339],[-11,35],[39,25]],[[2135,5389],[11,-36],[-39,-25]],[[8983,5450],[-10,35]],[[8973,5485],[39,25]],[[9062,5500],[11,-36]],[[9073,5464],[-40,-25],[-50,11]],[[6199,3139],[-51,11]],[[6138,3185],[39,25]],[[6782,5882],[-11,35]],[[6811,5942],[50,-10]],[[6861,5932],[11,-36]],[[9271,5589],[-50,10]],[[9300,5649],[11,-36]],[[6771,5917],[-50,11]],[[6710,5964],[40,25]],[[6800,5978],[11,-36]],[[6811,5942],[-40,-25]],[[5658,3220],[40,25]],[[5698,3245],[50,-10]],[[5759,3199],[-40,-25]],[[3806,3144],[-50,10]],[[3745,3190],[40,25]],[[3785,3215],[50,-10]],[[3835,3205],[10,-36]],[[3845,3169],[-39,-25]],[[9705,5396],[-10,36]],[[9785,5446],[10,-36]],[[5377,9731],[-11,35]],[[5405,9791],[51,-10],[11,-36]],[[5467,9745],[-40,-25]],[[1049,5713],[-50,10],[-11,36],[39,25],[50,-10]],[[1077,5774],[11,-36]],[[1088,5738],[-39,-25]],[[3950,5909],[11,-35]],[[8144,4794],[-50,11]],[[8123,4866],[50,-11]],[[8173,4855],[11,-36]],[[8184,4819],[-40,-25]],[[6626,4216],[-50,10]],[[6576,4226],[-11,36]],[[6604,4287],[50,-11]],[[6654,4276],[11,-35]],[[6665,4241],[-39,-25]],[[8488,5688],[-50,11]],[[8427,5734],[40,25]],[[8467,5759],[50,-10]],[[8528,5713],[-40,-25]],[[5995,3349],[50,-11]],[[4242,5416],[-11,36]],[[4231,5452],[39,25]],[[4270,5477],[50,-11]],[[4331,5431],[-39,-25]],[[2675,6539],[40,25]],[[2765,6554],[11,-35]],[[3664,4073],[-50,10],[-10,36],[39,25]],[[3693,4133],[11,-35]],[[8186,5752],[-50,11]],[[8126,5798],[39,25]],[[4637,4734],[-50,11]],[[4676,4760],[-39,-26]],[[4281,3744],[-11,35]],[[4309,3804],[50,-10]],[[4370,3758],[-39,-25],[-50,11]],[[6461,4917],[-50,11]],[[6440,4988],[50,-10]],[[6490,4978],[11,-36]],[[2711,7494],[-50,11]],[[2661,7505],[-11,35]],[[2650,7540],[39,25]],[[2689,7565],[51,-10]],[[2740,7555],[10,-35]],[[2750,7520],[-39,-26]],[[4301,4139],[-11,36]],[[4290,4175],[40,25]],[[4330,4200],[50,-11]],[[4391,4154],[-40,-25]],[[5178,5120],[-11,36]],[[5257,5170],[10,-35]],[[5561,6338],[-50,10]],[[5500,6384],[40,25],[50,-11],[11,-35]],[[7080,5986],[51,-11]],[[7131,5975],[10,-36]],[[4729,5980],[39,25]],[[4768,6005],[50,-11]],[[6592,5889],[-51,10]],[[6531,5935],[39,25]],[[6570,5960],[50,-11]],[[6631,5914],[-39,-25]],[[5834,6214],[-50,11]],[[5813,6285],[50,-10]],[[5874,6239],[-40,-25]],[[2728,6827],[-50,11]],[[2678,6838],[-11,35]],[[2667,6873],[39,25]],[[2706,6898],[50,-10]],[[2756,6888],[11,-36]],[[4740,5478],[-50,11]],[[4690,5489],[-11,35]],[[4679,5524],[39,25]],[[5913,3933],[-51,11]],[[5852,3979],[39,25]],[[5952,3958],[-39,-25]],[[8282,5432],[40,25]],[[8372,5446],[11,-36]],[[8383,5410],[-40,-24]],[[7923,5375],[40,25]],[[7963,5400],[50,-11]],[[8013,5389],[11,-36]],[[2664,5811],[-51,10]],[[2613,5821],[-10,36]],[[2642,5882],[50,-10]],[[2692,5872],[11,-36]],[[2703,5836],[-39,-25]],[[7677,8854],[39,25]],[[7767,8869],[11,-36]],[[7778,8833],[-40,-25]],[[3184,6567],[40,25]],[[3803,4543],[-50,10]],[[3753,4553],[-11,36]],[[3742,4589],[39,25]],[[3781,4614],[50,-10]],[[4624,4005],[10,-36]],[[7750,5011],[39,25]],[[7840,5026],[10,-36]],[[7850,4990],[-39,-25]],[[1755,8454],[-50,10],[-11,35],[39,25],[50,-10],[11,-35]],[[4469,4204],[40,25]],[[4509,4229],[50,-11]],[[3250,6354],[-51,10]],[[3189,6400],[39,25]],[[5318,3725],[40,25]],[[5408,3740],[10,-36],[-39,-25],[-50,11]],[[3517,4403],[-11,36]],[[3596,4453],[10,-35]],[[3606,4418],[-39,-25],[-50,10]],[[6135,5219],[-10,35]],[[6125,5254],[39,25]],[[6164,5279],[50,-10]],[[7173,5833],[-10,35]],[[7263,5847],[-39,-25]],[[5741,9158],[-51,10]],[[5690,9168],[-10,36]],[[5719,9229],[51,-11],[10,-35],[-39,-25]],[[2865,6533],[-11,36]],[[2854,6569],[40,25]],[[2894,6594],[50,-11]],[[2118,6057],[-50,10]],[[2057,6103],[39,25]],[[2096,6128],[50,-11]],[[6107,5158],[-11,36]],[[6096,5194],[39,25]],[[6135,5219],[50,-11]],[[6227,3200],[-50,10]],[[6177,3210],[-11,36]],[[6256,3260],[11,-35]],[[5366,9766],[-51,11]],[[5315,9777],[-11,35]],[[5304,9812],[40,25],[51,-10],[10,-36]],[[5405,9791],[-39,-25]],[[7683,5392],[-51,11]],[[7622,5438],[39,25]],[[7711,5453],[11,-36]],[[7722,5417],[-39,-25]],[[6372,4903],[-50,10]],[[6322,4913],[-11,36]],[[6401,4963],[10,-35]],[[6411,4928],[-39,-25]],[[5705,5243],[39,25]],[[5744,5268],[50,-11]],[[5805,5222],[-39,-25]],[[5071,4077],[39,25]],[[5110,4102],[51,-10]],[[5253,5804],[-11,35]],[[5281,5864],[51,-10]],[[5332,5854],[10,-36]],[[5342,5818],[-39,-25]],[[5257,5170],[-51,11]],[[5196,5217],[39,25]],[[5235,5242],[50,-11]],[[5296,5195],[-39,-25]],[[2157,6082],[-11,35]],[[2146,6117],[40,25]],[[7314,5837],[-51,10]],[[7263,5847],[-10,36]],[[7342,5897],[11,-35]],[[7353,5862],[-39,-25]],[[5694,3413],[-11,35]],[[5683,3448],[40,25]],[[5784,3427],[-40,-25]],[[5479,4591],[-50,11]],[[5458,4662],[50,-10]],[[5508,4652],[10,-36]],[[5518,4616],[-39,-25]],[[6484,9667],[-51,11]],[[6433,9678],[-10,35]],[[6423,9713],[39,25]],[[6462,9738],[51,-10]],[[5049,5081],[-51,10]],[[5027,5152],[50,-11]],[[5077,5141],[11,-35]],[[4374,3591],[-11,36]],[[4363,3627],[39,25]],[[4402,3652],[50,-11]],[[4452,3641],[11,-36]],[[2085,6163],[-50,11]],[[2035,6174],[-11,35]],[[2063,6234],[51,-10]],[[2125,6188],[-40,-25]],[[3433,4986],[-50,11]],[[3383,4997],[-11,35]],[[2335,8103],[-50,10]],[[2285,8113],[-11,35]],[[2274,8148],[39,25],[51,-10]],[[2364,8163],[11,-35]],[[2563,5068],[39,25]],[[2602,5093],[50,-11]],[[2663,5047],[-39,-25],[-50,10]],[[9528,5200],[-10,36]],[[9518,5236],[39,25]],[[9618,5215],[-39,-25]],[[2509,6009],[-50,11]],[[2487,6080],[50,-10]],[[2537,6070],[11,-36]],[[3810,5905],[-10,36]],[[3800,5941],[39,25]],[[3900,5920],[-39,-25]],[[2527,6869],[-11,35]],[[2516,6904],[39,25],[51,-10]],[[2606,6919],[11,-36]],[[2617,6883],[-40,-25]],[[7715,5285],[-51,11]],[[7664,5296],[-10,36]],[[7654,5332],[39,25]],[[7693,5357],[50,-11]],[[7754,5310],[-39,-25]],[[6680,4504],[-50,11]],[[6658,4576],[51,-11]],[[8555,5307],[-50,11]],[[8505,5318],[-11,36]],[[8534,5378],[50,-10]],[[7291,5442],[-50,10]],[[7230,5488],[40,25]],[[7270,5513],[50,-11],[11,-36],[-40,-24]],[[4766,4308],[-50,10]],[[1156,5060],[-50,10],[-11,36],[40,25],[50,-10],[11,-36]],[[5623,3494],[-51,11]],[[5572,3505],[-10,36]],[[5562,3541],[39,25]],[[5651,3555],[11,-36]],[[5662,3519],[-39,-25]],[[3441,5882],[40,25]],[[3542,5861],[-40,-25]],[[5496,9341],[-51,11]],[[5434,9387],[40,25]],[[5525,9402],[10,-36],[-39,-25]],[[6318,5080],[50,-10]],[[5820,9672],[11,-35]],[[4113,5377],[-50,10]],[[4063,5387],[-11,36]],[[4052,5423],[39,25]],[[4091,5448],[50,-11]],[[4141,5437],[11,-35]],[[4152,5402],[-39,-25]],[[3758,5151],[-50,11]],[[3708,5162],[-11,35]],[[3697,5197],[40,25]],[[3787,5212],[11,-36]],[[3339,7597],[-50,11]],[[3278,7643],[40,25]],[[3506,4439],[-50,10]],[[3456,4449],[-11,36]],[[3445,4485],[39,25]],[[3484,4510],[51,-11]],[[3545,4464],[-39,-25]],[[4236,4352],[-10,36]],[[4265,4413],[50,-11]],[[4500,5495],[-51,11]],[[4439,5541],[39,25]],[[4539,5520],[-39,-25]],[[6235,4731],[-10,36]],[[6325,4746],[-39,-25]],[[6229,5998],[40,25]],[[2957,4853],[-50,10],[-11,35]],[[2935,4924],[51,-11]],[[2986,4913],[10,-35]],[[5182,4487],[-50,11]],[[5132,4498],[-11,35]],[[5160,4558],[50,-10]],[[5210,4548],[11,-36]],[[5364,6213],[-11,35]],[[5453,6227],[-39,-25]],[[2431,6723],[39,25]],[[2470,6748],[50,-11]],[[2520,6737],[11,-35]],[[2531,6702],[-39,-25]],[[1963,6255],[-50,10]],[[1902,6301],[39,25]],[[7256,5715],[-50,11]],[[7234,5787],[51,-11]],[[6667,5640],[50,-11]],[[6717,5629],[11,-35]],[[7295,5740],[-10,36]],[[7285,5776],[39,25]],[[7324,5801],[51,-11]],[[7375,5790],[10,-35]],[[5930,3096],[-50,11]],[[5959,3157],[11,-36]],[[6120,9776],[-51,11]],[[6058,9822],[40,25]],[[6098,9847],[51,-11]],[[6159,9801],[-39,-25]],[[9880,5759],[-11,36],[40,25]],[[9959,5809],[11,-36],[-40,-25]],[[6888,4594],[-50,10]],[[6838,4604],[-11,36]],[[6827,4640],[39,25]],[[6866,4665],[51,-11]],[[6917,4654],[10,-35]],[[5443,6263],[-51,10]],[[5471,6323],[11,-35]],[[2195,6572],[-51,11]],[[2223,6633],[11,-36]],[[2234,6597],[-39,-25]],[[3580,6352],[-51,10]],[[3519,6398],[39,25]],[[3558,6423],[50,-11]],[[3608,6412],[11,-35]],[[3619,6377],[-39,-25]],[[6841,4437],[-11,36],[40,25]],[[235,4852],[-50,10],[-11,35],[39,25],[50,-10]],[[4591,4111],[-50,11]],[[4530,4158],[40,25]],[[4620,4172],[11,-35]],[[4458,4705],[39,25]],[[4547,4720],[11,-36]],[[1167,5788],[-51,11]],[[1116,5799],[-11,35],[40,25],[50,-10],[11,-36]],[[1206,5813],[-39,-25]],[[6164,4813],[-50,11]],[[6103,4859],[39,25]],[[6142,4884],[50,-10]],[[5386,3344],[-50,11],[-10,35],[39,25]],[[5953,6289],[39,25],[50,-10],[11,-36]],[[8937,4659],[-11,36]],[[8926,4695],[40,25]],[[8966,4720],[50,-11]],[[9027,4673],[-40,-25],[-50,11]],[[3257,5256],[-11,35]],[[5472,5392],[-11,35]],[[5551,5442],[10,-36]],[[7417,5648],[-39,-25]],[[3847,3935],[-50,10]],[[3786,3981],[40,25]],[[3887,3960],[-40,-25]],[[7775,5239],[40,25]],[[7815,5264],[50,-11]],[[7876,5218],[-40,-25]],[[1770,8252],[-11,35],[40,25],[50,-10]],[[1860,8266],[-39,-25]],[[2463,6616],[-50,11]],[[2413,6627],[-11,35]],[[2441,6687],[51,-10]],[[2492,6677],[11,-36]],[[2503,6641],[-40,-25]],[[2454,6187],[-11,35]],[[2483,6247],[50,-10]],[[2544,6201],[-39,-25]],[[5003,4458],[-51,11]],[[4952,4469],[-10,35]],[[4942,4504],[39,25]],[[4981,4529],[50,-10]],[[5031,4519],[11,-36]],[[5547,3277],[-10,36]],[[5537,3313],[39,25]],[[5576,3338],[50,-11]],[[5637,3291],[-39,-25]],[[3644,7833],[-11,35]],[[3633,7868],[40,25]],[[3734,7847],[-40,-25],[-50,11]],[[3258,4790],[-50,10]],[[3197,4836],[39,25]],[[5963,4389],[39,25]],[[6002,4414],[50,-10]],[[6063,4368],[-39,-25]],[[2587,8051],[-11,35]],[[2576,8086],[39,25]],[[2615,8111],[51,-10]],[[2666,8101],[11,-35]],[[2677,8066],[-40,-26]],[[7435,5744],[40,25]],[[7536,5723],[-40,-25]],[[3005,7766],[-51,10]],[[2954,7776],[-11,36]],[[2943,7812],[40,25]],[[3044,7791],[-39,-25]],[[4279,4676],[11,-35]],[[4002,4967],[-50,11]],[[5608,5563],[-50,10]],[[5558,5573],[-11,36]],[[5586,5634],[51,-11]],[[5637,5623],[10,-35]],[[5283,9418],[-50,11]],[[5233,9429],[-11,35]],[[5323,9443],[-40,-25]],[[4583,4912],[-11,36]],[[5200,4117],[-11,35]],[[5189,4152],[39,25]],[[5228,4177],[51,-10]],[[6396,3731],[-50,11]],[[6335,3777],[39,25]],[[6425,3792],[10,-36]],[[5107,3803],[11,-35]],[[6029,9762],[-50,10]],[[5979,9772],[-11,35]],[[6008,9832],[50,-10]],[[6058,9822],[11,-35]],[[6069,9787],[-40,-25]],[[5001,5856],[40,25]],[[5102,5835],[-40,-25]],[[8497,5186],[-50,11]],[[8476,5257],[50,-10]],[[8526,5247],[11,-36],[-40,-25]],[[5726,9824],[-50,11]],[[5676,9835],[-11,35],[40,25],[50,-10],[11,-36],[-40,-25]],[[8448,4563],[-50,11]],[[8388,4609],[39,25]],[[8427,4634],[50,-11]],[[8477,4623],[11,-35]],[[8488,4588],[-40,-25]],[[5936,9914],[-51,10]],[[5874,9960],[40,25],[51,-11]],[[8378,5111],[11,-35]],[[8389,5076],[-40,-25]],[[2395,5767],[39,25]],[[2485,5782],[10,-36]],[[2495,5746],[-39,-25],[-50,10],[-11,36]],[[6034,3841],[-50,10]],[[5984,3851],[-11,36]],[[5973,3887],[40,25]],[[6063,3901],[11,-35]],[[6074,3866],[-40,-25]],[[3261,5089],[-11,35]],[[3250,5124],[39,25]],[[3289,5149],[50,-10]],[[2581,5928],[-11,35]],[[2609,5988],[50,-10]],[[2659,5978],[11,-36]],[[2670,5942],[-39,-25]],[[4722,5382],[-11,36]],[[4711,5418],[40,25]],[[4801,5432],[11,-35]],[[4812,5397],[-40,-25]],[[3660,4240],[-50,10]],[[3610,4250],[-10,36],[39,25],[50,-10]],[[3689,4301],[11,-36]],[[3700,4265],[-40,-25]],[[6136,6151],[-51,10]],[[6165,6211],[10,-35]],[[6175,6176],[-39,-25]],[[3717,3129],[-50,11]],[[3667,3140],[-11,35]],[[3656,3175],[39,25]],[[3695,3200],[50,-10]],[[3745,3190],[11,-36]],[[3756,3154],[-39,-25]],[[3864,4497],[-50,10]],[[3814,4507],[-11,36]],[[3803,4543],[39,25]],[[3892,4558],[11,-36]],[[2586,6525],[39,25]],[[2625,6550],[50,-11]],[[2675,6539],[11,-35]],[[5902,3035],[39,25]],[[5991,3050],[11,-36]],[[6002,3014],[-40,-25],[-50,11],[-10,35]],[[4928,3774],[-50,11],[-11,35]],[[4867,3820],[40,25]],[[4044,5757],[-50,10]],[[4022,5828],[50,-11]],[[4083,5782],[-39,-25]],[[4075,6116],[-10,35]],[[4065,6151],[39,25]],[[4165,6130],[-39,-25]],[[4039,4693],[-50,11]],[[3989,4704],[-11,35]],[[3978,4739],[39,25]],[[4017,4764],[50,-10]],[[7716,5752],[-11,35]],[[7705,5787],[40,25]],[[7806,5766],[-40,-25],[-50,11]],[[5357,4683],[-50,11]],[[5307,4694],[-11,35]],[[5296,4729],[40,25],[50,-10],[11,-36]],[[6134,3353],[40,25]],[[6224,3367],[10,-35]],[[5005,5689],[-50,11]],[[4955,5700],[-11,35]],[[6365,5237],[-50,11]],[[6304,5283],[39,25]],[[6404,5262],[-39,-25]],[[3513,7030],[-11,35]],[[3873,6623],[-50,11]],[[3852,6694],[50,-10]],[[3902,6684],[11,-36],[-40,-25]],[[3769,5116],[-11,35]],[[3758,5151],[40,25]],[[3798,5176],[50,-10]],[[4227,5619],[-50,10]],[[4266,5644],[-39,-25]],[[3502,4606],[-50,10]],[[3452,4616],[-11,36]],[[3334,5772],[-11,35]],[[6152,9670],[-50,10]],[[6102,9680],[-11,36]],[[6091,9716],[39,25]],[[6130,9741],[51,-11]],[[6181,9730],[11,-35]],[[5164,3924],[-50,11]],[[5114,3935],[-11,36]],[[8858,9172],[-11,35]],[[8847,9207],[40,25]],[[8937,9222],[11,-36],[-40,-25]],[[2109,6391],[-50,10]],[[2087,6462],[51,-11]],[[2149,6416],[-40,-25]],[[7038,4562],[40,25]],[[7078,4587],[50,-11]],[[6279,5055],[10,-35]],[[682,5988],[39,25],[50,-10],[11,-36]],[[8727,9133],[-50,10]],[[8677,9143],[-11,36]],[[8666,9179],[40,25]],[[8706,9204],[51,-11]],[[8757,9193],[10,-35]],[[8767,9158],[-40,-25]],[[3262,7082],[-50,10]],[[3212,7092],[-11,36]],[[3201,7128],[39,25],[50,-10],[11,-36]],[[5766,4264],[50,-10]],[[5816,4254],[11,-36]],[[3822,5404],[-10,35]],[[3851,5464],[50,-10]],[[3579,5122],[-50,10]],[[3608,5183],[11,-36]],[[5472,3993],[-39,-25]],[[2247,6860],[-50,10]],[[2197,6870],[-11,36],[39,25],[51,-10]],[[2276,6921],[10,-36]],[[5106,5202],[-50,11]],[[5056,5213],[-11,35]],[[5135,5263],[10,-36]],[[4140,5903],[-10,35]],[[4130,5938],[39,25]],[[4169,5963],[50,-10]],[[4219,5953],[11,-36]],[[4230,5917],[-39,-25]],[[4412,4082],[40,25]],[[4502,4097],[11,-36]],[[4095,3583],[39,25]],[[6582,3425],[-50,10]],[[6560,3496],[51,-11]],[[6621,3450],[-39,-25]],[[2957,6082],[-51,11]],[[2906,6093],[-11,35]],[[2895,6128],[40,25]],[[2985,6143],[11,-35]],[[2996,6108],[-39,-26]],[[4824,4429],[39,25]],[[4863,4454],[50,-11]],[[4913,4443],[11,-35]],[[4924,4408],[-39,-25]],[[6293,4386],[-51,11]],[[6271,4457],[50,-10]],[[5780,3128],[39,25]],[[5869,3142],[11,-35]],[[5880,3107],[-39,-26]],[[7000,5003],[39,25]],[[7089,5018],[11,-36]],[[7100,4982],[-39,-25],[-51,11],[-10,35]],[[8436,5232],[11,-35]],[[8447,5197],[-40,-25]],[[3758,3920],[-50,10],[-11,36]],[[3736,3991],[50,-10]],[[3786,3981],[11,-36]],[[3797,3945],[-39,-25]],[[1915,5800],[-50,10]],[[1854,5846],[39,25]],[[1943,5860],[11,-35]],[[7109,4013],[-50,11],[-11,36]],[[7048,4060],[40,25]],[[5773,3463],[-50,10]],[[5723,3473],[-11,36]],[[5712,3509],[39,25]],[[5751,3534],[50,-11]],[[5801,3523],[11,-35]],[[4395,3520],[-50,10]],[[4334,3566],[40,25]],[[4374,3591],[50,-11]],[[5199,5049],[-50,11]],[[5138,5095],[40,25]],[[5178,5120],[50,-10]],[[8805,4787],[39,25]],[[8905,4766],[-40,-25]],[[7113,4313],[-10,35]],[[7103,4348],[39,25]],[[7142,4373],[50,-10]],[[7192,4363],[11,-36]],[[274,4877],[-11,35]],[[263,4912],[40,25],[50,-10]],[[353,4927],[11,-36]],[[6995,4238],[50,-11]],[[5397,3309],[-11,35]],[[5386,3344],[40,25]],[[5476,3359],[11,-36]],[[5487,3323],[-40,-25]],[[5995,4749],[-11,35]],[[5984,4784],[40,25]],[[6074,4799],[11,-36],[-40,-25],[-50,11]],[[6157,5148],[39,25]],[[6246,5162],[11,-35]],[[6514,3806],[-50,11]],[[6453,3852],[40,25]],[[6493,3877],[50,-10]],[[6543,3867],[11,-36]],[[3356,5701],[-51,10]],[[3295,5746],[39,26]],[[3334,5772],[50,-11]],[[3395,5726],[-39,-25]],[[4342,3231],[-50,11]],[[4281,3277],[40,25]],[[4321,3302],[50,-10]],[[4371,3292],[10,-36]],[[5135,5263],[-51,10]],[[5113,5334],[50,-11]],[[5163,5323],[11,-35]],[[5174,5288],[-39,-25]],[[6483,5312],[40,25]],[[6573,5327],[11,-36]],[[5921,9651],[-11,36]],[[5950,9712],[51,-11]],[[6001,9701],[10,-35]],[[6011,9666],[-39,-25]],[[4093,6212],[-50,10]],[[4043,6222],[-11,36]],[[4071,6283],[51,-11]],[[4122,6272],[11,-35]],[[6246,5162],[-50,11]],[[6196,5173],[-11,35]],[[6185,5208],[40,25]],[[6275,5223],[11,-36]],[[6286,5187],[-40,-25]],[[9695,5432],[-50,10]],[[9634,5478],[40,25]],[[9674,5503],[50,-11]],[[9735,5457],[-40,-25]],[[7908,5111],[-11,36]],[[7897,5147],[40,25]],[[7937,5172],[50,-11]],[[7987,5161],[11,-36]],[[7998,5125],[-40,-25]],[[4851,5888],[-51,10]],[[4790,5934],[39,25]],[[4879,5948],[11,-35]],[[3887,5191],[-10,35]],[[3916,5251],[50,-10]],[[3977,5205],[-39,-25]],[[5109,6432],[-51,11]],[[5058,6443],[-10,35]],[[5137,6493],[11,-36]],[[5148,6457],[-39,-25]],[[3824,6168],[11,-35]],[[3835,6133],[-39,-25]],[[6113,4357],[-50,11]],[[6063,4368],[-11,36]],[[6052,4404],[40,25]],[[6153,4382],[-40,-25]],[[1812,6286],[40,25]],[[1852,6311],[50,-10]],[[1902,6301],[11,-36]],[[1913,6265],[-40,-25]],[[7711,5453],[-50,10]],[[7661,5463],[-11,36]],[[7751,5478],[-40,-25]],[[5034,5750],[-50,10]],[[5012,5821],[50,-11]],[[5062,5810],[11,-35]],[[6431,3457],[-50,10]],[[6410,3528],[50,-11]],[[8532,4912],[40,25]],[[8572,4937],[50,-11]],[[8622,4926],[11,-35]],[[8633,4891],[-40,-25],[-50,10]],[[7575,5282],[50,-11]],[[7625,5271],[10,-36]],[[6367,3670],[40,25]],[[6457,3685],[10,-36]],[[6467,3649],[-39,-25]],[[5845,4314],[-51,11]],[[5823,4385],[50,-10]],[[5884,4339],[-39,-25]],[[4801,5432],[-50,11]],[[4751,5443],[-11,35]],[[4740,5478],[39,25]],[[4830,5493],[10,-36]],[[4840,5457],[-39,-25]],[[4784,4870],[39,25]],[[4823,4895],[50,-10]],[[4873,4885],[11,-36]],[[4884,4849],[-39,-25]],[[5927,3730],[-11,36]],[[5916,3766],[39,25]],[[5955,3791],[51,-11]],[[6006,3780],[10,-35]],[[6016,3745],[-39,-25]],[[4772,2741],[39,25]],[[4811,2766],[50,-11]],[[4861,2755],[11,-36],[-39,-25]],[[4110,3380],[-11,36]],[[4490,5065],[-11,35]],[[4568,5115],[11,-36]],[[4579,5079],[-39,-25]],[[4673,4461],[-50,10]],[[2932,5855],[40,25]],[[2972,5880],[50,-10]],[[3022,5870],[11,-36]],[[3033,5834],[-40,-25]],[[3688,5997],[51,-10]],[[3739,5987],[10,-36]],[[3749,5951],[-39,-25]],[[9433,5521],[50,-11]],[[9483,5510],[11,-35]],[[9494,5475],[-40,-25]],[[3871,4629],[-11,35]],[[3860,4664],[39,25]],[[3899,4689],[50,-10]],[[3949,4679],[11,-36]],[[8599,4531],[40,25]],[[8699,4509],[-39,-24],[-50,10]],[[4655,4364],[-10,36]],[[4645,4400],[39,25]],[[4745,4379],[-39,-25]],[[5406,9327],[-51,10]],[[5355,9337],[-11,36]],[[5344,9373],[40,25]],[[5384,9398],[50,-11]],[[5434,9387],[11,-35]],[[5445,9352],[-39,-25]],[[9669,5204],[-51,11]],[[9618,5215],[-10,35]],[[9647,5275],[51,-11]],[[9698,5264],[10,-35]],[[9708,5229],[-39,-25]],[[6333,5344],[-51,10]],[[6311,5415],[50,-11]],[[6681,5903],[-50,11]],[[6631,5914],[-11,35]],[[6620,5949],[40,25]],[[6660,5974],[50,-10]],[[6710,5964],[11,-36]],[[6721,5928],[-40,-25]],[[6406,3229],[-50,10]],[[6356,3239],[-11,36]],[[4002,3736],[39,25]],[[4041,3761],[50,-11]],[[8222,5478],[-51,11]],[[8171,5489],[-10,35]],[[8200,5549],[50,-10]],[[8261,5503],[-39,-25]],[[4404,4883],[-11,36]],[[4393,4919],[39,25]],[[4483,4933],[10,-35]],[[4493,4898],[-39,-25]],[[8022,4887],[40,25]],[[8062,4912],[50,-11]],[[8112,4901],[11,-35]],[[8123,4866],[-40,-25]],[[6310,3549],[39,25]],[[6399,3564],[11,-36]],[[6410,3528],[-39,-25]],[[2849,5972],[51,-11]],[[2910,5926],[-39,-25]],[[1991,6315],[-50,11]],[[1941,6326],[-11,35]],[[1930,6361],[40,25]],[[2020,6376],[11,-36]],[[4709,4653],[-11,35]],[[4698,4688],[39,25]],[[4737,4713],[50,-10]],[[4787,4703],[11,-36]],[[4798,4667],[-39,-25]],[[8045,5282],[-50,11]],[[7984,5328],[40,25]],[[8024,5353],[50,-10]],[[5956,6122],[-50,11]],[[5906,6133],[-11,35]],[[5895,6168],[40,25]],[[4944,5735],[-50,11],[-11,35],[40,25]],[[4973,5796],[11,-36]],[[4984,5760],[-40,-25]],[[6632,3881],[-50,11]],[[6582,3892],[-10,35]],[[6572,3927],[39,25]],[[6611,3952],[50,-10]],[[6672,3906],[-40,-25]],[[6202,2972],[-50,10]],[[6152,2982],[-11,36]],[[6141,3018],[40,25]],[[6181,3043],[50,-11]],[[6241,2997],[-39,-25]],[[5404,3907],[-50,11]],[[5383,3978],[50,-10]],[[5433,3968],[10,-36]],[[3368,5199],[-50,11]],[[3307,5245],[39,25]],[[3396,5260],[11,-36]],[[2135,5389],[-50,10]],[[2085,5399],[-11,36],[39,25],[51,-11],[11,-35],[-40,-25]],[[7657,5164],[-50,11]],[[7596,5211],[39,24]],[[7635,5235],[51,-10]],[[5010,4123],[-50,11]],[[4949,4169],[40,26]],[[4989,4195],[50,-11]],[[5039,4184],[10,-36]],[[5049,4148],[-39,-25]],[[2444,7748],[-11,36]],[[2433,7784],[40,25]],[[2523,7799],[11,-36]],[[4633,5368],[50,-11]],[[4694,5322],[-40,-25]],[[3358,4769],[51,-11]],[[3335,5306],[-50,10]],[[3274,5352],[40,25]],[[3314,5377],[50,-11]],[[3364,5366],[11,-35]],[[7597,8804],[-11,36],[40,25],[51,-11]],[[7677,8854],[10,-35]],[[7083,5352],[-50,11]],[[7033,5363],[-11,35]],[[7122,5377],[-39,-25]],[[5421,5868],[-50,11]],[[5371,5879],[-11,35]],[[5360,5914],[40,25]],[[6142,4418],[-50,11]],[[6092,4429],[-11,35]],[[6279,5055],[-51,11]],[[6218,5102],[39,25]],[[6257,5127],[50,-11]],[[6307,5116],[11,-36]],[[6318,5080],[-39,-25]],[[4450,5040],[40,25]],[[4490,5065],[50,-11]],[[4540,5054],[11,-35]],[[3941,6709],[-11,35]],[[3970,6769],[50,-10]],[[4031,6723],[-39,-25],[-51,11]],[[5719,5972],[40,25]],[[5759,5997],[50,-11]],[[5809,5986],[11,-35]],[[5820,5951],[-40,-25],[-50,11],[-11,35]],[[5156,5657],[39,25]],[[5246,5672],[10,-36]],[[5256,5636],[-39,-25]],[[3799,4710],[-50,11]],[[3749,4721],[-11,35]],[[3777,4781],[50,-10]],[[3838,4735],[-39,-25]],[[8442,4898],[40,25]],[[8482,4923],[50,-11]],[[8532,4912],[11,-36]],[[8543,4876],[-40,-25]],[[8097,5738],[-51,10]],[[8036,5784],[39,25]],[[8075,5809],[51,-11]],[[8126,5798],[10,-35]],[[8136,5763],[-39,-25]],[[5143,3529],[-50,11]],[[5093,3540],[-11,35]],[[5082,3575],[39,25],[51,-10]],[[5172,3590],[10,-36]],[[5182,3554],[-39,-25]],[[7706,8915],[-51,10]],[[7655,8925],[-11,36]],[[7644,8961],[40,25],[51,-11],[10,-35]],[[8453,4862],[50,-11]],[[8503,4851],[11,-35],[-40,-25],[-50,11]],[[4398,3819],[-10,35]],[[4388,3854],[39,26]],[[1943,5860],[-50,11]],[[1893,5871],[-11,35]],[[1882,5906],[39,25]],[[1972,5921],[11,-35]],[[1983,5886],[-40,-26]],[[6153,5315],[-50,11]],[[6103,5326],[-11,35]],[[6132,5386],[50,-10]],[[6193,5340],[-40,-25]],[[5977,5119],[-50,10]],[[5927,5129],[-11,36]],[[5916,5165],[40,25]],[[6006,5179],[11,-35]],[[8296,5229],[-10,35]],[[8325,5289],[50,-10]],[[8386,5243],[-40,-25]],[[4509,3762],[-50,11]],[[4449,3808],[39,25]],[[4031,6723],[-11,36]],[[4020,6759],[40,25]],[[4110,6773],[11,-35]],[[4121,6738],[-40,-25],[-50,10]],[[3985,3173],[-50,10]],[[3935,3183],[-11,36]],[[4532,2758],[-50,10]],[[4482,2768],[-10,36]],[[4472,2804],[39,25]],[[4561,2818],[11,-35]],[[7160,4469],[-50,11]],[[7099,4516],[40,25]],[[7200,4494],[-40,-25]],[[5870,4542],[-50,11]],[[5820,4553],[-11,35]],[[5809,4588],[39,25]],[[5898,4603],[11,-36]],[[5909,4567],[-39,-25]],[[6542,9788],[-51,11]],[[6491,9799],[-11,35]],[[6520,9859],[51,-11]],[[6571,9848],[11,-35]],[[6582,9813],[-40,-25]],[[6436,4689],[-50,11]],[[6386,4700],[-11,35]],[[6415,4760],[50,-10]],[[6465,4750],[11,-36]],[[6476,4714],[-40,-25]],[[4284,5740],[40,25]],[[4374,5754],[11,-35]],[[4385,5719],[-40,-25]],[[6893,5825],[-50,11]],[[6832,5871],[40,25]],[[6872,5896],[50,-10]],[[6922,5886],[11,-36]],[[6933,5850],[-40,-25]],[[3033,7826],[-50,11]],[[2983,7837],[-11,35]],[[2972,7872],[39,25]],[[3011,7897],[51,-10]],[[4972,3165],[10,-35]],[[4982,3130],[-39,-26],[-50,11],[-11,36]],[[5461,4495],[-11,35]],[[5450,4530],[40,25]],[[5490,4555],[50,-10]],[[5730,5471],[39,25]],[[5830,5449],[-39,-25]],[[9419,5724],[-50,11]],[[9369,5735],[-11,35]],[[9398,5795],[50,-11]],[[9448,5784],[11,-35]],[[9459,5749],[-40,-25]],[[6235,4265],[-50,11]],[[6174,4311],[40,25]],[[6214,4336],[50,-10]],[[5651,5421],[-11,35]],[[5640,5456],[40,25]],[[5680,5481],[50,-10]],[[5730,5471],[11,-36]],[[3159,6805],[-11,35]],[[3148,6840],[39,25]],[[3187,6865],[50,-10]],[[6772,8877],[-51,11]],[[6721,8888],[-11,35]],[[6710,8923],[40,25]],[[3482,5442],[-50,10],[-11,36],[39,25]],[[3521,5467],[-39,-25]],[[2953,5020],[-50,10]],[[2931,5091],[50,-11]],[[2981,5080],[11,-35]],[[2992,5045],[-39,-25]],[[9721,5660],[40,25]],[[9811,5674],[11,-36]],[[4099,3416],[-50,10]],[[4049,3426],[-11,36]],[[4138,3441],[-39,-25]],[[5601,3099],[11,-36]],[[5612,3063],[-40,-25],[-50,11],[-10,35],[39,25]],[[4160,3369],[39,26]],[[4260,3348],[-40,-25]],[[6905,3757],[-51,10]],[[6844,3803],[39,25]],[[6883,3828],[50,-11]],[[6944,3782],[-39,-25]],[[5992,5848],[-50,11]],[[5942,5859],[-11,35]],[[5931,5894],[39,25]],[[5970,5919],[51,-10]],[[6021,5909],[10,-36]],[[6031,5873],[-39,-25]],[[4551,4553],[40,25]],[[4591,4578],[50,-11]],[[4652,4532],[-40,-25]],[[4095,5280],[50,-10]],[[4145,5270],[11,-36]],[[4156,5234],[-39,-25]],[[4549,3787],[-11,36]],[[4577,3848],[50,-11]],[[4627,3837],[11,-35]],[[4624,4005],[-51,10]],[[4563,4051],[39,25]],[[4652,4065],[11,-35]],[[4663,4030],[-39,-25]],[[3360,6763],[-51,10]],[[3388,6823],[11,-35]],[[3399,6788],[-39,-25]],[[6340,9830],[-40,-25]],[[3445,6944],[40,25]],[[3546,6924],[-39,-25]],[[5364,4349],[-50,10]],[[5314,4359],[-10,36]],[[5404,4374],[-40,-25]],[[7056,4191],[-11,36]],[[7045,4227],[40,25]],[[7135,4241],[10,-35]],[[5026,6549],[-11,36]],[[5015,6585],[40,25],[50,-11],[11,-35]],[[8190,4484],[-11,36]],[[8219,4545],[50,-11]],[[8269,4534],[10,-35]],[[8279,4499],[-39,-25],[-50,10]],[[3246,6521],[39,25]],[[3122,5849],[-11,35]],[[3111,5884],[40,25]],[[3151,5909],[50,-10]],[[8106,5236],[-50,10]],[[8056,5246],[-11,36]],[[8045,5282],[40,25]],[[8135,5296],[10,-35]],[[4217,5188],[-11,36]],[[4206,5224],[40,25]],[[4246,5249],[50,-10]],[[4296,5239],[11,-36]],[[4307,5203],[-40,-25]],[[8462,5460],[-50,11]],[[8491,5521],[11,-36]],[[7905,5278],[-11,36]],[[7934,5339],[50,-11]],[[7984,5328],[11,-35]],[[7995,5293],[-40,-25]],[[9560,5093],[-10,36]],[[9589,5154],[51,-11]],[[9640,5143],[10,-35],[-40,-25]],[[5403,5772],[-10,36]],[[5393,5808],[39,25]],[[5493,5786],[-39,-25]],[[2369,6768],[-50,11]],[[2319,6779],[-11,35]],[[2398,6829],[11,-35]],[[2409,6794],[-40,-26]],[[4709,4187],[-50,10]],[[4688,4258],[50,-11]],[[4738,4247],[11,-35]],[[4807,6495],[-50,11],[-11,35]],[[4746,6541],[39,25]],[[4785,6566],[51,-10]],[[8671,5549],[-50,11]],[[8650,5621],[50,-11]],[[8700,5610],[11,-36]],[[8711,5574],[-40,-25]],[[3217,6460],[-50,11]],[[3167,6471],[-11,35]],[[3195,6531],[51,-10]],[[3246,6521],[10,-36]],[[3201,4669],[-50,10],[-11,36]],[[3140,4715],[39,25]],[[3179,4740],[51,-11]],[[3240,4694],[-39,-25]],[[4215,6120],[-50,10]],[[4165,6130],[-11,36]],[[4194,6191],[50,-10]],[[6649,6010],[-50,10]],[[6599,6020],[-11,36]],[[6588,6056],[40,25],[50,-11],[11,-35]],[[6689,6035],[-40,-25]],[[5461,5893],[-11,36]],[[5489,5954],[51,-11]],[[5540,5943],[10,-35],[-39,-25]],[[3576,7747],[-50,11]],[[3526,7758],[-11,35]],[[3554,7818],[51,-10]],[[3605,7808],[11,-36]],[[4007,6030],[-50,11]],[[3946,6076],[40,25]],[[3986,6101],[50,-10]],[[4047,6055],[-40,-25]],[[6033,9595],[40,25]],[[6073,9620],[50,-11]],[[6123,9609],[11,-35]],[[6134,9574],[-40,-25],[-50,11],[-11,35]],[[6067,4201],[-11,35]],[[6056,4236],[39,25]],[[6146,4251],[10,-36]],[[6246,4229],[-11,36]],[[6235,4265],[40,25]],[[6325,4279],[10,-35]],[[6335,4244],[-39,-25]],[[4102,3715],[-11,35]],[[4091,3750],[39,25]],[[4180,3765],[11,-36]],[[4191,3729],[-39,-25]],[[4391,6316],[39,25]],[[4430,6341],[50,-10],[11,-36]],[[5881,9626],[40,25]],[[5921,9651],[51,-10]],[[5972,9641],[10,-36]],[[5982,9605],[-39,-25]],[[1324,5889],[-40,-25],[-50,10],[-11,35]],[[6598,5554],[-50,11]],[[6537,5600],[40,25]],[[6627,5615],[11,-36]],[[5488,9675],[40,24]],[[5589,9654],[-39,-25]],[[6077,3232],[-50,10]],[[6016,3278],[40,25]],[[6116,3257],[-39,-25]],[[6734,4793],[39,25]],[[6773,4818],[51,-11]],[[6824,4807],[10,-35]],[[6834,4772],[-39,-25]],[[1994,6614],[-11,35],[39,25]],[[2022,6674],[50,-10]],[[2713,5036],[-50,11]],[[2663,5047],[-11,35]],[[2652,5082],[39,25]],[[2742,5097],[10,-36]],[[4395,3986],[-11,36]],[[4423,4047],[50,-11]],[[3931,3351],[-11,35]],[[3920,3386],[39,26]],[[3959,3412],[50,-11]],[[4009,3401],[11,-36]],[[743,5942],[39,25]],[[782,5967],[51,-10],[11,-36]],[[6951,5946],[-50,11]],[[6901,5957],[-11,35]],[[6890,5992],[39,25]],[[6929,6017],[51,-10]],[[5898,4603],[-50,10]],[[5848,4613],[-11,36]],[[5837,4649],[40,25]],[[5877,4674],[50,-11],[11,-35]],[[5938,4628],[-40,-25]],[[7270,3946],[-10,35]],[[7260,3981],[39,25]],[[7349,3996],[11,-36],[-39,-25],[-51,11]],[[3633,6640],[-50,10]],[[3672,6665],[-39,-25]],[[8267,5168],[-10,36]],[[8257,5204],[39,25]],[[8296,5229],[50,-11]],[[8346,5218],[11,-35]],[[3539,6792],[40,25]],[[7791,4402],[40,25]],[[7881,4417],[11,-36]],[[7892,4381],[-40,-25],[-50,11],[-11,35]],[[3751,6715],[39,25]],[[3790,6740],[51,-10]],[[3841,6730],[11,-36]],[[3852,6694],[-40,-25]],[[4501,6725],[40,25],[50,-10]],[[4591,6740],[11,-36]],[[4213,3658],[39,25]],[[4252,3683],[50,-10]],[[4302,3673],[11,-36]],[[4313,3637],[-39,-25]],[[447,5837],[-50,10]],[[397,5847],[-11,36],[39,25]],[[425,5908],[50,-10]],[[475,5898],[11,-36]],[[6221,4934],[-50,11]],[[6200,5005],[50,-10]],[[6261,4959],[-40,-25]],[[4503,3164],[-11,35]],[[4492,3199],[40,26]],[[4593,3178],[-40,-25]],[[6392,3898],[-50,11]],[[6421,3959],[11,-36]],[[6432,3923],[-40,-25]],[[6577,5159],[-51,11]],[[6526,5170],[-10,35]],[[6616,5184],[-39,-25]],[[5597,4666],[-50,11]],[[5547,4677],[-11,35]],[[5626,4727],[11,-36]],[[5511,4484],[40,25]],[[5612,4463],[-40,-25]],[[8918,5197],[-51,11]],[[8896,5268],[50,-11],[11,-35]],[[8957,5222],[-39,-25]],[[7846,4691],[-50,11]],[[7825,4762],[50,-11],[10,-35]],[[4561,2818],[-50,11]],[[4511,2829],[-11,36]],[[4600,2843],[-39,-25]],[[6602,8813],[-11,35]],[[6631,8873],[50,-10]],[[6681,8863],[11,-36]],[[3067,5262],[-50,10]],[[3017,5272],[-11,36]],[[3006,5308],[39,25]],[[3106,5287],[-39,-25]],[[1324,5889],[-11,35]],[[1352,5949],[50,-10]],[[1413,5904],[-39,-26],[-50,11]],[[5708,3676],[-50,11]],[[5658,3687],[-10,35]],[[5648,3722],[39,26]],[[5687,3748],[50,-11]],[[5748,3701],[-40,-25]],[[5662,4453],[-50,10]],[[5612,4463],[-11,36]],[[5640,4524],[50,-11]],[[5690,4513],[11,-35]],[[5701,4478],[-39,-25]],[[8777,5193],[-10,36]],[[8767,5229],[39,25]],[[8857,5243],[10,-35]],[[8867,5208],[-39,-25]],[[4896,3881],[-50,10]],[[4846,3891],[-11,36]],[[7089,5018],[-50,10]],[[7039,5028],[-11,36]],[[7118,5078],[11,-35]],[[7129,5043],[-40,-25]],[[3356,4470],[-50,11],[-11,35]],[[3384,4531],[11,-36]],[[3395,4495],[-39,-25]],[[5863,5343],[-11,35]],[[5852,5378],[39,25]],[[5891,5403],[51,-10]],[[5952,5357],[-39,-25]],[[7464,5805],[-50,10]],[[7414,5815],[-11,36]],[[7403,5851],[40,25]],[[7443,5876],[50,-11],[11,-35]],[[5723,6271],[-11,35]],[[5712,6306],[39,25]],[[5751,6331],[51,-10],[11,-36]],[[5813,6285],[-40,-25]],[[7132,8935],[40,25],[50,-11]],[[4019,5529],[-50,11]],[[3969,5540],[-11,35]],[[3958,5575],[40,25]],[[4059,5554],[-40,-25]],[[5375,5245],[39,26]],[[5465,5260],[10,-36]],[[5762,3031],[-11,36]],[[5791,3092],[50,-11]],[[5841,3081],[11,-35]],[[5852,3046],[-40,-25],[-50,10]],[[3144,5778],[-50,10]],[[3094,5788],[-11,36]],[[3083,5824],[39,25]],[[3122,5849],[50,-11]],[[5946,9878],[-10,36]],[[5936,9914],[39,25]],[[6037,9893],[-40,-25]],[[6782,8842],[-10,35]],[[6772,8877],[39,25]],[[5260,5469],[-11,36]],[[5289,5530],[50,-11]],[[5350,5484],[-40,-25]],[[3433,6216],[-50,11]],[[3383,6227],[-11,35]],[[3372,6262],[39,25]],[[3462,6277],[10,-36]],[[3472,6241],[-39,-25]],[[7195,5762],[11,-36]],[[7206,5726],[-40,-25]],[[5220,5910],[-11,36]],[[5209,5946],[40,25]],[[5249,5971],[50,-11]],[[5299,5960],[11,-35]],[[5310,5925],[-39,-25]],[[5349,6415],[-50,11]],[[5378,6476],[11,-36]],[[5389,6440],[-40,-25]],[[9959,5809],[-50,11]],[[9909,5820],[-11,35],[40,25],[50,-10],[11,-36],[-40,-25]],[[5544,4378],[-51,10]],[[5522,4449],[50,-11]],[[5572,4438],[11,-35]],[[2765,6554],[-50,10]],[[2715,6564],[-11,36]],[[2793,6614],[11,-35]],[[2804,6579],[-39,-25]],[[7019,5566],[39,25]],[[7108,5580],[11,-36]],[[7119,5544],[-39,-24]],[[6425,3792],[-51,10]],[[6374,3802],[-10,36]],[[6364,3838],[39,25]],[[6403,3863],[50,-11]],[[6453,3852],[11,-35]],[[6464,3817],[-39,-25]],[[2613,7813],[-50,11]],[[2591,7884],[50,-10]],[[2652,7838],[-39,-25]],[[4042,4992],[-11,36]],[[4070,5053],[51,-11]],[[6210,9791],[-51,10]],[[6159,9801],[-10,35]],[[6149,9836],[39,25]],[[6239,9851],[11,-36]],[[5605,4331],[-51,11]],[[5554,4342],[-10,36]],[[5544,4378],[39,25]],[[5583,4403],[50,-11]],[[2101,6724],[-51,11]],[[2050,6735],[-11,35]],[[2039,6770],[40,25],[50,-10],[11,-36]],[[7163,5868],[-51,11]],[[7102,5915],[39,24]],[[7141,5939],[51,-10]],[[7202,5893],[-39,-25]],[[6087,8953],[-11,36]],[[6076,8989],[40,25],[50,-11]],[[6177,8968],[-40,-25]],[[6178,4610],[-11,36],[40,25]],[[6268,4625],[-40,-25]],[[4667,3396],[-50,10]],[[4707,3421],[-40,-25]],[[9692,5599],[-50,11]],[[9642,5610],[-11,35]],[[9671,5670],[50,-10]],[[9721,5660],[11,-36]],[[2592,6656],[-11,36]],[[2581,6692],[40,25]],[[2621,6717],[50,-11]],[[6238,8922],[-11,35]],[[6317,8972],[11,-36]],[[6339,4076],[-11,36]],[[6368,4137],[50,-11]],[[6428,4091],[-39,-25]],[[2422,6293],[-11,35]],[[2411,6328],[39,25]],[[2450,6353],[50,-10]],[[2511,6308],[-39,-25]],[[3068,8018],[-10,35]],[[3097,8078],[50,-10]],[[3147,8068],[11,-35]],[[7462,4872],[51,-10]],[[7513,4862],[10,-36]],[[4545,6118],[-50,10]],[[4484,6164],[40,25]],[[4524,6189],[50,-11]],[[4574,6178],[11,-35]],[[4585,6143],[-40,-25]],[[3537,4798],[-11,36]],[[3627,4813],[-40,-25]],[[5898,3670],[-11,35]],[[5887,3705],[40,25]],[[5927,3730],[50,-10]],[[5977,3720],[11,-36]],[[5988,3684],[-40,-25]],[[9021,5008],[-11,36]],[[9010,5044],[40,25]],[[6533,8727],[-50,11]],[[6483,8738],[-11,35]],[[6512,8798],[50,-10]],[[6573,8752],[-40,-25]],[[4631,3670],[40,25],[50,-10]],[[4731,3649],[-39,-25]],[[2242,6264],[-10,35]],[[2232,6299],[39,25]],[[2321,6314],[11,-36]],[[7417,5648],[-10,36]],[[7446,5709],[50,-11]],[[7496,5698],[11,-36]],[[7507,5662],[-39,-25],[-51,11]],[[1771,5962],[-11,36]],[[1760,5998],[39,25]],[[1849,6013],[11,-36]],[[1860,5977],[-39,-25]],[[837,5790],[-50,10]],[[876,5815],[-39,-25]],[[2330,5980],[-51,10]],[[2279,5990],[-10,36]],[[2308,6051],[50,-11]],[[6441,5920],[-50,11]],[[6470,5981],[10,-36]],[[2175,6178],[-50,10]],[[2125,6188],[-11,36]],[[2114,6224],[39,25]],[[2153,6249],[50,-11]],[[5561,9129],[-51,10],[-11,36]],[[5589,9189],[11,-35]],[[5600,9154],[-39,-25]],[[3379,7622],[-11,36]],[[3407,7683],[51,-11]],[[3458,7672],[11,-35]],[[3469,7637],[-40,-25]],[[3981,3340],[39,25]],[[4020,3365],[50,-10]],[[4081,3319],[-39,-25]],[[3749,3023],[-50,10],[-11,36]],[[3688,3069],[40,25]],[[3728,3094],[50,-11]],[[3778,3083],[11,-35]],[[3789,3048],[-40,-25]],[[7443,4309],[-10,36]],[[7433,4345],[39,25]],[[7472,4370],[50,-11]],[[7522,4359],[11,-35],[-40,-25]],[[5945,4293],[-11,36]],[[5974,4354],[50,-11]],[[6024,4343],[10,-36]],[[6034,4307],[-39,-25]],[[5023,5319],[-10,36]],[[5013,5355],[39,25]],[[5052,5380],[50,-11]],[[5102,5369],[11,-35]],[[5113,5334],[-39,-25]],[[3164,6172],[-50,11]],[[3103,6218],[39,25]],[[3193,6233],[11,-36]],[[3204,6197],[-40,-25]],[[3738,4756],[-50,11]],[[3688,4767],[-11,35]],[[3766,4817],[11,-36]],[[3777,4781],[-39,-25]],[[4500,2865],[-50,10]],[[4439,2911],[40,25]],[[4539,2890],[-39,-25]],[[5776,3295],[-50,11]],[[5755,3366],[50,-10]],[[5805,3356],[11,-36]],[[5816,3320],[-40,-25]],[[3099,7614],[-51,10],[-11,35],[40,26]],[[3077,7685],[50,-11]],[[3138,7639],[-39,-25]],[[8848,5745],[-50,11]],[[8798,5756],[-11,35]],[[8787,5791],[39,25],[51,-10],[10,-36],[-39,-25]],[[3440,6348],[-11,35]],[[3429,6383],[39,25]],[[3468,6408],[51,-10]],[[3519,6398],[10,-36]],[[3529,6362],[-39,-25]],[[5175,3889],[-11,35]],[[5164,3924],[40,25]],[[5264,3903],[-39,-25],[-50,11]],[[4717,3852],[-50,10]],[[4667,3862],[-11,36]],[[4695,3923],[50,-10]],[[4745,3913],[11,-36]],[[3075,6158],[-51,10]],[[3014,6204],[39,25]],[[3053,6229],[50,-11]],[[3103,6218],[11,-35]],[[3114,6183],[-39,-25]],[[3690,7989],[40,25]],[[3730,8014],[50,-10]],[[3791,7968],[-39,-25]],[[4711,2787],[-50,10]],[[4661,2797],[-11,36]],[[4689,2858],[51,-11]],[[4740,2847],[10,-35]],[[4750,2812],[-39,-25]],[[6931,4451],[-11,36]],[[6172,5877],[-51,11]],[[6121,5888],[-11,35]],[[6110,5923],[40,25]],[[8586,5834],[-11,36]],[[8575,5870],[40,25],[50,-11],[11,-36]],[[8676,5848],[-40,-25]],[[5665,5684],[-50,10]],[[5615,5694],[-11,36]],[[5644,5755],[50,-11]],[[7920,5542],[40,25]],[[8020,5521],[-39,-25]],[[7721,4951],[-50,10]],[[7671,4961],[-11,36]],[[7660,4997],[40,25]],[[7700,5022],[50,-11]],[[7750,5011],[10,-35]],[[2226,7694],[-51,10]],[[2175,7704],[-11,36]],[[2164,7740],[40,25],[50,-11],[11,-35]],[[2265,7719],[-39,-25]],[[3180,7962],[-50,10]],[[3119,8008],[39,25]],[[3158,8033],[51,-11]],[[7047,5626],[-50,11]],[[6986,5672],[40,25]],[[5243,4441],[-51,10]],[[5192,4451],[-10,36]],[[5182,4487],[39,25]],[[5221,4512],[50,-11]],[[5271,4501],[11,-35]],[[4697,5155],[-10,35]],[[4787,5169],[-39,-25]],[[2856,8095],[-11,35]],[[2845,8130],[40,25]],[[2885,8155],[50,-10]],[[3844,7028],[-11,35]],[[3872,7088],[51,-10],[10,-35],[-39,-26],[-50,11]],[[4547,4720],[-50,10]],[[4497,4730],[-11,36]],[[4576,4781],[11,-36]],[[4587,4745],[-40,-25]],[[5583,3936],[-50,11]],[[5533,3947],[-11,35]],[[5562,4007],[50,-10]],[[5612,3997],[10,-36]],[[3421,6717],[39,25]],[[2842,5076],[-11,36]],[[2831,5112],[39,25]],[[2920,5126],[11,-35]],[[2931,5091],[-39,-25]],[[2156,8073],[39,25]],[[2195,8098],[50,-10]],[[2245,8088],[11,-36]],[[2256,8052],[-39,-25],[-50,11],[-11,35]],[[8384,4777],[-50,10]],[[8324,4823],[39,25]],[[8413,4837],[11,-35]],[[8424,4802],[-40,-25]],[[2603,5857],[-51,10]],[[2552,5867],[-11,36]],[[2541,5903],[40,25]],[[2581,5928],[50,-11]],[[2631,5917],[11,-35]],[[2642,5882],[-39,-25]],[[9547,5296],[-50,11]],[[9526,5368],[50,-11]],[[3787,5212],[-50,10]],[[3737,5222],[-11,36]],[[3765,5283],[51,-11]],[[3826,5237],[-39,-25]],[[3737,6452],[-10,36]],[[3766,6513],[50,-11]],[[6457,3685],[-50,10]],[[6407,3695],[-11,36]],[[6396,3731],[39,25]],[[6435,3756],[50,-11]],[[6496,3710],[-39,-25]],[[4774,6602],[-50,10]],[[4724,6612],[-11,36]],[[4713,6648],[40,25]],[[4753,6673],[50,-11]],[[4803,6662],[11,-35]],[[4814,6627],[-40,-25]],[[5388,9231],[-11,35]],[[5377,9266],[39,25]],[[5416,9291],[51,-10]],[[5467,9281],[11,-36]],[[4561,5449],[39,25]],[[4600,5474],[50,-10]],[[4650,5464],[11,-36]],[[4661,5428],[-39,-25]],[[4743,2680],[-50,10]],[[4683,2726],[39,25]],[[4722,2751],[50,-10]],[[4772,2741],[11,-36]],[[6375,4735],[-50,11]],[[6325,4746],[-11,35]],[[6354,4806],[50,-10]],[[6404,4796],[11,-36]],[[6415,4760],[-40,-25]],[[2318,8007],[-11,35]],[[2307,8042],[39,25]],[[4211,6287],[-50,10]],[[4161,6297],[-11,36]],[[4150,6333],[40,25]],[[4980,5461],[-50,11]],[[4930,5472],[-11,35]],[[4919,5507],[40,25]],[[5009,5522],[11,-36]],[[4445,3976],[39,25]],[[4534,3990],[11,-35]],[[7696,5189],[-10,36]],[[7686,5225],[39,25]],[[7725,5250],[50,-11]],[[7775,5239],[11,-35]],[[5680,9204],[-51,10]],[[5658,9274],[50,-10],[11,-35]],[[5719,9229],[-39,-25]],[[4797,2969],[-50,10]],[[4775,3040],[50,-11],[11,-35]],[[3515,6565],[39,25]],[[3554,6590],[50,-11]],[[3604,6579],[11,-35]],[[5185,4320],[-50,10]],[[5164,4391],[50,-11]],[[5214,4380],[11,-35]],[[3124,5383],[39,25],[50,-10]],[[3213,5398],[11,-36]],[[4521,5890],[-51,11]],[[4499,5961],[50,-10]],[[2155,5783],[-50,11]],[[2105,5794],[-11,35]],[[2133,5854],[50,-10]],[[2183,5844],[11,-35]],[[2194,5809],[-39,-26]],[[4742,4080],[-50,10]],[[4681,4126],[39,25]],[[4781,4105],[-39,-25]],[[3780,6775],[-51,11]],[[3758,6846],[50,-10]],[[3808,6836],[11,-35]],[[3819,6801],[-39,-26]],[[8088,5140],[-11,35]],[[8077,5175],[40,25]],[[8167,5190],[10,-36]],[[8177,5154],[-39,-25]],[[5960,5955],[-51,10]],[[5909,5965],[-10,36]],[[5938,6026],[50,-11]],[[5988,6015],[11,-35]],[[5999,5980],[-39,-25]],[[2530,5174],[-50,10],[-11,36]],[[2469,5220],[39,25]],[[2558,5235],[11,-36]],[[2569,5199],[-39,-25]],[[5348,9206],[40,25]],[[5388,9231],[50,-11]],[[5449,9185],[-40,-25],[-50,11],[-11,35]],[[6636,3714],[39,25]],[[6675,3739],[50,-11]],[[6725,3728],[11,-36]],[[2782,5886],[-51,11]],[[2731,5897],[-10,35]],[[2721,5932],[39,25]],[[2810,5947],[11,-36]],[[4829,2862],[-50,10]],[[4779,2872],[-11,36]],[[4768,2908],[39,25]],[[4857,2923],[11,-36]],[[4868,2887],[-39,-25]],[[2416,7688],[-11,35]],[[2405,7723],[39,25]],[[2444,7748],[51,-10]],[[3266,6915],[-50,11]],[[3216,6926],[-11,35]],[[3205,6961],[39,25]],[[3294,6976],[11,-36]],[[3305,6940],[-39,-25]],[[5107,3803],[-50,11]],[[5085,3874],[51,-10]],[[5136,3864],[10,-36]],[[5146,3828],[-39,-25]],[[5525,5214],[40,25]],[[5565,5239],[50,-11]],[[6968,5110],[-51,11]],[[6917,5121],[-10,35]],[[5834,5282],[-11,36]],[[5823,5318],[40,25]],[[5863,5343],[50,-11]],[[5913,5332],[11,-35]],[[5827,5617],[-11,35]],[[5816,5652],[40,25]],[[5906,5667],[11,-36]],[[5917,5631],[-40,-25]],[[3242,6688],[-51,10]],[[3270,6748],[11,-35]],[[3281,6713],[-39,-25]],[[5368,4648],[-11,35]],[[5357,4683],[40,25]],[[5397,4708],[50,-10],[11,-36]],[[5458,4662],[-40,-25]],[[3888,4725],[-50,10]],[[3838,4735],[-11,36]],[[3827,4771],[40,25]],[[3917,4785],[11,-35]],[[3928,4750],[-40,-25]],[[2923,7418],[-50,10]],[[2862,7463],[39,25]],[[2952,7478],[11,-35],[-40,-25]],[[6256,3727],[-10,36]],[[6246,3763],[39,25]],[[6285,3788],[50,-11]],[[6335,3777],[11,-35]],[[6346,3742],[-40,-25]],[[3413,5822],[-51,10]],[[3391,5893],[50,-11]],[[3441,5882],[11,-35]],[[7346,4163],[-50,11]],[[7296,4174],[-11,36]],[[7285,4210],[40,24]],[[7325,4234],[50,-10]],[[3924,3219],[-50,11]],[[3874,3230],[-11,35]],[[3963,3244],[-39,-25]],[[4373,6220],[-11,36]],[[4402,6281],[50,-11]],[[4463,6235],[-40,-25]],[[4972,3165],[-50,11]],[[5000,3226],[11,-36]],[[5011,3190],[-39,-25]],[[3721,5890],[50,-10]],[[3782,5845],[-39,-26]],[[4882,3151],[-50,10],[-11,36]],[[4911,3211],[11,-35]],[[4922,3176],[-40,-25]],[[2212,5905],[-50,10]],[[2162,5915],[-11,35]],[[2151,5950],[39,26]],[[2190,5976],[50,-11]],[[2240,5965],[11,-35]],[[5583,5335],[-50,11]],[[5522,5381],[39,25]],[[5561,5406],[51,-10]],[[5622,5360],[-39,-25]],[[1708,5710],[-51,10]],[[1657,5720],[-10,36]],[[1747,5735],[-39,-25]],[[4392,5385],[-11,35]],[[4421,5445],[50,-10]],[[4482,5399],[-39,-25]],[[5601,4499],[-50,10]],[[5551,4509],[-11,36]],[[5540,4545],[39,25]],[[5630,4559],[10,-35]],[[5640,4524],[-39,-25]],[[7801,5467],[-50,11]],[[7751,5478],[-11,35]],[[7780,5538],[50,-10]],[[7841,5492],[-40,-25]],[[6413,3360],[-10,36]],[[6403,3396],[39,25]],[[6492,3410],[11,-35],[-39,-25]],[[5238,6006],[-50,11]],[[5177,6052],[40,25]],[[5267,6067],[11,-36]],[[5278,6031],[-40,-25]],[[2497,5281],[-50,10]],[[2436,5326],[40,26]],[[2476,5352],[50,-11]],[[7590,8673],[39,25]],[[7629,8698],[51,-11]],[[7680,8687],[11,-35],[-40,-25]],[[3964,4476],[50,-11]],[[4025,4430],[-39,-25],[-50,10],[-11,36]],[[3922,5849],[39,25]],[[3961,5874],[50,-11]],[[4011,5863],[11,-35]],[[4022,5828],[-39,-25]],[[7448,5075],[-50,11]],[[7398,5086],[-11,35]],[[7477,5136],[11,-36]],[[7015,5733],[-50,11]],[[6965,5744],[-11,35]],[[6954,5779],[40,25]],[[6744,4291],[-50,10]],[[6694,4301],[-11,36]],[[6683,4337],[40,25],[50,-11],[11,-35],[-40,-25]],[[3437,4819],[-50,11]],[[3476,4844],[-39,-25]],[[8068,5677],[39,25]],[[8107,5702],[51,-10]],[[8158,5692],[10,-36]],[[6607,9575],[-51,11]],[[6635,9636],[11,-36]],[[7173,5367],[-51,10]],[[7122,5377],[-10,36]],[[7201,5427],[11,-35]],[[7212,5392],[-39,-25]],[[3852,4999],[-50,10]],[[4275,4844],[-50,10]],[[4225,4854],[-11,36]],[[4253,4915],[51,-11]],[[4304,4904],[10,-35]],[[4314,4869],[-39,-25]],[[1668,6448],[-11,36]],[[1657,6484],[39,25],[51,-10]],[[1747,6499],[11,-36]],[[1758,6463],[-40,-25]],[[6516,5205],[-51,11]],[[6465,5216],[-10,36]],[[6494,5277],[50,-11]],[[6555,5230],[-39,-25]],[[3912,5418],[-11,36]],[[3901,5454],[39,25]],[[3940,5479],[51,-10]],[[3991,5469],[11,-36]],[[4002,5433],[-40,-25]],[[8398,5674],[-50,11]],[[8348,5685],[-11,35]],[[8377,5745],[50,-11]],[[8427,5734],[11,-35]],[[8438,5699],[-40,-25]],[[3193,5003],[-50,10]],[[3143,5013],[-11,36]],[[3171,5074],[50,-10]],[[6495,9632],[-11,35]],[[6484,9667],[40,25]],[[6585,9646],[-40,-25]],[[6899,4558],[-11,36]],[[6888,4594],[39,25]],[[6927,4619],[51,-11]],[[6978,4608],[10,-36]],[[3760,2987],[50,-11]],[[3810,2976],[11,-35]],[[3821,2941],[-39,-25],[-50,10],[-11,36],[39,25]],[[8254,5371],[-51,11]],[[8203,5382],[-10,35]],[[8193,5417],[39,25]],[[8232,5442],[50,-10]],[[8282,5432],[11,-36]],[[6165,6211],[-51,11]],[[6103,6257],[40,25],[50,-10],[11,-36]],[[6204,6236],[-39,-25]],[[6666,5174],[-50,10]],[[6616,5184],[-11,36]],[[6695,5234],[11,-35]],[[1797,5725],[-50,10]],[[1747,5735],[-11,35]],[[1825,5785],[11,-35]],[[1836,5750],[-39,-25]],[[3562,6256],[-11,35]],[[3551,6291],[40,25]],[[3591,6316],[50,-10]],[[6146,4251],[-51,10]],[[6095,4261],[-10,36]],[[6085,4297],[39,25]],[[6124,4322],[50,-11]],[[6174,4311],[11,-35]],[[6185,4276],[-39,-25]],[[2184,8134],[-50,10]],[[2134,8144],[-11,35]],[[2123,8179],[39,25],[51,-10],[10,-35]],[[2223,8159],[-39,-25]],[[5048,6478],[-51,11]],[[4986,6524],[40,25]],[[5026,6549],[50,-10]],[[5087,6503],[-39,-25]],[[6927,4152],[-51,11]],[[6876,4163],[-10,35]],[[6866,4198],[39,25]],[[6955,4213],[11,-36]],[[6807,5644],[-50,10]],[[6757,5654],[-11,36]],[[6785,5715],[51,-11]],[[6836,5704],[10,-35]],[[5419,3237],[-50,11],[-11,36],[39,25]],[[5397,3309],[50,-11]],[[5447,3298],[11,-36]],[[5458,3262],[-39,-25]],[[5196,4284],[-11,36]],[[5185,4320],[40,25]],[[5225,4345],[50,-11]],[[5275,4334],[11,-35]],[[5286,4299],[-40,-25]],[[8955,4755],[-50,11]],[[8905,4766],[-11,36]],[[8995,4780],[-40,-25]],[[3160,6339],[-50,11],[-11,35]],[[3138,6410],[51,-10]],[[3189,6400],[10,-36]],[[3199,6364],[-39,-25]],[[3849,6396],[-51,10]],[[3788,6442],[39,25]],[[3888,6421],[-39,-25]],[[7503,5363],[-50,11]],[[7453,5374],[-11,36]],[[7442,5410],[40,25]],[[7542,5388],[-39,-25]],[[4132,4541],[40,25]],[[626,5867],[-51,10]],[[575,5877],[-11,35]],[[665,5892],[-39,-25]],[[5407,5139],[-50,10]],[[5357,5149],[-11,36]],[[5386,5210],[50,-11]],[[5447,5164],[-40,-25]],[[2028,6042],[-50,10]],[[1967,6088],[40,25]],[[2007,6113],[50,-10]],[[2057,6103],[11,-36]],[[2068,6067],[-40,-25]],[[4213,5356],[-11,35]],[[4202,5391],[40,25]],[[4242,5416],[50,-10]],[[4292,5406],[11,-36]],[[4303,5370],[-40,-25]],[[7028,5064],[-50,10]],[[6978,5074],[-10,36]],[[6968,5110],[39,25]],[[7068,5089],[-40,-25]],[[6307,9936],[-10,36],[39,25],[51,-11],[11,-35]],[[3616,4848],[-50,11]],[[3555,4894],[39,25]],[[2299,6385],[-11,35]],[[2288,6420],[40,25]],[[2328,6445],[50,-10]],[[2378,6435],[11,-36]],[[2389,6399],[-39,-25]],[[2344,7769],[-51,11],[-11,35],[40,25],[50,-10]],[[2372,7830],[11,-36]],[[2383,7794],[-39,-25]],[[4375,4823],[-10,35]],[[4365,4858],[39,25]],[[4404,4883],[50,-10]],[[4454,4873],[11,-36]],[[6862,8892],[-51,10]],[[6811,8902],[-11,35]],[[6840,8962],[51,-10]],[[6891,8952],[10,-36]],[[4214,4890],[-50,10]],[[4192,4961],[51,-11]],[[4243,4950],[10,-35]],[[4253,4915],[-39,-25]],[[9782,5613],[40,25]],[[9822,5638],[50,-11]],[[9872,5627],[11,-35]],[[9883,5592],[-40,-25]],[[8311,5492],[-50,11]],[[8261,5503],[-11,36]],[[8250,5539],[40,24]],[[2107,7619],[-50,10]],[[2057,7629],[-11,36],[39,25]],[[2085,7690],[51,-11]],[[2136,7679],[11,-35]],[[5551,5442],[-51,10]],[[5490,5488],[39,25]],[[5529,5513],[50,-11]],[[5579,5502],[11,-35]],[[5590,5467],[-39,-25]],[[2398,6829],[-50,10]],[[2337,6875],[39,25]],[[2376,6900],[50,-10]],[[2426,6890],[11,-36]],[[2437,6854],[-39,-25]],[[5737,4203],[50,-10]],[[5798,4157],[-39,-25]],[[8741,5001],[-50,11]],[[8680,5047],[39,25],[51,-10]],[[8780,5026],[-39,-25]],[[4420,3748],[-50,10]],[[4370,3758],[-11,36]],[[4359,3794],[39,25]],[[4398,3819],[51,-11]],[[4449,3808],[10,-35]],[[4459,3773],[-39,-25]],[[4782,3638],[-51,11]],[[4731,3649],[-10,36]],[[4721,3685],[39,25],[50,-11],[11,-36]],[[4821,3663],[-39,-25]],[[4300,5071],[39,25]],[[4339,5096],[50,-10]],[[4389,5086],[11,-36]],[[7593,5378],[-51,10]],[[7542,5388],[-10,36]],[[7571,5449],[51,-11]],[[7622,5438],[10,-35]],[[7632,5403],[-39,-25]],[[4157,6464],[-11,36]],[[4146,6500],[40,25]],[[4186,6525],[50,-10]],[[4236,6515],[11,-36],[-40,-25]],[[8557,5774],[-11,35]],[[8546,5809],[40,25]],[[8586,5834],[50,-11]],[[8636,5823],[11,-35]],[[8647,5788],[-40,-25]],[[6862,4366],[-50,10],[-10,36],[39,25]],[[6841,4437],[50,-11]],[[6902,4391],[-40,-25]],[[3747,6882],[11,-36]],[[3758,6846],[-39,-25]],[[5247,9691],[-51,11]],[[5196,9702],[-11,35],[40,25]],[[5225,9762],[51,-10]],[[5276,9752],[10,-36]],[[1965,6553],[-11,36],[40,25]],[[1994,6614],[50,-11]],[[2055,6568],[-40,-25]],[[9756,5385],[39,25]],[[9795,5410],[51,-10]],[[9846,5400],[10,-36],[-39,-25]],[[6087,9882],[-50,11]],[[6037,9893],[-11,35]],[[6066,9953],[50,-10],[11,-36],[-40,-25]],[[5379,5078],[39,25]],[[5418,5103],[50,-10]],[[6569,4561],[-11,36]],[[6648,4611],[10,-35]],[[6658,4576],[-39,-25]],[[3868,6026],[-11,36]],[[3857,6062],[39,25]],[[3896,6087],[50,-11]],[[3946,6076],[11,-35]],[[3957,6041],[-39,-25]],[[4700,3289],[-50,11]],[[4650,3300],[-11,35]],[[4639,3335],[39,25]],[[4678,3360],[50,-10]],[[6071,5432],[-11,36]],[[6100,5493],[50,-11]],[[6150,5482],[10,-35]],[[6160,5447],[-39,-25]],[[2223,6633],[-50,10]],[[2201,6704],[50,-11]],[[2251,6693],[11,-35]],[[2262,6658],[-39,-25]],[[4936,3439],[-51,11]],[[4885,3450],[-10,36]],[[4875,3486],[39,25]],[[4914,3511],[50,-11]],[[4964,3500],[11,-36]],[[5028,4686],[-51,10]],[[4977,4696],[-10,36]],[[4967,4732],[39,25]],[[5006,4757],[50,-11]],[[5056,4746],[11,-35]],[[5925,9020],[-51,11]],[[5874,9031],[-11,35]],[[5903,9091],[50,-11]],[[5953,9080],[11,-35]],[[5964,9045],[-39,-25]],[[8584,9296],[-11,35]],[[8573,9331],[40,25]],[[8613,9356],[50,-10],[11,-36]],[[8674,9310],[-40,-25]],[[5218,4213],[-50,10]],[[5157,4259],[39,25]],[[5196,4284],[50,-10]],[[5246,4274],[11,-36]],[[5257,4238],[-39,-25]],[[5751,4933],[-10,36]],[[5741,4969],[39,25]],[[5780,4994],[50,-11]],[[5830,4983],[11,-35]],[[3925,4451],[-50,10]],[[3875,4461],[-11,36]],[[3864,4497],[39,25]],[[3903,4522],[50,-10]],[[3953,4512],[11,-36]],[[3964,4476],[-39,-25]],[[3270,6748],[-50,11]],[[3209,6794],[39,25]],[[3299,6809],[10,-36]],[[3309,6773],[-39,-25]],[[2199,6405],[-50,11]],[[2149,6416],[-11,35]],[[2138,6451],[39,25],[50,-10]],[[2227,6466],[11,-36]],[[2238,6430],[-39,-25]],[[6574,9682],[-50,10]],[[6524,9692],[-11,36]],[[6513,9728],[40,25]],[[6553,9753],[50,-11]],[[6603,9742],[11,-35]],[[3891,5024],[-11,35]],[[3920,5084],[50,-10]],[[3981,5038],[-40,-25]],[[6390,9819],[-50,11]],[[6340,9830],[-11,35]],[[6430,9844],[-40,-25]],[[7586,5712],[-50,11]],[[7536,5723],[-11,36]],[[7565,5783],[50,-10]],[[7615,5773],[11,-36]],[[7626,5737],[-40,-25]],[[9079,5129],[-11,36]],[[9068,5165],[40,25]],[[9169,5143],[-40,-24]],[[6275,9578],[39,25]],[[6314,9603],[51,-11]],[[6376,9557],[-40,-25],[-51,11],[-10,35]],[[7107,8708],[-51,10]],[[7056,8718],[-11,36]],[[7045,8754],[40,24]],[[7085,8778],[51,-10]],[[7136,8768],[10,-36]],[[7146,8732],[-39,-24]],[[6339,3610],[-51,10]],[[6317,3681],[50,-11]],[[6367,3670],[11,-35]],[[6754,3789],[-50,10]],[[6704,3799],[-11,36]],[[6693,3835],[40,25]],[[6783,3849],[11,-36]],[[5601,3099],[-50,10]],[[5551,3109],[-11,36]],[[5640,3124],[-39,-25]],[[3352,4637],[-51,11]],[[3301,4648],[-10,35]],[[3330,4708],[50,-10]],[[3391,4662],[-39,-25]],[[3586,5254],[-11,35]],[[3676,5268],[-40,-25]],[[4078,4718],[-11,36]],[[4067,4754],[40,25],[50,-11]],[[3535,6959],[-50,10]],[[3485,6969],[-11,36]],[[3474,7005],[39,25]],[[3513,7030],[51,-10]],[[9550,5129],[-51,11]],[[9499,5140],[-10,35]],[[9489,5175],[39,25]],[[9528,5200],[51,-10]],[[9579,5190],[10,-36]],[[9589,5154],[-39,-25]],[[5138,5561],[-11,36]],[[5167,5622],[50,-11]],[[5217,5611],[11,-35]],[[6668,3607],[-50,10]],[[6618,3617],[-11,36]],[[6647,3678],[50,-11]],[[5848,4147],[-50,10]],[[5798,4157],[-11,36]],[[5787,4193],[40,25]],[[5827,4218],[50,-11]],[[5877,4207],[11,-35]],[[5888,4172],[-40,-25]],[[5966,4222],[-50,10]],[[5916,4232],[-11,36]],[[5905,4268],[40,25]],[[5945,4293],[50,-11]],[[5995,4282],[11,-35]],[[6006,4247],[-40,-25]],[[5648,4189],[-11,36]],[[5726,4239],[11,-36]],[[5737,4203],[-39,-25]],[[4374,5754],[-50,11]],[[4324,5765],[-11,35]],[[4313,5800],[39,25]],[[4352,5825],[50,-10]],[[4402,5815],[11,-36],[-39,-25]],[[7020,4466],[-10,35]],[[7049,4526],[50,-10]],[[7099,4516],[11,-36]],[[7110,4480],[-39,-25]],[[2464,8142],[-11,36]],[[2453,8178],[40,25],[50,-11],[11,-35]],[[2554,8157],[-39,-25]],[[5773,9051],[-50,11]],[[5712,9097],[40,25]],[[5752,9122],[50,-10]],[[5813,9076],[-40,-25]],[[3199,7593],[-11,35]],[[3228,7653],[50,-10]],[[3278,7643],[11,-35]],[[3289,7608],[-39,-26],[-51,11]],[[4968,3333],[-50,10]],[[4918,3343],[-11,36]],[[4907,3379],[39,25]],[[4996,3393],[11,-35]],[[726,5846],[-11,35]],[[754,5907],[50,-11]],[[815,5861],[-39,-25]],[[3335,6535],[-50,11]],[[3285,6546],[-11,35]],[[3314,6606],[50,-10]],[[3047,4867],[39,25]],[[3136,4882],[11,-36]],[[4258,4281],[-50,11]],[[4197,4327],[39,25]],[[4236,4352],[51,-10]],[[4297,4306],[-39,-25]],[[6872,8856],[-10,36]],[[6862,8892],[39,24]],[[6901,8916],[51,-10]],[[6963,8870],[-40,-24]],[[2704,6600],[-51,10]],[[2643,6646],[39,25]],[[2743,6625],[-39,-25]],[[6207,5603],[-50,11]],[[6186,5674],[50,-10]],[[6247,5628],[-40,-25]],[[3693,7059],[50,-10]],[[3743,7049],[11,-36]],[[3910,2955],[-11,36]],[[3899,2991],[40,25]],[[3939,3016],[50,-10]],[[3989,3006],[11,-36],[-40,-25]],[[4528,5556],[-50,10]],[[4478,5566],[-11,36]],[[1976,5754],[-50,10]],[[1926,5764],[-11,36]],[[1915,5800],[39,25]],[[1954,5825],[50,-10]],[[2004,5815],[11,-36]],[[2015,5779],[-39,-25]],[[2896,4898],[-50,11],[-11,35]],[[2874,4970],[51,-11]],[[2925,4959],[10,-35]],[[2935,4924],[-39,-26]],[[6239,4564],[50,-10]],[[6300,4518],[-40,-25]],[[6659,5508],[-50,11]],[[6609,5519],[-11,35]],[[6598,5554],[40,25]],[[6638,5579],[50,-10]],[[6699,5533],[-40,-25]],[[3637,6473],[-50,10]],[[3576,6519],[39,25]],[[3615,6544],[50,-11]],[[3676,6498],[-39,-25]],[[4005,5266],[-10,35]],[[3995,5301],[39,25]],[[4034,5326],[50,-10]],[[4084,5316],[11,-36]],[[4095,5280],[-39,-25]],[[4032,6258],[-50,10]],[[3982,6268],[-11,36]],[[3971,6304],[39,25]],[[4010,6329],[51,-11]],[[4061,6318],[10,-35]],[[4071,6283],[-39,-25]],[[8941,5592],[-51,11]],[[8890,5603],[-10,35]],[[8880,5638],[39,25]],[[8919,5663],[51,-10]],[[8970,5653],[10,-36]],[[5287,9252],[-51,10],[-11,36],[40,25]],[[5265,9323],[50,-11]],[[5315,9312],[11,-35]],[[5326,9277],[-39,-25]],[[6731,5426],[50,-10]],[[2558,5235],[-50,10]],[[2508,5245],[-11,36]],[[2497,5281],[40,25]],[[2587,5295],[11,-35]],[[2598,5260],[-40,-25]],[[6125,5721],[50,-11]],[[6175,5710],[11,-36]],[[6186,5674],[-40,-25]],[[6746,5690],[-50,10]],[[6696,5700],[-11,36]],[[6685,5736],[39,25]],[[6775,5750],[10,-35]],[[6785,5715],[-39,-25]],[[6408,8986],[-51,11]],[[6346,9032],[40,25],[50,-11],[11,-35]],[[6447,9011],[-39,-25]],[[3478,5609],[39,25]],[[3567,5623],[11,-35]],[[4255,6145],[-11,36]],[[4244,6181],[39,25],[51,-11]],[[6849,5035],[-50,11],[-11,35],[40,25]],[[6828,5106],[50,-10]],[[6878,5096],[11,-36]],[[9592,4987],[50,-11]],[[9642,4976],[11,-36],[-40,-25],[-50,11]],[[2617,7647],[-50,10]],[[2595,7717],[51,-10]],[[2646,7707],[11,-35]],[[3269,4754],[-11,36]],[[3258,4790],[39,25]],[[3348,4804],[10,-35]],[[3358,4769],[-39,-25]],[[4046,3127],[-50,10]],[[3996,3137],[-11,36]],[[3985,3173],[39,25]],[[4074,3188],[11,-36]],[[6106,3292],[-50,11]],[[6056,3303],[-11,35]],[[6045,3338],[39,25]],[[6084,3363],[50,-10]],[[6134,3353],[11,-36]],[[3665,5304],[-50,10]],[[3604,5350],[39,25]],[[3693,5364],[11,-35]],[[1149,5692],[-11,36]],[[1138,5728],[40,25]],[[1178,5753],[50,-10]],[[1228,5743],[11,-36],[-40,-25],[-50,10]],[[8636,4723],[50,-10]],[[8686,4713],[10,-36]],[[6926,8679],[-50,10]],[[6876,8689],[-11,36]],[[6865,8725],[40,25]],[[6955,8739],[11,-35]],[[6966,8704],[-40,-25]],[[7261,4448],[-11,36]],[[7289,4509],[51,-11]],[[7340,4498],[10,-36]],[[7350,4462],[-39,-24]],[[6372,5369],[-11,35]],[[6361,5404],[40,25]],[[6451,5419],[11,-36]],[[6462,5383],[-40,-25]],[[2803,5051],[39,25]],[[2842,5076],[50,-10]],[[2892,5066],[11,-36]],[[2903,5030],[-39,-25]],[[7201,5427],[-50,11]],[[7140,5473],[40,25]],[[7180,5498],[50,-10]],[[7230,5488],[11,-36]],[[7241,5452],[-40,-25]],[[8327,4655],[-51,11]],[[8305,4727],[51,-11]],[[8366,4680],[-39,-25]],[[6292,2986],[-51,11]],[[6241,2997],[-10,35]],[[6231,3032],[39,25]],[[6320,3047],[11,-36],[-39,-25]],[[5152,5825],[-50,10]],[[5102,5835],[-11,36]],[[5131,5896],[50,-11]],[[5192,5850],[-40,-25]],[[6468,4582],[-50,11]],[[6407,4629],[40,25]],[[6447,4654],[50,-11]],[[6508,4607],[-40,-25]],[[6818,5608],[-11,36]],[[6807,5644],[39,25]],[[6846,5669],[51,-11]],[[6110,4991],[-11,36]],[[6189,5041],[11,-36]],[[6200,5005],[-40,-24]],[[8873,4873],[-11,35]],[[8862,4908],[40,25]],[[8952,4923],[11,-36]],[[1666,6150],[-50,10]],[[1616,6160],[-11,36]],[[1694,6211],[11,-36]],[[7087,5651],[-11,36]],[[7116,5712],[50,-11]],[[7166,5701],[11,-35]],[[9042,4937],[-50,11]],[[8981,4983],[40,25]],[[9021,5008],[50,-11]],[[6189,5041],[-50,11]],[[6167,5112],[51,-10]],[[6218,5102],[10,-36]],[[6228,5066],[-39,-25]],[[2490,7905],[-50,10]],[[2440,7915],[-11,36]],[[2469,7976],[50,-11]],[[2519,7965],[11,-35]],[[5526,3815],[-50,10],[-11,36]],[[5504,3886],[50,-11]],[[5565,3840],[-39,-25]],[[3863,3265],[-50,11]],[[3813,3276],[-11,35],[40,25]],[[3842,3336],[50,-10]],[[3902,3290],[-39,-25]],[[5701,5410],[40,25]],[[5741,5435],[50,-11]],[[5791,5424],[11,-35]],[[5802,5389],[-40,-25]],[[3424,5786],[-11,36]],[[3413,5822],[39,25]],[[3452,5847],[50,-11]],[[3502,5836],[11,-35]],[[5020,5020],[39,25]],[[5110,5035],[10,-36]],[[5229,3711],[39,25]],[[5268,3736],[50,-11]],[[5318,3725],[11,-35]],[[5329,3690],[-39,-25],[-50,10]],[[5568,9260],[-11,35]],[[5557,9295],[40,25],[50,-10],[11,-36]],[[5658,9274],[-40,-24]],[[5109,5501],[-10,35]],[[5099,5536],[39,25]],[[5138,5561],[50,-10]],[[5199,5515],[-39,-25]],[[4673,4927],[-11,35]],[[4762,4941],[-39,-25]],[[2112,6689],[-11,35]],[[2101,6724],[39,25]],[[2140,6749],[50,-10]],[[2190,6739],[11,-35]],[[2201,6704],[-39,-25]],[[2863,6235],[11,-36]],[[2874,6199],[-40,-25]],[[5988,5083],[-11,36]],[[5977,5119],[40,25]],[[6017,5144],[50,-11]],[[5091,5871],[-50,10]],[[5041,5881],[-11,36]],[[5120,5931],[11,-35]],[[5131,5896],[-40,-25]],[[4476,0],[-50,11],[-11,35],[39,25],[50,-10],[11,-36],[-39,-25]],[[2543,7430],[-11,35]],[[2571,7490],[50,-10]],[[2621,7480],[11,-36]],[[3193,6233],[-51,10]],[[3142,6243],[-10,36]],[[3132,6279],[39,25]],[[3171,6304],[50,-11]],[[3221,6293],[11,-35]],[[3232,6258],[-39,-25]],[[4576,4781],[-50,10]],[[4515,4827],[39,25]],[[4615,4806],[-39,-25]],[[7219,5057],[-11,36]],[[7208,5093],[40,25]],[[7298,5107],[10,-36]],[[7308,5071],[-39,-25]],[[9082,4962],[-11,35]],[[9071,4997],[40,25]],[[9161,5012],[11,-36]],[[9172,4976],[-40,-25]],[[5906,5667],[-50,10]],[[5856,5677],[-11,36]],[[5845,5713],[39,25]],[[5884,5738],[51,-11]],[[5935,5727],[10,-35]],[[5945,5692],[-39,-25]],[[3644,4909],[-50,10]],[[3594,4919],[-11,36]],[[3583,4955],[40,25]],[[3954,5742],[-50,11]],[[3933,5813],[50,-10]],[[3983,5803],[11,-36]],[[3994,5767],[-40,-25]],[[4973,5796],[-50,10]],[[4923,5806],[-11,36]],[[4951,5867],[50,-11]],[[5001,5856],[11,-35]],[[5012,5821],[-39,-25]],[[8450,5029],[-11,36]],[[8439,5065],[40,25]],[[8529,5079],[11,-35]],[[8540,5044],[-40,-25]],[[3608,5183],[-50,10]],[[3547,5229],[39,25]],[[3586,5254],[50,-11]],[[3636,5243],[11,-35]],[[3647,5208],[-39,-25]],[[7138,4074],[-50,11]],[[7088,4085],[-11,35]],[[6555,4764],[-51,11]],[[6504,4775],[-10,35]],[[6494,4810],[39,25]],[[6594,4789],[-39,-25]],[[3566,6089],[-11,35]],[[3656,6103],[-40,-25]],[[6817,5142],[-50,10]],[[6756,5188],[39,25]],[[6795,5213],[51,-11]],[[6856,5167],[-39,-25]],[[7407,5684],[-51,10]],[[7346,5730],[39,25]],[[7385,5755],[50,-11]],[[7435,5744],[11,-35]],[[7446,5709],[-39,-25]],[[4924,3942],[-50,10]],[[4863,3988],[40,25]],[[4903,4013],[50,-11]],[[4953,4002],[11,-35]],[[3603,7045],[-11,35]],[[3682,7095],[11,-36]],[[3693,7059],[-40,-25]],[[5378,6476],[-50,10]],[[5317,6522],[39,25]],[[5356,6547],[51,-11],[10,-35],[-39,-25]],[[4529,2925],[-50,11]],[[4479,2936],[-11,35]],[[4468,2971],[39,25]],[[4557,2986],[11,-36]],[[6317,8972],[-50,10]],[[6256,9018],[40,25],[50,-11]],[[6346,9032],[11,-35]],[[6357,8997],[-40,-25]],[[5209,6411],[-11,36]],[[5198,6447],[40,25]],[[5288,6461],[11,-35]],[[5299,6426],[-40,-25]],[[7881,4417],[-50,10]],[[7831,4427],[-11,36]],[[7820,4463],[40,25],[50,-11],[11,-35]],[[7921,4442],[-40,-25]],[[9062,5500],[-50,10]],[[9012,5510],[-10,36]],[[9041,5571],[50,-11]],[[9102,5524],[-40,-24]],[[3706,6093],[-50,10]],[[3656,6103],[-11,36]],[[3735,6154],[10,-36]],[[6685,8696],[-51,10]],[[6634,8706],[-10,36]],[[7012,5900],[-50,11]],[[6962,5911],[-11,35]],[[6951,5946],[39,25]],[[7041,5961],[10,-36]],[[7282,4377],[-50,11]],[[7232,4388],[-11,35]],[[7221,4423],[40,25]],[[7261,4448],[50,-10]],[[7311,4438],[10,-36]],[[3541,4631],[-10,35]],[[3620,4681],[11,-35]],[[2392,7461],[-11,35]],[[2381,7496],[39,25]],[[2481,7475],[-39,-25]],[[6009,4079],[-10,36]],[[5999,4115],[39,25]],[[235,4852],[39,25]],[[274,4877],[50,-11]],[[335,4831],[-39,-25],[-50,10],[-11,36]],[[4235,3120],[-11,36]],[[4224,3156],[40,25]],[[4264,3181],[50,-11]],[[4314,3170],[10,-35]],[[4324,3135],[-39,-25],[-50,10]],[[7357,4128],[-11,35]],[[7346,4163],[40,25]],[[7446,4142],[-39,-25]],[[5959,3157],[-50,10]],[[5898,3203],[39,25]],[[5988,3217],[10,-35]],[[5998,3182],[-39,-25]],[[4235,5285],[-50,10]],[[4185,5295],[-11,36]],[[4174,5331],[39,25]],[[4213,5356],[50,-11]],[[4263,5345],[11,-35]],[[4274,5310],[-39,-25]],[[4627,4304],[-11,35]],[[4616,4339],[39,25]],[[4655,4364],[51,-10]],[[4706,4354],[10,-36]],[[4716,4318],[-39,-25]],[[6257,4660],[-50,11]],[[6207,4671],[-11,35],[39,25]],[[6235,4731],[51,-10]],[[6286,4721],[10,-36]],[[6345,3275],[-50,10]],[[6285,3321],[39,25]],[[6324,3346],[50,-11]],[[6385,3300],[-40,-25]],[[5373,9433],[-50,10]],[[5323,9443],[-11,36]],[[5351,9504],[51,-11]],[[5413,9458],[-40,-25]],[[3213,7856],[11,-36]],[[4958,6464],[-51,10]],[[4936,6535],[50,-11]],[[4986,6524],[11,-35]],[[4997,6489],[-39,-25]],[[5213,5779],[40,25]],[[5253,5804],[50,-11]],[[5303,5793],[11,-35]],[[5314,5758],[-40,-25]],[[5050,3682],[-50,10]],[[5000,3692],[-11,36]],[[5028,3753],[50,-10]],[[1987,6482],[-50,11],[-11,35],[39,25]],[[1965,6553],[50,-10]],[[2015,6543],[11,-36]],[[4173,4099],[-51,11]],[[4122,4110],[-10,36]],[[4112,4146],[39,25]],[[4151,4171],[50,-11]],[[4201,4160],[11,-36]],[[4212,4124],[-39,-25]],[[6973,3842],[-11,36]],[[7002,3903],[50,-11],[10,-35],[-39,-25]],[[7227,5655],[40,25]],[[7317,5669],[11,-35]],[[7022,5398],[-50,11]],[[6972,5409],[-11,36]],[[6961,5445],[39,25]],[[7061,5423],[-39,-25]],[[8581,5535],[-50,11]],[[8610,5596],[11,-36]],[[8621,5560],[-40,-25]],[[3212,5863],[-11,36]],[[3201,5899],[39,25]],[[3240,5924],[51,-11]],[[3531,5897],[-50,10]],[[3481,5907],[-11,36]],[[3470,5943],[39,25]],[[2449,7582],[-11,35]],[[2527,7632],[11,-36]],[[2538,7596],[-39,-25]],[[3965,4010],[39,25]],[[4004,4035],[51,-11]],[[4065,3989],[-39,-25]],[[218,5818],[-11,35],[39,25],[50,-10],[11,-36]],[[307,5832],[-39,-25]],[[9402,4994],[-51,10]],[[9380,5065],[51,-11]],[[9441,5019],[-39,-25]],[[7373,4858],[-11,35]],[[7362,4893],[39,25]],[[7452,4908],[10,-36]],[[7462,4872],[-39,-25]],[[7112,5413],[-51,10]],[[7061,5423],[-10,36]],[[7090,5484],[50,-11]],[[7140,5473],[11,-35]],[[7151,5438],[-39,-25]],[[8709,9037],[-11,35]],[[8698,9072],[40,25]],[[8738,9097],[51,-10],[10,-36],[-39,-25],[-51,11]],[[8549,4542],[50,-11]],[[8599,4531],[11,-36]],[[8610,4495],[-40,-25],[-50,11],[-11,36],[40,25]],[[9002,5546],[-51,11]],[[8951,5557],[-10,35]],[[8941,5592],[39,25]],[[8980,5617],[51,-11]],[[9031,5606],[10,-35]],[[9041,5571],[-39,-25]],[[5985,6183],[-50,10]],[[5935,6193],[-11,36]],[[5963,6254],[51,-11]],[[5802,4923],[39,25]],[[5841,4948],[50,-11]],[[5902,4902],[-39,-25]],[[8699,4509],[-10,36]],[[8779,4559],[10,-35],[-39,-25],[-51,10]],[[3350,5103],[-11,36]],[[3339,5139],[40,25]],[[2506,7703],[-11,35]],[[2495,7738],[39,25]],[[2534,7763],[50,-10]],[[2584,7753],[11,-36]],[[2595,7717],[-39,-25]],[[3982,4572],[-50,11]],[[3921,4618],[39,25]],[[3960,4643],[50,-10]],[[3273,7047],[-11,35]],[[3262,7082],[39,25]],[[3301,7107],[51,-10]],[[3352,7097],[10,-36]],[[3065,5728],[50,-11]],[[3126,5682],[-39,-25],[-50,10],[-11,36]],[[3521,6696],[-10,36]],[[3550,6757],[50,-11]],[[3611,6711],[-39,-25]],[[4431,5876],[-50,10]],[[4381,5886],[-11,36]],[[4460,5936],[10,-35]],[[4470,5901],[-39,-25]],[[5644,4356],[-11,36]],[[5633,4392],[40,25]],[[5673,4417],[50,-11]],[[4991,4960],[-50,10]],[[4970,5031],[50,-11]],[[5020,5020],[11,-35]],[[6117,4190],[39,25]],[[6156,4215],[50,-11]],[[6217,4169],[-39,-25]],[[5611,9583],[40,25]],[[5712,9562],[-40,-25]],[[5669,4118],[-50,10]],[[5619,4128],[-11,36]],[[5608,4164],[40,25]],[[5648,4189],[50,-11]],[[5698,4178],[10,-35]],[[9425,5389],[-50,11]],[[9404,5460],[50,-10]],[[9454,5450],[11,-36]],[[5282,3999],[40,25]],[[5372,4014],[11,-36]],[[5383,3978],[-40,-25]],[[5239,5074],[-11,36]],[[5228,5110],[39,25]],[[5267,5135],[51,-11]],[[5318,5124],[10,-35]],[[5525,9402],[-51,10]],[[5474,9412],[-11,36]],[[5503,9473],[50,-11]],[[5553,9462],[11,-35],[-39,-25]],[[6850,5501],[-11,36]],[[6939,5516],[-39,-25]],[[5547,5609],[-50,10]],[[5525,5680],[51,-11]],[[5576,5669],[10,-35]],[[5586,5634],[-39,-25]],[[8459,5628],[40,25]],[[8499,5653],[50,-11]],[[8560,5606],[-40,-25]],[[3441,4652],[-50,10]],[[3391,4662],[-11,36]],[[3380,4698],[39,25]],[[3480,4677],[-39,-25]],[[5072,3144],[-11,36]],[[5061,3180],[39,25]],[[5100,3205],[50,-11]],[[5161,3158],[-39,-25],[-50,11]],[[2352,7436],[40,25]],[[2392,7461],[50,-11]],[[2442,7450],[11,-35]],[[2453,7415],[-40,-25],[-50,10],[-11,36]],[[6006,5646],[-10,35]],[[5996,5681],[39,25]],[[6085,5696],[11,-36]],[[9135,4784],[-50,10]],[[9074,4830],[40,25]],[[9164,4844],[11,-35],[-40,-25]],[[5604,5730],[-50,10]],[[5554,5740],[-11,36]],[[5583,5801],[50,-11]],[[5633,5790],[11,-35]],[[5644,5755],[-40,-25]],[[7198,5594],[-50,11]],[[7137,5641],[40,25]],[[7177,5666],[50,-11]],[[7227,5655],[11,-36]],[[1670,5983],[-50,11]],[[1620,5994],[-11,35]],[[1649,6054],[50,-10]],[[1699,6044],[11,-36]],[[1710,6008],[-40,-25]],[[4993,3561],[-50,10]],[[4943,3571],[-11,36]],[[4971,3632],[50,-11]],[[5021,3621],[11,-35]],[[5032,3586],[-39,-25]],[[4354,4428],[-10,35]],[[4344,4463],[39,25]],[[4433,4478],[11,-36]],[[4444,4442],[-39,-25]],[[5927,3263],[-50,11]],[[5877,3274],[-11,36]],[[5866,3310],[39,25]],[[5955,3324],[11,-36]],[[9099,5692],[-10,35],[39,25],[51,-10]],[[9179,5742],[10,-36]],[[4131,5007],[-10,35]],[[4121,5042],[39,25]],[[4160,5067],[50,-10]],[[4221,5021],[-39,-25]],[[3543,6625],[-50,11]],[[3482,6671],[39,25]],[[3521,6696],[51,-10]],[[3572,6686],[11,-36]],[[3583,6650],[-40,-25]],[[3842,7958],[-51,10]],[[3791,7968],[-11,36]],[[3780,8004],[40,25],[50,-11]],[[3881,7983],[-39,-25]],[[3632,5410],[-50,11]],[[3582,5421],[-11,35]],[[3611,5481],[50,-10]],[[3661,5471],[11,-36]],[[5231,6340],[-51,11]],[[5180,6351],[-10,35]],[[5170,6386],[39,25]],[[5209,6411],[50,-10]],[[5259,6401],[11,-36]],[[5270,6365],[-39,-25]],[[2955,6548],[-11,35]],[[2944,6583],[39,25]],[[2983,6608],[51,-10]],[[3045,6562],[-40,-25]],[[4816,4764],[-50,10]],[[4794,4835],[51,-11]],[[4845,4824],[10,-35]],[[4855,4789],[-39,-25]],[[6142,3485],[-11,35]],[[6170,3545],[50,-10]],[[6231,3499],[-39,-25]],[[6108,8882],[-50,11],[-11,35]],[[6047,8928],[40,25]],[[6087,8953],[50,-10]],[[6137,8943],[11,-36]],[[6148,8907],[-40,-25]],[[4696,6086],[-50,11]],[[4646,6097],[-11,35]],[[4635,6132],[40,25]],[[4675,6157],[50,-10]],[[4725,6147],[11,-36]],[[4736,6111],[-40,-25]],[[8825,5350],[-51,11]],[[8764,5396],[39,25]],[[8854,5411],[10,-36]],[[6249,4062],[50,-11]],[[6297,6084],[-10,35]],[[6287,6119],[39,25]],[[6376,6134],[11,-36]],[[6387,6098],[-39,-25]],[[5744,6200],[-50,10]],[[5683,6246],[40,25]],[[5723,6271],[50,-11]],[[5773,6260],[11,-35]],[[5784,6225],[-40,-25]],[[4846,6520],[-10,36]],[[4836,6556],[39,25]],[[4875,6581],[50,-11]],[[4925,6570],[11,-35]],[[4936,6535],[-39,-25]],[[4050,4658],[-11,35]],[[4039,4693],[39,25]],[[4078,4718],[50,-10]],[[4831,4094],[-50,11]],[[4781,4105],[-11,35]],[[4870,4119],[-39,-25]],[[4270,3779],[-50,11]],[[4209,3825],[39,25]],[[4248,3850],[50,-10]],[[4298,3840],[11,-36]],[[4309,3804],[-39,-25]],[[8161,5524],[-51,11]],[[8190,5585],[10,-36]],[[8200,5549],[-39,-25]],[[7224,4256],[-50,10]],[[7163,4302],[40,25]],[[7203,4327],[50,-11]],[[7253,4316],[11,-35]],[[7264,4281],[-40,-25]],[[1954,8114],[-11,36]],[[1943,8150],[40,25]],[[1983,8175],[50,-10]],[[2033,8165],[11,-36]],[[6743,8817],[39,25]],[[6782,8842],[51,-11]],[[6844,8796],[-40,-25]],[[5820,9672],[-50,11]],[[5799,9743],[50,-10]],[[5860,9697],[-40,-25]],[[5457,5594],[-50,11]],[[5407,5605],[-11,35]],[[5396,5640],[40,25]],[[5486,5655],[11,-36]],[[5497,5619],[-40,-25]],[[3330,5939],[-11,35]],[[3319,5974],[39,25]],[[3358,5999],[51,-10]],[[3409,5989],[10,-36]],[[3419,5953],[-39,-25]],[[3498,4773],[39,25]],[[3537,4798],[50,-10]],[[3587,4788],[11,-36]],[[3099,5155],[-50,11]],[[3049,5166],[-11,35]],[[3038,5201],[40,25]],[[3078,5226],[50,-10]],[[3128,5216],[11,-35]],[[3139,5181],[-40,-26]],[[7727,4616],[-50,11]],[[7756,4677],[11,-36]],[[7767,4641],[-40,-25]],[[5694,4346],[39,25]],[[5784,4360],[10,-35]],[[5794,4325],[-39,-25]],[[9309,5147],[40,25]],[[9399,5161],[10,-35]],[[9409,5126],[-39,-25]],[[7344,4797],[-11,36],[40,25]],[[7373,4858],[50,-11]],[[7423,4847],[11,-35]],[[7189,4530],[-50,11]],[[7139,4541],[-11,35]],[[7128,4576],[40,25]],[[7168,4601],[50,-10],[11,-36]],[[3859,5130],[-11,36]],[[3848,5166],[39,25]],[[3887,5191],[51,-11]],[[3938,5180],[10,-35]],[[3948,5145],[-39,-25]],[[5242,5839],[-50,11]],[[5192,5850],[-11,35]],[[5181,5885],[39,25]],[[5220,5910],[51,-10]],[[5271,5900],[10,-36]],[[5281,5864],[-39,-25]],[[4144,5736],[-11,35]],[[4173,5796],[50,-10]],[[4223,5786],[11,-36]],[[4249,3384],[-50,11]],[[4199,3395],[-11,35]],[[4227,3455],[50,-10]],[[4277,3445],[11,-36]],[[6952,4380],[-50,11]],[[6902,4391],[-11,35]],[[6891,4426],[40,25]],[[6931,4451],[50,-10]],[[6992,4405],[-40,-25]],[[6470,5981],[-51,10]],[[6409,6027],[39,25]],[[6448,6052],[50,-11]],[[6498,6041],[11,-35]],[[6509,6006],[-39,-25]],[[2057,5339],[50,-11]],[[2107,5328],[11,-35],[-39,-25],[-51,10],[-11,36],[40,25]],[[9285,5386],[-11,35]],[[9364,5435],[11,-35]],[[9375,5400],[-40,-25]],[[8109,5069],[-50,10]],[[8059,5079],[-11,36]],[[8048,5115],[40,25]],[[8088,5140],[50,-11]],[[8138,5129],[11,-36]],[[8149,5093],[-40,-24]],[[4038,3462],[-50,10]],[[3988,3472],[-11,36]],[[4077,3487],[-39,-25]],[[2741,6327],[-51,10]],[[2719,6397],[50,-10]],[[2769,6387],[11,-35]],[[2780,6352],[-39,-25]],[[5098,6002],[-11,36]],[[5087,6038],[40,25],[50,-11]],[[5177,6052],[11,-35]],[[5188,6017],[-40,-25]],[[3662,7929],[-51,10]],[[3611,7939],[-10,36]],[[3640,8000],[50,-11]],[[3690,7989],[11,-35]],[[4379,4655],[-11,36]],[[4368,4691],[40,25]],[[4408,4716],[50,-11]],[[4458,4705],[11,-35]],[[5389,4577],[-50,10]],[[5339,4587],[-10,36]],[[5329,4623],[39,25]],[[5368,4648],[50,-11]],[[5418,4637],[11,-35]],[[5429,4602],[-40,-25]],[[3865,5728],[-51,10]],[[3814,5738],[-10,36]],[[3804,5774],[39,25]],[[3893,5788],[11,-35]],[[3904,5753],[-39,-25]],[[6002,3948],[-50,10]],[[5952,3958],[-11,36]],[[6031,4008],[10,-35]],[[6907,5622],[-10,36]],[[6897,5658],[39,25]],[[6936,5683],[50,-11]],[[6986,5672],[11,-35]],[[6997,5637],[-39,-25]],[[5486,5655],[-50,10]],[[5436,5665],[-11,36]],[[5464,5726],[51,-11]],[[5515,5715],[10,-35]],[[5525,5680],[-39,-25]],[[1793,5892],[-50,10]],[[1743,5902],[-11,35]],[[1732,5937],[39,25]],[[1771,5962],[50,-10]],[[1821,5952],[11,-35]],[[1832,5917],[-39,-25]],[[7343,4331],[-50,10]],[[7293,4341],[-11,36]],[[7282,4377],[39,25]],[[7321,4402],[51,-11]],[[7372,4391],[10,-35]],[[7382,4356],[-39,-25]],[[8835,5314],[-10,36]],[[8825,5350],[39,25]],[[8864,5375],[51,-11],[10,-35],[-39,-25]],[[3677,4802],[-50,11]],[[3627,4813],[-11,35]],[[3616,4848],[39,25]],[[3716,4827],[-39,-25]],[[2755,8116],[-50,10]],[[2705,8126],[-11,35]],[[2694,8161],[40,25]],[[2784,8176],[11,-35]],[[2795,8141],[-40,-25]],[[6599,8980],[50,-11]],[[6649,8969],[11,-35]],[[6660,8934],[-40,-25]],[[3502,7065],[-50,11]],[[3452,7076],[-11,35]],[[3441,7111],[40,25],[50,-10]],[[3542,7090],[-40,-25]],[[1878,8362],[-51,11],[-11,35]],[[1856,8433],[50,-10]],[[1906,8423],[11,-36]],[[5263,6234],[-50,10]],[[5213,6244],[-11,36]],[[5202,6280],[40,25]],[[5242,6305],[50,-11]],[[5303,6259],[-40,-25]],[[3832,5834],[-50,11]],[[3782,5845],[-11,35]],[[3771,5880],[39,25]],[[3810,5905],[51,-10]],[[3861,5895],[10,-36]],[[8183,5919],[-50,11],[-11,36],[40,24],[50,-10],[11,-36],[-40,-25]],[[6895,4259],[-51,11]],[[6844,4270],[-10,35],[39,25]],[[6873,4330],[50,-10]],[[3177,5671],[-51,11]],[[3126,5682],[-11,35]],[[3115,5717],[40,25]],[[3368,7658],[-50,10]],[[3318,7668],[-11,35]],[[3346,7728],[50,-10]],[[3396,7718],[11,-35]],[[3407,7683],[-39,-25]],[[1788,6059],[-50,10]],[[1738,6069],[-11,35]],[[6484,5778],[-11,36]],[[6473,5814],[40,25]],[[6513,5839],[50,-11]],[[5465,5260],[-51,11]],[[5414,5271],[-10,35]],[[5404,5306],[39,25]],[[5493,5321],[11,-36]],[[5504,5285],[-39,-25]],[[6446,4187],[-50,11]],[[6396,4198],[-10,35]],[[6386,4233],[39,25]],[[6475,4248],[11,-36]],[[5934,4329],[-50,10]],[[5884,4339],[-11,36]],[[5873,4375],[40,25]],[[5913,4400],[50,-11]],[[5963,4389],[11,-35]],[[5974,4354],[-40,-25]],[[3538,6028],[-11,36]],[[3527,6064],[39,25]],[[3566,6089],[50,-11]],[[3616,6078],[11,-35]],[[5924,6229],[-50,10]],[[5874,6239],[-11,36]],[[5863,6275],[39,25],[51,-11]],[[5953,6289],[10,-35]],[[5963,6254],[-39,-25]],[[5482,5822],[-50,11]],[[5432,5833],[-11,35]],[[5421,5868],[40,25]],[[5461,5893],[50,-10]],[[5511,5883],[11,-36]],[[4166,5665],[11,-36]],[[4177,5629],[-40,-25]],[[5547,6075],[-11,35]],[[5536,6110],[40,25]],[[5576,6135],[50,-10]],[[6719,4529],[-10,36]],[[6709,4565],[39,25]],[[6748,4590],[50,-11]],[[6798,4579],[11,-35]],[[6809,4544],[-40,-25]],[[9213,5468],[-50,10]],[[9163,5478],[-11,36]],[[9192,5539],[50,-11]],[[9242,5528],[11,-36]],[[5267,6067],[-50,10]],[[5217,6077],[-11,36],[39,25]],[[5306,6092],[-39,-25]],[[5425,5701],[-50,10]],[[5375,5711],[-11,36]],[[5364,5747],[39,25]],[[5403,5772],[51,-11]],[[5454,5761],[10,-35]],[[5464,5726],[-39,-25]],[[7259,5548],[-50,11]],[[7209,5559],[-11,35]],[[7198,5594],[40,25]],[[7238,5619],[50,-10]],[[7299,5573],[-40,-25]],[[3824,6168],[-50,11]],[[3763,6214],[39,25]],[[3802,6239],[51,-10]],[[3864,6193],[-40,-25]],[[4538,3823],[-50,10]],[[4488,3833],[-11,36]],[[4567,3884],[10,-36]],[[4577,3848],[-39,-25]],[[3651,5040],[-11,36]],[[3680,5101],[50,-10]],[[3136,4882],[-50,10]],[[3086,4892],[-11,36]],[[3114,4953],[51,-11]],[[3175,4907],[-39,-25]],[[4502,4097],[-50,10]],[[4452,4107],[-11,36]],[[4480,4168],[50,-10]],[[4530,4158],[11,-36]],[[4541,4122],[-39,-25]],[[4153,6631],[-11,36]],[[4142,6667],[40,25],[50,-11]],[[4232,6681],[11,-35]],[[4243,6646],[-39,-25]],[[2835,4944],[-50,11],[-11,35]],[[2813,5015],[51,-10]],[[2864,5005],[10,-35]],[[2874,4970],[-39,-26]],[[5974,5286],[39,25]],[[6013,5311],[51,-10]],[[6064,5301],[10,-36]],[[6074,5265],[-39,-25]],[[4239,5117],[-51,11]],[[4188,5128],[-10,35]],[[4178,5163],[39,25]],[[4217,5188],[50,-10]],[[4267,5178],[11,-36]],[[4278,5142],[-39,-25]],[[6379,5034],[-11,36]],[[6368,5070],[40,25]],[[6458,5084],[11,-35]],[[6469,5049],[-40,-25]],[[5809,3188],[-50,11]],[[5759,3199],[-11,36]],[[5748,3235],[39,25]],[[5787,3260],[50,-11]],[[5837,3249],[11,-36]],[[5400,5473],[-50,11]],[[5350,5484],[-11,35]],[[5339,5519],[39,25]],[[5378,5544],[51,-10]],[[5429,5534],[10,-36]],[[6663,5341],[-50,11]],[[6692,5401],[10,-35]],[[6031,4008],[-50,11]],[[5970,4054],[39,25]],[[6009,4079],[50,-10]],[[6070,4033],[-39,-25]],[[9764,5517],[-11,36]],[[9793,5578],[50,-11]],[[9843,5567],[11,-36]],[[5830,3584],[-50,11]],[[5769,3630],[40,25]],[[5809,3655],[50,-10]],[[4700,5919],[-50,11]],[[4639,5965],[39,25]],[[4678,5990],[51,-10]],[[4729,5980],[10,-36]],[[7674,4794],[50,-11]],[[2391,5934],[-50,10]],[[2341,5944],[-11,36]],[[2330,5980],[39,25]],[[2419,5994],[11,-35]],[[2430,5959],[-39,-25]],[[3367,6894],[-11,36]],[[3356,6930],[39,25]],[[3395,6955],[50,-11]],[[3445,6944],[11,-35]],[[3705,4863],[-50,10]],[[3655,4873],[-11,36]],[[3644,4909],[40,25]],[[3734,4923],[11,-35]],[[1817,6119],[-51,10]],[[1756,6165],[39,25]],[[9901,5688],[-50,11]],[[9840,5734],[40,25]],[[9880,5759],[50,-11]],[[9930,5748],[11,-35],[-40,-25]],[[8065,5844],[-51,11]],[[8014,5855],[-10,36],[39,25],[50,-11],[11,-36]],[[8104,5869],[-39,-25]],[[5945,5226],[-50,10]],[[5884,5272],[40,25]],[[5924,5297],[50,-11]],[[5974,5286],[11,-35]],[[6203,4372],[-50,10]],[[6153,4382],[-11,36]],[[6142,4418],[39,25]],[[6232,4432],[10,-35]],[[6242,4397],[-39,-25]],[[5249,5505],[-50,10]],[[5199,5515],[-11,36]],[[5188,5551],[40,25]],[[5228,5576],[50,-11]],[[5278,5565],[11,-35]],[[5289,5530],[-40,-25]],[[4116,3978],[-51,11]],[[4065,3989],[-10,35]],[[4055,4024],[39,25]],[[4094,4049],[50,-10]],[[4155,4003],[-39,-25]],[[3339,7597],[40,25]],[[3379,7622],[50,-10]],[[3429,7612],[11,-36],[-39,-25],[-51,11],[-11,35]],[[9332,5542],[-50,11]],[[9282,5553],[-11,36]],[[9271,5589],[40,24]],[[9311,5613],[50,-10]],[[5472,3526],[-50,11]],[[5422,3537],[-11,35]],[[5451,3597],[50,-10],[11,-36]],[[5512,3551],[-40,-25]],[[4066,3522],[-50,11]],[[4005,3568],[40,25]],[[4045,3593],[50,-10]],[[4095,3583],[11,-36]],[[6565,4262],[-50,11]],[[6594,4323],[10,-36]],[[6604,4287],[-39,-25]],[[4921,4109],[-51,10]],[[4870,4119],[-10,36]],[[4899,4180],[50,-11]],[[4949,4169],[11,-35]],[[4960,4134],[-39,-25]],[[5751,3067],[-50,11]],[[5701,3078],[-10,35]],[[5730,3138],[50,-10]],[[5780,3128],[11,-36]],[[5791,3092],[-40,-25]],[[4626,5236],[-51,11]],[[4604,5307],[50,-10]],[[4654,5297],[11,-36]],[[6945,4715],[-50,10]],[[6895,4725],[-10,36]],[[6885,4761],[39,25]],[[6924,4786],[50,-11]],[[6974,4775],[11,-35]],[[6985,4740],[-40,-25]],[[3547,6458],[-50,11]],[[3525,6529],[51,-10]],[[3576,6519],[11,-36]],[[3587,6483],[-40,-25]],[[3938,6410],[-50,11]],[[3888,6421],[-11,35]],[[3917,6481],[50,-10],[11,-36]],[[3978,6435],[-40,-25]],[[6839,5537],[-50,11]],[[6778,5583],[40,25]],[[6818,5608],[50,-11]],[[6879,5562],[-40,-25]],[[4700,5919],[39,25]],[[4739,5944],[51,-10]],[[4790,5934],[10,-36]],[[4800,5898],[-39,-25],[-50,11],[-11,35]],[[1617,7985],[-50,10]],[[1556,8030],[39,25],[51,-10],[11,-35]],[[5777,5161],[50,-10]],[[5827,5151],[11,-36]],[[9358,5770],[-50,11]],[[9298,5816],[39,25]],[[9337,5841],[51,-10]],[[9388,5831],[10,-36]],[[9398,5795],[-40,-25]],[[5521,9568],[-51,11]],[[5499,9639],[51,-10]],[[5550,9629],[11,-36]],[[9121,5621],[-51,10]],[[9070,5631],[-10,36]],[[9060,5667],[39,25]],[[9099,5692],[51,-11]],[[1849,6013],[-50,10]],[[1799,6023],[-11,36]],[[1788,6059],[40,25]],[[1889,6038],[-40,-25]],[[8494,5354],[-50,10]],[[8444,5364],[-11,36]],[[8433,5400],[40,25]],[[8523,5414],[11,-36]],[[8534,5378],[-40,-24]],[[1694,6211],[-50,10]],[[1673,6282],[50,-11]],[[1734,6236],[-40,-25]],[[6003,5347],[-51,10]],[[5952,5357],[-10,36]],[[5942,5393],[39,25]],[[5981,5418],[50,-11]],[[6042,5372],[-39,-25]],[[3723,6654],[-51,11]],[[3672,6665],[-11,35]],[[3701,6725],[50,-10]],[[3751,6715],[11,-36]],[[4969,5963],[-50,10]],[[4908,6009],[39,25]],[[4998,6023],[10,-35]],[[4075,4419],[-50,11]],[[4025,4430],[-11,35]],[[4014,4465],[40,26]],[[9605,5418],[-50,10]],[[9555,5428],[-11,36]],[[9544,5464],[40,25]],[[9584,5489],[50,-11]],[[9634,5478],[11,-36]],[[9645,5442],[-40,-24]],[[6181,3976],[-50,11]],[[6131,3987],[-11,36]],[[6210,4037],[11,-36]],[[4161,4601],[-50,11]],[[4100,4647],[39,25]],[[4189,4662],[11,-36]],[[4857,2923],[-50,10]],[[4807,2933],[-10,36]],[[4797,2969],[39,25]],[[4836,2994],[50,-11],[11,-35]],[[4897,2948],[-40,-25]],[[9811,5674],[-50,11]],[[9761,5685],[-11,35]],[[9750,5720],[40,25],[50,-11]],[[9840,5734],[11,-35]],[[9851,5699],[-40,-25]],[[5066,5643],[-50,10]],[[5016,5653],[-11,36]],[[5005,5689],[40,25]],[[5095,5704],[11,-36]],[[7118,5078],[-50,11]],[[7068,5089],[-11,35]],[[7097,5149],[50,-10]],[[7147,5139],[11,-36]],[[7158,5103],[-40,-25]],[[6200,5938],[-50,10]],[[6150,5948],[-11,36]],[[6139,5984],[40,25]],[[6179,6009],[50,-11]],[[6229,5998],[11,-35]],[[1939,6027],[-50,11]],[[1889,6038],[-11,35]],[[1917,6098],[50,-10]],[[1967,6088],[11,-36]],[[1978,6052],[-39,-25]],[[7023,5865],[-11,35]],[[7012,5900],[39,25]],[[7051,5925],[51,-10]],[[7102,5915],[10,-36]],[[7112,5879],[-39,-25]],[[6650,3510],[-11,36]],[[6639,3546],[40,25]],[[6729,3560],[10,-35]],[[6739,3525],[-39,-25]],[[3510,5502],[-50,11]],[[3460,5513],[-11,35]],[[3489,5573],[50,-10]],[[7561,8613],[-51,10]],[[7510,8623],[-11,36],[40,25],[51,-11]],[[7590,8673],[10,-35]],[[1725,5042],[-50,10],[-11,36],[39,25],[51,-11],[11,-35],[-40,-25]],[[3307,7703],[-51,11]],[[3256,7714],[-11,35]],[[3335,7764],[11,-36]],[[3346,7728],[-39,-25]],[[7288,4042],[-50,11]],[[7267,4113],[50,-10]],[[7485,5267],[-11,36]],[[7474,5303],[40,25]],[[7514,5328],[50,-11]],[[7564,5317],[11,-35]],[[7575,5282],[-40,-25]],[[6492,3410],[-50,11]],[[6442,3421],[-11,36]],[[6431,3457],[40,25]],[[6521,3471],[11,-36]],[[6532,3435],[-40,-25]],[[7426,4680],[40,25]],[[7516,4694],[10,-35]],[[7526,4659],[-39,-25]],[[8372,5446],[-50,11]],[[8322,5457],[-11,35]],[[8311,5492],[40,25]],[[8401,5507],[11,-36]],[[8412,5471],[-40,-25]],[[5955,3324],[-50,11]],[[5905,3335],[-10,35]],[[5895,3370],[39,25],[50,-10]],[[5984,3385],[11,-36]],[[5995,3349],[-40,-25]],[[4089,6379],[-50,10]],[[4039,6389],[-11,36]],[[4028,6425],[40,25]],[[4068,6450],[50,-11]],[[4129,6404],[-40,-25]],[[3709,6392],[-11,35]],[[3698,6427],[39,25]],[[3737,6452],[51,-10]],[[3788,6442],[10,-36]],[[3798,6406],[-39,-25]],[[8337,5720],[-50,11]],[[8366,5781],[11,-36]],[[8377,5745],[-40,-25]],[[6840,3970],[-50,11]],[[6790,3981],[-10,36]],[[6780,4017],[39,25]],[[6869,4031],[11,-36]],[[6880,3995],[-40,-25]],[[1609,6029],[-50,10]],[[1559,6039],[-11,36]],[[1548,6075],[39,25]],[[1587,6100],[51,-10]],[[1638,6090],[11,-36]],[[1649,6054],[-40,-25]],[[9230,5097],[-11,36]],[[9259,5158],[50,-11]],[[9309,5147],[11,-36]],[[5597,6064],[40,25]],[[5698,6043],[-40,-25]],[[8779,4559],[-51,11]],[[8808,4620],[10,-36],[-39,-25]],[[2988,6441],[-11,36]],[[3016,6502],[50,-10]],[[3066,6492],[11,-36]],[[8984,4816],[-50,10]],[[8923,4862],[40,25]],[[8963,4887],[50,-11]],[[9013,4876],[11,-35]],[[5463,9448],[-50,10]],[[5413,9458],[-11,35]],[[5402,9493],[40,25]],[[5442,9518],[50,-10]],[[5492,9508],[11,-35]],[[5503,9473],[-40,-25]],[[6330,5977],[-11,36]],[[6358,6038],[51,-11]],[[6409,6027],[10,-36]],[[6419,5991],[-39,-24]],[[4250,4616],[40,25]],[[4290,4641],[50,-11]],[[3294,6976],[-50,10]],[[3244,6986],[-11,36]],[[3233,7022],[40,25]],[[3273,7047],[50,-11]],[[3334,7001],[-40,-25]],[[4989,3728],[-50,11],[-11,35]],[[4928,3774],[39,25]],[[5018,3789],[10,-36]],[[5028,3753],[-39,-25]],[[1976,8044],[-50,10]],[[1926,8054],[-11,35]],[[1915,8089],[39,25]],[[1954,8114],[51,-10]],[[2016,8069],[-40,-25]],[[6707,3632],[-10,35]],[[6697,3667],[39,25]],[[6736,3692],[50,-10]],[[6786,3682],[11,-36],[-39,-25]],[[3928,3052],[-50,10]],[[3878,3062],[-11,36]],[[3867,3098],[39,25]],[[3906,3123],[50,-11]],[[3956,3112],[11,-35]],[[3967,3077],[-39,-25]],[[4520,3727],[-11,35]],[[4509,3762],[40,25]],[[4549,3787],[50,-10]],[[4610,3741],[-40,-25],[-50,11]],[[6451,8844],[-11,36]],[[6440,8880],[40,25]],[[6541,8859],[-40,-25]],[[1156,5060],[40,25]],[[1196,5085],[50,-10],[11,-36],[-40,-25],[-50,10],[-11,36]],[[2105,6558],[-50,10]],[[2055,6568],[-11,35]],[[2044,6603],[39,25]],[[2133,6618],[11,-35]],[[2144,6583],[-39,-25]],[[4598,4243],[-11,36]],[[4587,4279],[40,25]],[[4627,4304],[50,-11]],[[4677,4293],[11,-35]],[[4688,4258],[-40,-25]],[[7525,5759],[-50,10]],[[7475,5769],[-11,36]],[[7464,5805],[40,25]],[[7504,5830],[50,-11]],[[7554,5819],[11,-36]],[[7565,5783],[-40,-24]],[[5759,9718],[11,-35]],[[5770,9683],[-40,-25]],[[3714,6988],[40,25]],[[3754,7013],[50,-10]],[[3804,7003],[11,-36],[-39,-25]],[[3437,6049],[-50,11]],[[3387,6060],[-11,35]],[[3415,6120],[51,-10]],[[3466,6110],[10,-36]],[[3476,6074],[-39,-25]],[[3511,6732],[-51,10]],[[3460,6742],[-11,36]],[[3449,6778],[40,25]],[[3489,6803],[50,-11]],[[3539,6792],[11,-35]],[[3550,6757],[-39,-25]],[[9100,5058],[-50,11]],[[9050,5069],[-11,35]],[[9039,5104],[40,25]],[[9079,5129],[50,-10]],[[9129,5119],[11,-36]],[[5654,9441],[-11,36]],[[5683,9502],[51,-11]],[[5734,9491],[10,-35],[-39,-25]],[[6894,8785],[-50,11]],[[6844,8796],[-11,35]],[[6833,8831],[39,25]],[[6872,8856],[51,-10]],[[6923,8846],[11,-36]],[[2911,7918],[-51,10]],[[2860,7928],[-11,36]],[[2849,7964],[40,25]],[[2939,7978],[11,-35]],[[2950,7943],[-39,-25]],[[5881,5439],[-51,10]],[[5830,5449],[-10,36]],[[5920,5464],[-39,-25]],[[2321,6314],[-50,10]],[[2271,6324],[-11,36]],[[2260,6360],[39,25]],[[2299,6385],[51,-11]],[[2350,6374],[10,-35]],[[2360,6339],[-39,-25]],[[2965,5748],[-50,11]],[[2915,5759],[-11,35]],[[2943,5819],[50,-10]],[[2993,5809],[11,-35]],[[3592,5851],[-50,10]],[[3542,5861],[-11,36]],[[3531,5897],[39,25]],[[6325,4279],[-50,11]],[[6275,4290],[-11,36]],[[6264,4326],[39,25]],[[6353,4340],[11,-36]],[[6364,4304],[-39,-25]],[[3245,7749],[-50,11]],[[3184,7795],[40,25]],[[3224,7820],[50,-10]],[[3285,7774],[-40,-25]],[[3640,5076],[-50,10]],[[3590,5086],[-11,36]],[[3579,5122],[40,25]],[[3619,5147],[50,-10]],[[3669,5137],[11,-36]],[[3680,5101],[-40,-25]],[[3607,6878],[-11,35]],[[3697,6892],[-40,-25]],[[4533,4457],[-10,35]],[[4562,4517],[50,-10]],[[4612,4507],[11,-36]],[[4623,4471],[-39,-25]],[[4909,5077],[-11,35]],[[4898,5112],[40,25]],[[4988,5127],[10,-36]],[[4998,5091],[-39,-25]],[[4633,4902],[40,25]],[[4673,4927],[50,-11]],[[4723,4916],[11,-35]],[[7532,5424],[-50,11]],[[7482,5435],[-11,35]],[[7471,5470],[39,25]],[[7510,5495],[51,-10]],[[7561,5485],[10,-36]],[[7571,5449],[-39,-25]],[[4169,4267],[-51,10]],[[4118,4277],[-10,36]],[[4108,4313],[39,25]],[[4147,4338],[50,-11]],[[4197,4327],[11,-35]],[[4208,4292],[-39,-25]],[[3790,5510],[-11,36],[39,25]],[[3818,5571],[51,-10]],[[3869,5561],[10,-36]],[[3879,5525],[-39,-25]],[[3425,7779],[-50,10]],[[3364,7824],[39,25]],[[3464,7804],[-39,-25]],[[3913,4953],[-50,10]],[[3863,4963],[-11,36]],[[3852,4999],[39,25]],[[3891,5024],[50,-11]],[[3941,5013],[11,-35]],[[3952,4978],[-39,-25]],[[5536,4712],[-50,11],[-11,35],[40,25],[50,-10]],[[5576,4737],[-40,-25]],[[6672,9827],[-11,36]],[[6701,9888],[50,-11]],[[6751,9877],[11,-35]],[[6762,9842],[-40,-25],[-50,10]],[[5190,3219],[-11,36]],[[5179,3255],[39,25]],[[5218,3280],[50,-11],[11,-35],[-39,-25]],[[2703,7828],[-51,10]],[[2652,7838],[-11,36]],[[2641,7874],[40,25]],[[2731,7888],[11,-35]],[[2742,7853],[-39,-25]],[[5716,5207],[50,-10]],[[5766,5197],[11,-36]],[[5777,5161],[-40,-25]],[[6314,4781],[-50,11]],[[6293,4853],[50,-11]],[[6343,4842],[11,-36]],[[6354,4806],[-40,-25]],[[2523,7799],[-50,10]],[[2473,7809],[-11,35]],[[2462,7844],[39,25]],[[2552,7859],[11,-35]],[[2563,7824],[-40,-25]],[[4477,3869],[-50,11]],[[4427,3880],[-11,35]],[[4456,3940],[50,-10]],[[4516,3894],[-39,-25]],[[2670,7934],[-50,11]],[[2620,7945],[-11,35]],[[2648,8005],[50,-10]],[[4057,3091],[-11,36]],[[4046,3127],[39,25]],[[4085,3152],[50,-11]],[[4135,3141],[11,-35]],[[8471,4958],[-50,11]],[[8410,5005],[40,24]],[[8450,5029],[50,-10]],[[8500,5019],[11,-36]],[[8511,4983],[-40,-25]],[[4536,5222],[-50,10]],[[4565,5282],[10,-35]],[[4575,5247],[-39,-25]],[[6163,9170],[-51,10]],[[6112,9180],[-11,36],[40,25],[50,-11],[11,-35],[-39,-25]],[[5626,4727],[-50,10]],[[5576,4737],[-11,36]],[[5565,4773],[39,25],[51,-11],[10,-35]],[[5665,4752],[-39,-25]],[[4498,4264],[-50,11]],[[4448,4275],[-11,35]],[[4437,4310],[39,25]],[[4476,4335],[51,-10]],[[4527,4325],[10,-36]],[[4537,4289],[-39,-25]],[[5734,5769],[-11,36]],[[5723,5805],[39,25],[50,-11]],[[5812,5819],[11,-35]],[[5823,5784],[-39,-25]],[[3813,7898],[39,25]],[[3852,7923],[51,-11]],[[3903,7912],[11,-35]],[[3914,7877],[-40,-25],[-50,10]],[[4034,3629],[-50,11]],[[4012,3700],[50,-10]],[[4073,3654],[-39,-25]],[[6131,3520],[-50,11],[-11,36]],[[6109,3592],[50,-11]],[[6159,3581],[11,-36]],[[6170,3545],[-39,-25]],[[2169,7573],[-51,10]],[[2118,7583],[-11,36]],[[2107,7619],[40,25]],[[2147,7644],[50,-10]],[[2197,7634],[11,-36]],[[7740,5513],[-50,11]],[[7679,5559],[40,25],[50,-10],[11,-36]],[[7780,5538],[-40,-25]],[[8706,5275],[-50,11]],[[8735,5336],[10,-36]],[[8745,5300],[-39,-25]],[[3073,7851],[-11,36]],[[3062,7887],[39,25]],[[3101,7912],[51,-11]],[[3162,7866],[-39,-25]],[[3470,4712],[-51,11]],[[3419,4723],[-10,35]],[[3409,4758],[39,26]],[[3448,4784],[50,-11]],[[3498,4773],[11,-35]],[[8529,5079],[-50,11]],[[8479,5090],[-11,36]],[[8468,5126],[40,25]],[[8508,5151],[50,-11]],[[8558,5140],[11,-36]],[[8569,5104],[-40,-25]],[[458,5802],[-11,35]],[[447,5837],[39,25]],[[486,5862],[50,-10]],[[536,5852],[11,-36]],[[547,5816],[-39,-25],[-50,11]],[[6551,4931],[40,25]],[[6591,4956],[50,-10]],[[6641,4946],[11,-36]],[[4996,3393],[-50,11]],[[4946,3404],[-10,35]],[[4936,3439],[39,25]],[[4975,3464],[50,-10]],[[5036,3418],[-40,-25]],[[4696,3457],[-50,10]],[[4635,3503],[39,25]],[[4674,3528],[50,-11]],[[4724,3517],[11,-35]],[[2678,7601],[-50,10]],[[2628,7611],[-11,36]],[[2617,7647],[40,25]],[[2657,7672],[50,-11]],[[2718,7626],[-40,-25]],[[4806,4333],[-11,35]],[[4834,4393],[51,-10]],[[4885,4383],[10,-36]],[[8167,5190],[-50,10]],[[8117,5200],[-11,36]],[[8106,5236],[39,25]],[[8145,5261],[51,-11]],[[8196,5250],[10,-35]],[[8206,5215],[-39,-25]],[[3726,5258],[-50,10]],[[3676,5268],[-11,36]],[[3665,5304],[39,25]],[[3704,5329],[50,-11]],[[3754,5318],[11,-35]],[[3765,5283],[-39,-25]],[[7907,4645],[-50,10]],[[7857,4655],[-11,36]],[[7846,4691],[39,25]],[[7885,4716],[51,-11]],[[7936,4705],[10,-35]],[[3090,7947],[-50,11]],[[3040,7958],[-11,35]],[[3029,7993],[39,25]],[[3068,8018],[51,-10]],[[3119,8008],[11,-36]],[[3130,7972],[-40,-25]],[[7436,4178],[-50,10]],[[7386,4188],[-11,36]],[[7375,4224],[39,25]],[[7465,4238],[10,-35]],[[6455,5718],[-11,35]],[[6444,5753],[40,25]],[[6484,5778],[50,-10]],[[2742,5097],[-51,10]],[[2691,5107],[-11,36]],[[2720,5168],[50,-11]],[[2770,5157],[11,-35]],[[2781,5122],[-39,-25]],[[7756,4677],[-50,10]],[[7695,4723],[40,25]],[[7785,4737],[11,-35]],[[7796,4702],[-40,-25]],[[4632,2737],[51,-11]],[[4683,2726],[10,-36]],[[4693,2690],[-39,-25],[-50,11],[-11,36]],[[5127,5597],[-50,10]],[[5077,5607],[-11,36]],[[5066,5643],[40,25]],[[5106,5668],[50,-11]],[[5156,5657],[11,-35]],[[5167,5622],[-40,-25]],[[6545,5732],[-11,36]],[[6534,5768],[40,25]],[[6624,5782],[11,-36]],[[6635,5746],[-40,-24]],[[5346,5185],[-50,10]],[[5296,5195],[-11,36]],[[5285,5231],[40,25]],[[5325,5256],[50,-11]],[[5375,5245],[11,-35]],[[5386,5210],[-40,-25]],[[6099,5027],[-50,10]],[[6038,5073],[40,25]],[[6128,5087],[11,-35]],[[6139,5052],[-40,-25]],[[6276,5689],[-11,35]],[[6265,5724],[39,25]],[[6304,5749],[51,-10]],[[6355,5739],[10,-36]],[[6365,5703],[-39,-25]],[[8115,4734],[40,25]],[[8155,4759],[50,-11]],[[6399,3564],[-50,10]],[[6349,3574],[-10,36]],[[6339,3610],[39,25]],[[6378,3635],[50,-11]],[[6428,3624],[11,-35]],[[6439,3589],[-40,-25]],[[8613,5428],[-50,11]],[[8552,5475],[40,25]],[[8592,5500],[50,-11]],[[8642,5489],[11,-36]],[[5203,4882],[-50,11]],[[5153,4893],[-11,35]],[[5181,4953],[51,-10]],[[5232,4943],[10,-36],[-39,-25]],[[9045,4769],[-50,11]],[[8995,4780],[-11,36]],[[8984,4816],[40,25]],[[9024,4841],[50,-11]],[[9074,4830],[11,-36]],[[9085,4794],[-40,-25]],[[4589,5510],[-50,10]],[[4539,5520],[-11,36]],[[4528,5556],[40,25]],[[4618,5570],[11,-35]],[[4629,5535],[-40,-25]],[[3242,5458],[-50,11],[-11,35]],[[3270,5519],[11,-36]],[[3281,5483],[-39,-25]],[[687,5821],[39,25]],[[726,5846],[50,-10]],[[776,5836],[11,-36]],[[787,5800],[-39,-25],[-50,10],[-11,36]],[[5064,4412],[-51,10]],[[5013,4422],[-10,36]],[[5003,4458],[39,25]],[[5042,4483],[50,-11]],[[5092,4472],[11,-35]],[[2552,7859],[-51,10]],[[2501,7869],[-11,36]],[[2490,7905],[40,25]],[[2530,7930],[50,-10]],[[2580,7920],[11,-36]],[[2591,7884],[-39,-25]],[[7397,4619],[-50,11],[-11,35]],[[7336,4665],[40,25]],[[7376,4690],[50,-10]],[[7426,4680],[11,-36]],[[2415,6161],[39,26]],[[2454,6187],[51,-11]],[[2505,6176],[10,-35]],[[2515,6141],[-39,-25]],[[4026,5661],[-11,35]],[[4015,5696],[40,25]],[[4055,5721],[50,-10]],[[4116,5675],[-40,-25]],[[6800,8937],[-50,11]],[[6750,8948],[-11,35]],[[6779,9008],[50,-10],[11,-36]],[[6840,8962],[-40,-25]],[[1784,6225],[-50,11]],[[1734,6236],[-11,35]],[[1723,6271],[39,25]],[[1762,6296],[50,-10]],[[1812,6286],[11,-35]],[[3792,6275],[-51,10]],[[3770,6346],[50,-11]],[[3820,6335],[11,-35]],[[3831,6300],[-39,-25]],[[8831,5015],[-51,11]],[[8780,5026],[-10,36]],[[8770,5062],[39,25]],[[8809,5087],[51,-11]],[[8860,5076],[10,-36]],[[8870,5040],[-39,-25]],[[8689,4545],[-50,11]],[[8639,4556],[-11,35]],[[8718,4606],[10,-36]],[[8728,4570],[-39,-25]],[[5296,6127],[-51,11]],[[5245,6138],[-11,35]],[[5234,6173],[40,25]],[[5274,6198],[50,-10]],[[6552,5398],[-11,35]],[[6541,5433],[39,25]],[[6580,5458],[51,-10]],[[6641,5412],[-39,-25]],[[4351,4595],[-11,35]],[[4340,4630],[39,25]],[[4379,4655],[50,-10]],[[4440,4609],[-39,-25]],[[3531,4666],[-51,11]],[[3480,4677],[-10,35]],[[3470,4712],[39,26]],[[3509,4738],[50,-11]],[[3570,4692],[-39,-26]],[[5665,3352],[-10,36]],[[5655,3388],[39,25]],[[5694,3413],[50,-11]],[[5744,3402],[11,-36]],[[5755,3366],[-39,-25]],[[4761,3243],[-51,11]],[[4710,3254],[-10,35]],[[4700,3289],[39,25]],[[4789,3304],[11,-36]],[[2647,6479],[39,25]],[[2686,6504],[50,-11]],[[2747,6458],[-39,-25]],[[4428,3413],[-50,11]],[[4378,3424],[-11,35]],[[4367,3459],[39,25]],[[5655,6185],[-51,11]],[[5604,6196],[-11,35]],[[5593,6231],[40,25]],[[5633,6256],[50,-10]],[[5683,6246],[11,-36]],[[5694,6210],[-39,-25]],[[4564,3118],[50,-11]],[[4614,3107],[11,-35]],[[4344,6160],[-10,35]],[[4334,6195],[39,25]],[[4373,6220],[50,-10]],[[4423,6210],[11,-36]],[[8818,9147],[40,25]],[[8858,9172],[50,-11]],[[8908,9161],[11,-35],[-40,-25],[-51,11],[-10,35]],[[4662,4962],[-50,11]],[[4601,5008],[39,25]],[[4701,4987],[-39,-25]],[[3191,7926],[-11,36]],[[3180,7962],[40,25]],[[3270,7976],[11,-35]],[[3444,4951],[-11,35]],[[3433,4986],[39,25]],[[3522,5001],[11,-36]],[[3533,4965],[-39,-25]],[[6814,5309],[-51,11]],[[6753,5355],[39,25]],[[6842,5370],[11,-36]],[[6547,4166],[50,-11]],[[6597,4155],[11,-35]],[[6438,3122],[-50,10]],[[6388,3132],[-10,36]],[[6378,3168],[39,25]],[[6467,3182],[11,-35],[-40,-25]],[[5673,5349],[-51,11]],[[5622,5360],[-10,36]],[[5612,5396],[39,25]],[[5651,5421],[50,-11]],[[5701,5410],[11,-36]],[[8605,9225],[-50,10],[-11,36],[40,25]],[[8584,9296],[50,-11]],[[8634,9285],[11,-35]],[[8645,9250],[-40,-25]],[[3620,5911],[-50,11]],[[3570,5922],[-11,35]],[[3649,5972],[11,-36]],[[3522,5001],[-50,10]],[[3472,5011],[-11,36]],[[3501,5072],[50,-11]],[[3551,5061],[11,-35]],[[3562,5026],[-40,-25]],[[3723,7883],[-50,10]],[[3673,7893],[-11,36]],[[3662,7929],[39,25]],[[3701,7954],[51,-11]],[[3752,7943],[11,-35]],[[3152,6673],[-50,11]],[[3102,6684],[-11,35]],[[3180,6734],[11,-36]],[[3191,6698],[-39,-25]],[[4309,5967],[-50,11]],[[4259,5978],[-11,35]],[[4287,6038],[50,-10]],[[4226,6084],[-11,36]],[[4215,6120],[40,25]],[[4255,6145],[50,-10]],[[4316,6099],[-40,-25]],[[2977,6477],[-51,10]],[[2916,6523],[39,25]],[[2955,6548],[50,-11]],[[3005,6537],[11,-35]],[[3016,6502],[-39,-25]],[[3640,6771],[-11,36]],[[3668,6832],[51,-11]],[[3719,6821],[10,-35]],[[3729,6786],[-39,-25]],[[6451,5419],[-50,10]],[[6401,5429],[-11,36]],[[6390,5465],[40,25]],[[6430,5490],[50,-11]],[[6480,5479],[11,-35]],[[6491,5444],[-40,-25]],[[5748,6033],[-50,10]],[[5698,6043],[-11,36]],[[5726,6104],[51,-11]],[[5787,6058],[-39,-25]],[[4690,5023],[-50,10]],[[4640,5033],[-11,36]],[[4629,5069],[40,25]],[[4719,5083],[11,-35]],[[6934,4284],[-11,36]],[[6923,4320],[40,25]],[[6963,4345],[50,-11]],[[7013,4334],[11,-36]],[[7024,4298],[-40,-25]],[[4646,3000],[-50,11]],[[4586,3047],[39,25]],[[4625,3072],[50,-11]],[[6690,4469],[-10,35]],[[6680,4504],[39,25]],[[6719,4529],[50,-10]],[[6769,4519],[11,-36],[-39,-25],[-51,11]],[[8735,5336],[-50,10]],[[8714,5407],[50,-11]],[[8764,5396],[10,-35]],[[8774,5361],[-39,-25]],[[5318,4192],[-11,35]],[[5307,4227],[40,25]],[[5347,4252],[50,-10]],[[5397,4242],[11,-36]],[[5408,4206],[-40,-25]],[[7573,4815],[40,25]],[[7663,4830],[11,-36]],[[7674,4794],[-40,-25]],[[3559,5957],[-50,11]],[[3509,5968],[-11,35]],[[3498,6003],[40,25]],[[3538,6028],[50,-10]],[[3599,5982],[-40,-25]],[[6085,5696],[-50,10]],[[6035,5706],[-11,36]],[[6024,5742],[40,25]],[[6064,5767],[50,-11]],[[6114,5756],[11,-35]],[[6125,5721],[-40,-25]],[[8286,5264],[-51,11]],[[8235,5275],[-10,36]],[[8225,5311],[39,25]],[[8314,5325],[11,-36]],[[8325,5289],[-39,-25]],[[6467,3182],[-50,11]],[[6417,3193],[-11,36]],[[6406,3229],[40,25]],[[6496,3243],[10,-36],[-39,-25]],[[6591,8848],[-50,11]],[[6541,8859],[-11,35]],[[6570,8919],[50,-10]],[[6620,8909],[11,-36]],[[6631,8873],[-40,-25]],[[1647,5756],[-51,10]],[[1596,5766],[-11,36]],[[1585,5802],[40,25],[50,-11]],[[1686,5781],[-39,-25]],[[3871,2930],[39,25]],[[3910,2955],[50,-10]],[[3960,2945],[11,-36],[-39,-25],[-50,11],[-11,35]],[[5798,3691],[-50,10]],[[5748,3701],[-11,36]],[[5737,3737],[39,25]],[[5776,3762],[51,-11]],[[5827,3751],[10,-35]],[[5837,3716],[-39,-25]],[[5902,4435],[-50,11]],[[5852,4446],[-11,35]],[[5841,4481],[39,25]],[[5880,4506],[51,-10]],[[5931,4496],[10,-36]],[[5941,4460],[-39,-25]],[[3075,4928],[-50,10]],[[3025,4938],[-11,36]],[[3014,4974],[39,25]],[[3053,4999],[51,-11]],[[3104,4988],[10,-35]],[[3114,4953],[-39,-25]],[[3295,4516],[-50,11],[-11,35],[39,25]],[[3273,4587],[50,-10]],[[3334,4541],[-39,-25]],[[5121,4533],[-50,11]],[[5071,4544],[-11,35]],[[5060,4579],[39,25]],[[5099,4604],[50,-10]],[[5149,4594],[11,-36]],[[5160,4558],[-39,-25]],[[5444,3466],[39,25]],[[5483,3491],[50,-11]],[[5533,3480],[11,-36]],[[5544,3444],[-40,-25]],[[2593,7419],[39,25]],[[2632,7444],[51,-10]],[[2683,7434],[10,-35],[-39,-25],[-50,10]],[[4563,6679],[39,25]],[[4602,6704],[50,-10]],[[4652,6694],[11,-36]],[[4663,6658],[-39,-25]],[[3216,5696],[-11,36]],[[3244,5757],[51,-11]],[[3295,5746],[10,-35]],[[3305,5711],[-39,-25]],[[6635,9636],[-50,10]],[[6585,9646],[-11,36]],[[6574,9682],[40,25]],[[6614,9707],[50,-11]],[[6664,9696],[11,-35]],[[6675,9661],[-40,-25]],[[3270,7976],[-50,11]],[[3220,7987],[-11,35]],[[3209,8022],[39,25],[50,-10],[11,-35],[-39,-26]],[[6310,4016],[-11,35]],[[6299,4051],[40,25]],[[6339,4076],[50,-10]],[[6389,4066],[11,-36]],[[5784,3427],[-11,36]],[[5773,3463],[39,25]],[[5812,3488],[50,-11]],[[5862,3477],[11,-36],[-39,-25],[-50,11]],[[4988,5127],[-50,10]],[[4938,5137],[-11,36]],[[4927,5173],[39,25]],[[4966,5198],[50,-10]],[[5016,5188],[11,-36]],[[5027,5152],[-39,-25]],[[7233,8914],[-11,35]],[[7222,8949],[40,25],[51,-10],[10,-36],[-39,-25]],[[2345,6541],[-50,10]],[[2295,6551],[-11,36]],[[2284,6587],[39,25]],[[2323,6612],[51,-10]],[[2374,6602],[11,-36]],[[1816,8408],[-50,10],[-11,36]],[[1755,8454],[39,25]],[[1794,8479],[51,-11],[11,-35]],[[1856,8433],[-40,-25]],[[5769,5029],[-50,11]],[[5719,5040],[-11,36]],[[5748,5101],[50,-11]],[[5809,5054],[-40,-25]],[[2834,7403],[-51,10],[-11,36]],[[2772,7449],[40,25]],[[2812,7474],[50,-11]],[[2862,7463],[11,-35]],[[2873,7428],[-39,-25]],[[240,5747],[11,-36]],[[251,5711],[-39,-25],[-51,11],[-11,35]],[[6135,3820],[-11,35]],[[6124,3855],[39,25]],[[6213,3870],[11,-36]],[[6224,3834],[-39,-25]],[[3567,5623],[-50,11]],[[3517,5634],[-11,35]],[[3506,5669],[40,25]],[[3607,5648],[-40,-25]],[[6332,4411],[-11,36]],[[6321,4447],[40,25]],[[6361,4472],[50,-11]],[[6411,4461],[11,-35]],[[6422,4426],[-40,-25]],[[3183,5803],[-11,35]],[[3172,5838],[40,25]],[[3212,5863],[50,-10]],[[3273,5817],[-39,-25]],[[4860,4155],[-50,11]],[[4799,4201],[39,25]],[[4838,4226],[50,-10]],[[4888,4216],[11,-36]],[[4899,4180],[-39,-25]],[[5784,4360],[-51,11]],[[5733,4371],[-10,35]],[[5723,4406],[39,25]],[[5762,4431],[50,-10]],[[5812,4421],[11,-36]],[[5823,4385],[-39,-25]],[[3449,5548],[-50,11],[-11,35],[40,25]],[[3428,5619],[50,-10]],[[3478,5609],[11,-36]],[[3489,5573],[-40,-25]],[[6455,5252],[-51,10]],[[6404,5262],[-10,36]],[[6433,5323],[50,-11]],[[6483,5312],[11,-35]],[[6494,5277],[-39,-25]],[[4184,3597],[-50,11]],[[4134,3608],[-11,36]],[[4163,3669],[50,-11]],[[4213,3658],[11,-35]],[[5499,9175],[-50,10]],[[5449,9185],[-11,35]],[[5438,9220],[40,25]],[[5478,9245],[50,-10]],[[5539,9200],[-40,-25]],[[6601,4454],[50,-10]],[[6651,4444],[11,-36],[-40,-25]],[[2397,6065],[-10,36]],[[2426,6126],[50,-10]],[[2476,6116],[11,-36]],[[2487,6080],[-39,-25]],[[3612,6245],[40,25]],[[3702,6260],[11,-35]],[[5353,6248],[-50,11]],[[5303,6259],[-11,35]],[[5292,6294],[39,25]],[[5382,6309],[10,-36]],[[5392,6273],[-39,-25]],[[9631,5645],[-50,11]],[[9581,5656],[-11,36],[40,25],[50,-11]],[[9660,5706],[11,-36]],[[9671,5670],[-40,-25]],[[1583,6267],[-11,35],[39,25]],[[1662,6317],[11,-35]],[[1673,6282],[-40,-26]],[[3050,5930],[-50,11]],[[2989,5976],[40,25]],[[3029,6001],[50,-10],[11,-36]],[[3090,5955],[-40,-25]],[[3376,6095],[-50,11]],[[3326,6106],[-11,35]],[[3315,6141],[39,25]],[[3354,6166],[51,-10]],[[3405,6156],[10,-36]],[[3415,6120],[-39,-25]],[[4743,2680],[40,25]],[[4783,2705],[50,-11]],[[4833,2694],[10,-35],[-39,-25],[-50,10],[-11,36]],[[5838,8839],[-50,10]],[[5788,8849],[-11,36]],[[5777,8885],[39,25],[51,-11],[11,-35]],[[5408,3740],[-50,10]],[[5358,3750],[-11,36]],[[5347,3786],[39,25]],[[5386,3811],[50,-11],[11,-35],[-39,-25]],[[5941,3994],[-50,10]],[[5891,4004],[-11,36]],[[5880,4040],[40,25]],[[5920,4065],[50,-11]],[[5970,4054],[11,-35]],[[5981,4019],[-40,-25]],[[4605,4841],[-51,11]],[[4554,4852],[-10,35]],[[4544,4887],[39,25]],[[4583,4912],[50,-10]],[[4633,4902],[11,-36]],[[4460,5936],[-51,11]],[[4438,6007],[50,-10]],[[4488,5997],[11,-36]],[[4499,5961],[-39,-25]],[[7323,5335],[40,25]],[[7363,5360],[50,-11]],[[7413,5349],[11,-35]],[[7424,5314],[-40,-25]],[[8068,4577],[-11,36]],[[8057,4613],[40,25]],[[8147,4627],[11,-36]],[[7732,4915],[-11,36]],[[7721,4951],[39,25]],[[7760,4976],[51,-11]],[[7811,4965],[10,-36]],[[7821,4929],[-39,-25]],[[6722,3895],[-50,11]],[[6672,3906],[-11,36]],[[6661,3942],[40,25]],[[6701,3967],[50,-11]],[[6751,3956],[10,-36]],[[3555,6124],[-50,11]],[[3505,6135],[-11,35]],[[3494,6170],[40,25]],[[3595,6149],[-40,-25]],[[6609,5053],[-51,10]],[[6558,5063],[-10,36]],[[6548,5099],[39,25]],[[6587,5124],[50,-11]],[[6637,5113],[11,-35]],[[6648,5078],[-39,-25]],[[2806,6114],[-50,10]],[[2756,6124],[-11,36]],[[2784,6185],[50,-11]],[[2834,6174],[11,-35]],[[2845,6139],[-39,-25]],[[3631,5876],[-11,35]],[[3620,5911],[40,25]],[[3660,5936],[50,-10]],[[3710,5926],[11,-36]],[[3721,5890],[-40,-25]],[[6907,5156],[-51,11]],[[6856,5167],[-10,35]],[[6846,5202],[39,25]],[[6885,5227],[50,-10]],[[6946,5181],[-39,-25]],[[4713,4486],[-11,35]],[[4741,4546],[50,-10]],[[4802,4500],[-39,-25]],[[2438,7617],[-51,11]],[[2387,7628],[-11,35],[40,25]],[[2416,7688],[50,-10]],[[2477,7642],[-39,-25]],[[6558,4597],[-50,10]],[[6508,4607],[-11,36]],[[6497,4643],[40,25]],[[6537,4668],[50,-11]],[[6597,4622],[-39,-25]],[[8793,5457],[-51,11]],[[8742,5468],[-10,35]],[[8732,5503],[39,25]],[[8822,5517],[10,-35]],[[2273,5859],[-50,10]],[[2223,5869],[-11,36]],[[2212,5905],[39,25]],[[2251,5930],[50,-11]],[[2301,5919],[11,-35]],[[7240,4986],[-50,10]],[[7190,4996],[-11,36]],[[7179,5032],[40,25]],[[7219,5057],[50,-11]],[[7269,5046],[11,-35]],[[5891,3538],[-50,10]],[[5841,3548],[-11,36]],[[5830,3584],[39,25]],[[5920,3598],[10,-35]],[[5930,3563],[-39,-25]],[[7571,8577],[-10,36]],[[7561,8613],[39,25]],[[7600,8638],[51,-11]],[[7651,8627],[11,-35],[-40,-25],[-51,10]],[[3657,5638],[-50,10]],[[3607,5648],[-11,36]],[[3685,5698],[11,-35],[-39,-25]],[[4484,6629],[-11,36]],[[4512,6690],[51,-11]],[[4563,6679],[10,-35]],[[7253,5883],[-51,10]],[[7202,5893],[-10,36]],[[7192,5929],[39,25],[50,-11]],[[7292,5908],[-39,-25]],[[8416,4670],[-50,10]],[[8366,4680],[-10,36]],[[8356,4716],[39,25]],[[8395,4741],[50,-11]],[[8445,4730],[11,-35]],[[8456,4695],[-40,-25]],[[7929,5040],[-50,11]],[[7868,5086],[40,25]],[[7908,5111],[50,-11]],[[7958,5100],[11,-35]],[[8857,5243],[-51,11]],[[8806,5254],[-10,35]],[[8796,5289],[39,25]],[[8835,5314],[51,-10]],[[8886,5304],[10,-36]],[[8896,5268],[-39,-25]],[[6964,5277],[-50,11]],[[6903,5324],[40,25]],[[6943,5349],[50,-11]],[[6993,5338],[11,-36]],[[7004,5302],[-40,-25]],[[6210,4037],[-50,11]],[[6188,4108],[51,-10]],[[6239,4098],[10,-36]],[[6249,4062],[-39,-25]],[[6271,9745],[-50,10]],[[6221,9755],[-11,36]],[[6210,9791],[40,24]],[[6250,9815],[50,-10]],[[6300,9805],[11,-35]],[[6311,9770],[-40,-25]],[[4821,3197],[-50,10]],[[4771,3207],[-10,36]],[[4761,3243],[39,25]],[[4800,3268],[50,-11]],[[4861,3222],[-40,-25]],[[4435,3545],[-11,35]],[[4424,3580],[39,25]],[[4463,3605],[50,-10]],[[4513,6224],[-50,11]],[[4463,6235],[-11,35]],[[4452,6270],[39,25]],[[4491,6295],[51,-10],[10,-36]],[[4552,6249],[-39,-25]],[[3515,7793],[-51,11]],[[3464,7804],[-10,35]],[[3543,7854],[11,-36]],[[3554,7818],[-39,-25]],[[6479,4080],[-51,11]],[[6428,4091],[-10,35]],[[6418,4126],[39,25]],[[6507,4141],[11,-36]],[[3461,5047],[-50,10]],[[3400,5093],[40,25]],[[3490,5107],[11,-35]],[[3501,5072],[-40,-25]],[[9396,5329],[40,24]],[[9486,5343],[11,-36]],[[9497,5307],[-40,-25]],[[2269,6026],[-51,10]],[[2207,6072],[40,25]],[[2297,6086],[11,-35]],[[2308,6051],[-39,-25]],[[4222,6251],[-11,36]],[[4211,6287],[40,25]],[[4312,6266],[-40,-25],[-50,10]],[[6132,4920],[-51,11]],[[6081,4931],[-10,35]],[[6071,4966],[39,25]],[[6110,4991],[50,-10]],[[6160,4981],[11,-36]],[[6171,4945],[-39,-25]],[[5543,5776],[-50,10]],[[5493,5786],[-11,36]],[[5482,5822],[40,25]],[[5522,5847],[50,-10]],[[5572,5837],[11,-36]],[[5583,5801],[-40,-25]],[[5511,4951],[-39,-25]],[[6342,3442],[-50,11]],[[6292,3453],[-11,36]],[[6321,3514],[50,-11]],[[6371,3503],[10,-36]],[[6381,3467],[-39,-25]],[[4694,4856],[40,25]],[[4734,4881],[50,-11]],[[4784,4870],[10,-35]],[[4794,4835],[-39,-25]],[[3833,7063],[-50,11]],[[3783,7074],[-11,35]],[[3772,7109],[39,25]],[[3811,7134],[50,-10],[11,-36]],[[3872,7088],[-39,-25]],[[4226,4388],[-50,10]],[[4254,4449],[11,-36]],[[4265,4413],[-39,-25]],[[5398,9660],[-50,10]],[[5337,9706],[40,25]],[[5377,9731],[50,-11]],[[5427,9720],[11,-35]],[[4912,5842],[-51,10],[-10,36]],[[4851,5888],[39,25]],[[4890,5913],[50,-11]],[[4940,5902],[11,-35]],[[4951,5867],[-39,-25]],[[7250,4484],[-50,10]],[[7200,4494],[-11,36]],[[7189,4530],[40,25]],[[7229,4555],[50,-11],[10,-35]],[[7289,4509],[-39,-25]],[[5705,5709],[-11,35]],[[5694,5744],[40,25]],[[5734,5769],[50,-10]],[[5784,5759],[11,-36]],[[5795,5723],[-40,-25]],[[2946,8110],[-11,35]],[[2935,8145],[40,25],[50,-10],[11,-36]],[[6311,4949],[-50,10]],[[6261,4959],[-11,36]],[[6250,4995],[39,25]],[[6289,5020],[51,-11]],[[6350,4974],[-39,-25]],[[4028,3031],[-11,35]],[[4017,3066],[40,25]],[[4057,3091],[50,-10]],[[4117,3045],[-39,-25],[-50,11]],[[8401,5507],[-50,10]],[[8351,5517],[-11,36]],[[8441,5532],[-40,-25]],[[4372,4524],[-50,10]],[[4311,4570],[40,25]],[[4351,4595],[50,-11]],[[4401,4584],[11,-35]],[[4332,4965],[-50,10]],[[4282,4975],[-11,36]],[[4310,5036],[51,-11]],[[4371,4990],[-39,-25]],[[2318,8007],[50,-11]],[[2379,7961],[-40,-25],[-50,10],[-11,36],[40,25]],[[4370,5922],[-50,10]],[[4320,5932],[-11,35]],[[4309,5967],[39,26]],[[4398,5982],[11,-35]],[[4409,5947],[-39,-25]],[[6419,9880],[-50,10]],[[6358,9926],[40,25]],[[6398,9951],[50,-11],[11,-35]],[[3465,4880],[-50,10]],[[3404,4926],[40,25]],[[3444,4951],[50,-11]],[[3494,4940],[11,-35]],[[5415,3405],[-50,10]],[[5365,3415],[-11,36]],[[5393,3476],[51,-10]],[[5444,3466],[10,-36]],[[2396,8057],[-50,10]],[[2346,8067],[-11,36]],[[2335,8103],[40,25]],[[2375,8128],[50,-11]],[[6627,5615],[-50,10]],[[6577,5625],[-11,36]],[[6606,5686],[50,-11]],[[6656,5675],[11,-35]],[[6667,5640],[-40,-25]],[[4847,6055],[-50,10]],[[4797,6065],[-11,36]],[[4786,6101],[39,25]],[[4825,6126],[51,-11]],[[4876,6115],[10,-35]],[[4886,6080],[-39,-25]],[[2907,8085],[39,25]],[[2946,8110],[50,-11]],[[3007,8064],[-39,-25]],[[6401,4963],[-51,11]],[[6350,4974],[-10,35]],[[6340,5009],[39,25]],[[6379,5034],[50,-10]],[[6429,5024],[11,-36]],[[6440,4988],[-39,-25]],[[5996,6147],[-11,36]],[[5985,6183],[39,25]],[[6075,6197],[10,-36]],[[6085,6161],[-39,-25]],[[8238,5108],[-10,35]],[[8228,5143],[39,25]],[[8267,5168],[51,-10]],[[8328,5122],[-39,-25]],[[3079,4761],[-50,10],[-11,36]],[[3057,4832],[51,-11]],[[3118,4786],[-39,-25]],[[5701,9597],[-50,11]],[[5651,9608],[-11,35]],[[5680,9668],[50,-10]],[[5730,9658],[11,-36]],[[4770,4140],[-50,11]],[[4720,4151],[-11,36]],[[4709,4187],[40,25]],[[4749,4212],[50,-11]],[[4799,4201],[11,-35]],[[4810,4166],[-40,-26]],[[5594,3900],[-11,36]],[[5583,3936],[39,25]],[[5622,3961],[51,-10]],[[5683,3915],[-39,-25]],[[927,5805],[-51,10]],[[876,5815],[-11,35]],[[905,5876],[50,-11],[11,-35],[-39,-25]],[[6502,5874],[-50,11]],[[6452,5885],[-11,35]],[[6441,5920],[39,25]],[[6480,5945],[51,-10]],[[6531,5935],[10,-36]],[[6541,5899],[-39,-25]],[[8340,5553],[-50,10]],[[8290,5563],[-11,36]],[[8279,5599],[40,25]],[[8319,5624],[50,-11]],[[8380,5578],[-40,-25]],[[9367,5268],[-50,11]],[[9317,5279],[-11,35]],[[9346,5339],[50,-10]],[[9396,5329],[11,-36]],[[3095,6552],[-50,10]],[[3045,6562],[-11,36]],[[3034,6598],[39,25]],[[3073,6623],[50,-10]],[[3123,6613],[11,-36]],[[5589,9189],[-50,11]],[[5539,9200],[-11,35]],[[5528,9235],[40,25]],[[5568,9260],[50,-10]],[[5618,9250],[11,-36]],[[5629,9214],[-40,-25]],[[2723,6231],[-11,35]],[[2712,6266],[39,25]],[[2751,6291],[51,-10]],[[2813,6245],[-40,-25]],[[6594,4323],[-51,10]],[[6572,4394],[50,-11]],[[6622,4383],[11,-35]],[[6633,4348],[-39,-25]],[[4567,3884],[-51,10]],[[4516,3894],[-10,36]],[[4506,3930],[39,25]],[[4545,3955],[50,-11]],[[4606,3909],[-39,-25]],[[5968,9807],[-50,11]],[[5918,9818],[-11,35]],[[5907,9853],[39,25]],[[5946,9878],[51,-10]],[[5997,9868],[11,-36]],[[6008,9832],[-40,-25]],[[6725,8721],[-11,35]],[[6753,8781],[51,-10]],[[6804,8771],[11,-36]],[[6815,8735],[-40,-25]],[[2236,6132],[-50,10]],[[2186,6142],[-11,36]],[[2175,6178],[39,25]],[[3270,5519],[-50,10]],[[3209,5565],[39,25]],[[3248,5590],[51,-11],[11,-35]],[[3310,5544],[-40,-25]],[[5002,4924],[-11,36]],[[4991,4960],[40,25]],[[5031,4985],[50,-11]],[[5092,4939],[-40,-25]],[[4797,5599],[40,25],[50,-10]],[[4887,5614],[11,-36]],[[4898,5578],[-40,-25]],[[2784,8176],[-50,10]],[[2734,8186],[-11,36]],[[2723,8222],[39,25],[51,-10]],[[2813,8237],[10,-36]],[[2823,8201],[-39,-25]],[[2293,6253],[39,25]],[[2332,6278],[50,-10]],[[2393,6232],[-39,-25]],[[6546,3699],[-50,11]],[[6496,3710],[-11,35]],[[6485,3745],[40,25]],[[6575,3760],[11,-36]],[[2212,7431],[-11,36]],[[2241,7492],[50,-11]],[[2291,7481],[11,-35]],[[2302,7446],[-39,-25],[-51,10]],[[4998,6023],[-51,11]],[[4947,6034],[-10,35]],[[4937,6069],[39,25],[50,-10],[11,-36]],[[5037,6048],[-39,-25]],[[3156,6506],[-50,11]],[[3106,6517],[-11,35]],[[3095,6552],[39,25]],[[3134,6577],[50,-10]],[[3184,6567],[11,-36]],[[3195,6531],[-39,-25]],[[8566,5272],[-11,35]],[[8555,5307],[40,25]],[[8645,5322],[11,-36]],[[8656,5286],[-40,-25],[-50,11]],[[9164,4844],[-50,11]],[[9114,4855],[-11,36]],[[9143,4916],[50,-11],[11,-36],[-40,-25]],[[3232,5028],[-11,36]],[[3221,5064],[40,25]],[[3261,5089],[50,-11]],[[3322,5043],[-40,-25]],[[5041,5415],[-50,11]],[[4991,5426],[-11,35]],[[4980,5461],[40,25]],[[5020,5486],[50,-10]],[[5081,5440],[-40,-25]],[[1742,8191],[-11,36],[39,25]],[[1770,8252],[51,-11]],[[1821,8241],[11,-35]],[[1832,8206],[-40,-25]],[[6213,3870],[-50,10]],[[6163,3880],[-11,36]],[[6152,3916],[40,25]],[[6253,3895],[-40,-25]],[[2655,6145],[-50,10]],[[2605,6155],[-11,36]],[[2633,6216],[51,-11]],[[2695,6170],[-40,-25]],[[9463,4947],[39,25]],[[9552,4962],[11,-36]],[[9563,4926],[-40,-25],[-50,11],[-10,35]],[[5193,3985],[-50,11]],[[5132,4031],[39,25]],[[5221,4046],[11,-36]],[[2334,5813],[-50,10]],[[2284,5823],[-11,36]],[[2273,5859],[39,25]],[[2312,5884],[50,-11]],[[2362,5873],[11,-35]],[[2373,5838],[-39,-25]],[[5184,5718],[-50,11]],[[5123,5764],[40,25]],[[5163,5789],[50,-10]],[[5213,5779],[11,-36]],[[6382,8759],[-50,10],[-11,36]],[[6321,8805],[40,25]],[[6361,8830],[50,-11]],[[6422,8784],[-40,-25]],[[3335,7764],[-50,10]],[[3285,7774],[-11,36]],[[3274,7810],[39,25]],[[3313,7835],[51,-11]],[[3364,7824],[11,-35]],[[3375,7789],[-40,-25]],[[6376,9557],[-11,35]],[[6365,9592],[40,25]],[[6405,9617],[50,-10]],[[6466,9572],[-40,-25],[-50,10]],[[3917,4785],[-50,11]],[[3867,4796],[-11,35]],[[3856,4831],[39,25]],[[3895,4856],[50,-10]],[[3945,4846],[11,-36]],[[3956,4810],[-39,-25]],[[5615,3829],[-50,11]],[[5565,3840],[-11,35]],[[5554,3875],[40,25]],[[5594,3900],[50,-10]],[[5644,3890],[11,-36]],[[5655,3854],[-40,-25]],[[1736,5770],[-50,11]],[[1686,5781],[-11,35]],[[1675,5816],[39,25]],[[1714,5841],[50,-10]],[[1775,5796],[-39,-26]],[[8135,5296],[-50,11]],[[8085,5307],[-11,36]],[[8074,5343],[39,25]],[[8113,5368],[51,-11]],[[8164,5357],[10,-36]],[[8174,5321],[-39,-25]],[[5030,5917],[-50,10]],[[4980,5927],[-11,36]],[[4969,5963],[39,25]],[[5008,5988],[51,-11]],[[5070,5942],[-40,-25]],[[7276,5178],[-10,36]],[[7266,5214],[39,25]],[[7355,5228],[11,-36]],[[2179,6011],[-50,10]],[[2129,6021],[-11,36]],[[2118,6057],[39,25]],[[2157,6082],[50,-10]],[[2207,6072],[11,-36]],[[2218,6036],[-39,-25]],[[9727,5325],[-51,11]],[[9666,5371],[39,25]],[[9705,5396],[51,-11]],[[9756,5385],[10,-35]],[[6303,3884],[-50,11]],[[6253,3895],[-11,35]],[[6332,3945],[10,-36]],[[6342,3909],[-39,-25]],[[7484,4801],[39,25]],[[7523,4826],[50,-11]],[[7573,4815],[11,-35]],[[3204,4967],[-11,36]],[[3193,5003],[39,25]],[[3232,5028],[50,-10]],[[3282,5018],[11,-36]],[[3293,4982],[-39,-25]],[[4261,2882],[10,-36]],[[4271,2846],[-39,-25],[-50,11],[-11,35],[40,25],[50,-10]],[[3596,5684],[-50,10]],[[3546,5694],[-11,36]],[[3574,5755],[50,-11]],[[3635,5709],[-39,-25]],[[7195,5762],[-50,10]],[[7134,5808],[39,25]],[[7173,5833],[51,-11]],[[7224,5822],[10,-35]],[[7234,5787],[-39,-25]],[[4490,4599],[-50,10]],[[4440,4609],[-11,36]],[[4429,4645],[40,25]],[[4469,4670],[50,-11]],[[4530,4624],[-40,-25]],[[6692,5401],[-51,11]],[[6641,5412],[-10,36]],[[6631,5448],[39,25]],[[6670,5473],[50,-11]],[[6720,5462],[11,-36]],[[6731,5426],[-39,-25]],[[9586,5321],[-10,36]],[[9576,5357],[40,25]],[[9616,5382],[50,-11]],[[9666,5371],[10,-35]],[[9676,5336],[-39,-25]],[[5372,4014],[-50,10]],[[5322,4024],[-11,36]],[[5350,4085],[50,-10]],[[5411,4039],[-39,-25]],[[3914,6183],[-50,10]],[[3864,6193],[-11,36]],[[3853,6229],[39,25]],[[3892,6254],[50,-11]],[[3942,6243],[11,-35]],[[3953,6208],[-39,-25]],[[6842,5370],[-50,10]],[[6792,5380],[-11,36]],[[6781,5416],[40,25]],[[6871,5430],[11,-35]],[[6882,5395],[-40,-25]],[[5640,9643],[-51,11]],[[5589,9654],[-10,35]],[[5669,9704],[11,-36]],[[5680,9668],[-40,-25]],[[9219,5133],[-50,10]],[[9169,5143],[-11,36]],[[9198,5204],[50,-11]],[[9248,5193],[11,-35]],[[9259,5158],[-40,-25]],[[1640,6388],[-11,35]],[[1629,6423],[39,25]],[[1668,6448],[50,-10]],[[1718,6438],[11,-35]],[[1729,6403],[-39,-25]],[[3675,4037],[-11,36]],[[3664,4073],[40,25]],[[3704,4098],[50,-11]],[[3754,4087],[11,-35]],[[3765,4052],[-40,-25]],[[2610,6752],[-50,10]],[[2560,6762],[-11,36]],[[2588,6823],[50,-10]],[[2638,6813],[11,-36]],[[2649,6777],[-39,-25]],[[4652,4065],[-50,11]],[[4602,4076],[-11,35]],[[4591,4111],[40,26]],[[4631,4137],[50,-11]],[[4681,4126],[11,-36]],[[4692,4090],[-40,-25]],[[5254,3939],[-50,10]],[[5204,3949],[-11,36]],[[5193,3985],[39,25]],[[5232,4010],[50,-11]],[[5282,3999],[11,-35]],[[7328,4067],[-11,36]],[[7317,4103],[40,25]],[[7357,4128],[50,-11]],[[7407,4117],[11,-36]],[[7418,4081],[-40,-25]],[[3375,6561],[-11,35]],[[3364,6596],[39,25]],[[3453,6611],[11,-36]],[[2532,7465],[-51,10]],[[2481,7475],[-11,36]],[[2510,7536],[50,-10]],[[2560,7526],[11,-36]],[[2571,7490],[-39,-25]],[[3596,6913],[-50,11]],[[3546,6924],[-11,35]],[[3535,6959],[39,25]],[[3636,6938],[-40,-25]],[[6511,4440],[-11,36]],[[6500,4476],[40,25]],[[6590,4490],[11,-36]],[[6601,4454],[-40,-25]],[[6496,3243],[-50,11]],[[6446,3254],[-11,35]],[[6474,3314],[50,-10],[11,-36],[-39,-25]],[[6188,3642],[-50,10]],[[6138,3652],[-11,36]],[[6167,3713],[50,-11]],[[4180,3765],[-50,10]],[[4130,3775],[-11,36]],[[4119,3811],[40,25]],[[4159,3836],[50,-11]],[[4209,3825],[11,-35]],[[4220,3790],[-40,-25]],[[5382,6309],[-51,10]],[[5331,6319],[-10,36]],[[5321,6355],[39,25]],[[5360,6380],[50,-11]],[[5421,6334],[-39,-25]],[[6013,4845],[-50,11]],[[5963,4856],[-11,35]],[[5992,4916],[50,-10]],[[6042,4906],[11,-36]],[[8086,4673],[-50,11]],[[8036,4684],[-11,35]],[[8025,4719],[40,25],[50,-10]],[[8115,4734],[11,-36]],[[2423,5063],[-39,-25],[-50,11],[-11,35],[39,25],[50,-10]],[[5863,9066],[-50,10]],[[5813,9076],[-11,36]],[[5802,9112],[40,25],[50,-11]],[[5892,9126],[11,-35]],[[5903,9091],[-40,-25]],[[4475,3103],[-11,36]],[[4464,3139],[39,25]],[[4503,3164],[50,-11]],[[4553,3153],[11,-35]],[[4564,3118],[-39,-25]],[[5708,5076],[-50,10]],[[5658,5086],[-11,36]],[[5687,5147],[50,-11]],[[5737,5136],[11,-35]],[[5748,5101],[-40,-25]],[[7387,5121],[-50,11]],[[7327,5168],[39,24]],[[7366,5192],[50,-10]],[[7427,5146],[-40,-25]],[[6070,3567],[-50,10]],[[6020,3577],[-11,36]],[[6009,3613],[40,25]],[[6049,3638],[50,-11]],[[6099,3627],[10,-35]],[[6109,3592],[-39,-25]],[[6600,3988],[-50,10]],[[6629,4048],[11,-35]],[[6640,4013],[-40,-25]],[[6566,5661],[-50,11]],[[6505,5707],[40,25]],[[6545,5732],[50,-10]],[[6595,5722],[11,-36]],[[6606,5686],[-40,-25]],[[7051,5459],[-51,11]],[[7000,5470],[-10,35]],[[7029,5530],[51,-10]],[[7080,5520],[10,-36]],[[7090,5484],[-39,-25]],[[9251,5026],[-50,11]],[[9190,5072],[40,25]],[[9230,5097],[50,-11]],[[6869,4031],[-50,11]],[[6819,4042],[-11,35]],[[6808,4077],[40,25]],[[6848,4102],[50,-10]],[[6898,4092],[11,-36]],[[6909,4056],[-40,-25]],[[2878,8024],[-50,10]],[[2828,8034],[-11,36]],[[2817,8070],[39,25]],[[2856,8095],[51,-10]],[[2907,8085],[10,-36]],[[4643,3168],[-50,10]],[[4593,3178],[-11,36]],[[4621,3239],[50,-11]],[[4671,3228],[11,-35]],[[4682,3193],[-39,-25]],[[3784,6609],[-51,10]],[[3733,6619],[-10,35]],[[3723,6654],[39,25]],[[3762,6679],[50,-10]],[[3812,6669],[11,-35]],[[3823,6634],[-39,-25]],[[3977,3508],[-50,10]],[[3927,3518],[-11,36]],[[3916,3554],[39,25]],[[3955,3579],[50,-11]],[[4005,3568],[11,-35]],[[4016,3533],[-39,-25]],[[3563,4560],[-50,10],[-11,36]],[[3502,4606],[39,25]],[[3541,4631],[51,-11]],[[4957,3835],[-50,10]],[[4907,3845],[-11,36]],[[4896,3881],[39,25]],[[3693,5364],[-50,11]],[[3643,5375],[-11,35]],[[3632,5410],[40,25]],[[3672,5435],[50,-10]],[[3722,5425],[11,-36]],[[3733,5389],[-40,-25]],[[9492,5008],[-51,11]],[[9441,5019],[-10,35]],[[9431,5054],[39,25]],[[9470,5079],[51,-10]],[[6990,5505],[-51,11]],[[6939,5516],[-10,35]],[[6968,5576],[51,-10]],[[7019,5566],[10,-36]],[[7029,5530],[-39,-25]],[[6530,8894],[-50,11]],[[6480,8905],[-11,35]],[[6469,8940],[40,25]],[[6559,8955],[11,-36]],[[6570,8919],[-40,-25]],[[3278,6414],[-50,11]],[[3228,6425],[-11,35]],[[3217,6460],[39,25]],[[3256,6485],[51,-10]],[[8430,5567],[-50,11]],[[8380,5578],[-11,35]],[[8369,5613],[40,25]],[[8409,5638],[50,-10]],[[8459,5628],[11,-36]],[[4109,5544],[-50,10]],[[4059,5554],[-11,36]],[[4087,5615],[50,-11]],[[4137,5604],[11,-35]],[[4148,5569],[-39,-25]],[[4555,4385],[-50,11]],[[4505,4396],[-11,36]],[[4494,4432],[39,25]],[[4533,4457],[51,-11]],[[4584,4446],[10,-35]],[[4594,4411],[-39,-26]],[[4687,5190],[-51,11]],[[4636,5201],[-10,35]],[[4626,5236],[39,25]],[[4665,5261],[50,-10]],[[4726,5215],[-39,-25]],[[9785,5446],[-50,11]],[[9735,5457],[-11,35]],[[9724,5492],[40,25]],[[9764,5517],[50,-11]],[[9824,5471],[-39,-25]],[[6350,4507],[-50,11]],[[6300,4518],[-11,36]],[[6289,4554],[40,25]],[[6379,4568],[10,-36]],[[6389,4532],[-39,-25]],[[4911,3211],[-50,11]],[[4861,3222],[-11,35]],[[4850,3257],[39,26]],[[4889,3283],[50,-11]],[[4950,3236],[-39,-25]],[[5222,9464],[-51,11]],[[5160,9510],[40,25]],[[5261,9489],[-39,-25]],[[564,5912],[-50,11]],[[514,5923],[-11,35]],[[503,5958],[39,25],[51,-10]],[[604,5937],[-40,-25]],[[3680,6331],[-11,35]],[[3669,6366],[40,26]],[[3709,6392],[50,-11]],[[3759,6381],[11,-35]],[[3770,6346],[-39,-25]],[[4744,5311],[-50,11]],[[4694,5322],[-11,35]],[[4683,5357],[39,25]],[[4722,5382],[50,-10]],[[4772,5372],[11,-36]],[[4783,5336],[-39,-25]],[[6454,4319],[-11,35]],[[6443,4354],[39,25]],[[6533,4369],[10,-36]],[[6543,4333],[-39,-25]],[[6081,4464],[-50,11]],[[6031,4475],[-11,35]],[[6020,4510],[40,25]],[[6121,4489],[-40,-25]],[[5461,4028],[-50,11]],[[5411,4039],[-11,36]],[[5400,4075],[40,25]],[[5440,4100],[50,-11]],[[5490,4089],[11,-36]],[[4085,6546],[-50,10],[-11,36],[40,25]],[[4064,6617],[50,-11]],[[4125,6571],[-40,-25]],[[6746,8650],[-50,10]],[[6696,8660],[-11,36]],[[6685,8696],[40,25]],[[6725,8721],[50,-11]],[[6775,8710],[11,-35]],[[6786,8675],[-40,-25]],[[3181,5504],[-51,11],[-10,35],[39,25]],[[3159,5575],[50,-10]],[[3209,5565],[11,-36]],[[3220,5529],[-39,-25]],[[3136,6112],[39,25]],[[3175,6137],[50,-11]],[[3225,6126],[11,-35]],[[3236,6091],[-39,-25],[-50,10],[-11,36]],[[3323,5807],[-50,10]],[[3273,5817],[-11,36]],[[3262,5853],[39,25]],[[3352,5868],[10,-36]],[[3362,5832],[-39,-25]],[[2797,6448],[-50,10]],[[2747,6458],[-11,35]],[[2736,6493],[40,26]],[[2776,6519],[50,-11]],[[2837,6473],[-40,-25]],[[3388,6823],[-50,11]],[[3327,6869],[40,25]],[[3367,6894],[50,-10]],[[3428,6848],[-40,-25]],[[6028,5574],[-50,11]],[[5978,5585],[-11,36]],[[5967,5621],[39,25]],[[6006,5646],[51,-11]],[[6067,5599],[-39,-25]],[[8078,5642],[51,-11]],[[8139,5595],[-39,-25]],[[5229,9596],[-11,35]],[[5218,9631],[40,25]],[[5308,9645],[11,-35],[-40,-25]],[[8071,5510],[-51,11]],[[8020,5521],[-10,35]],[[8049,5581],[51,-11]],[[8100,5570],[10,-35]],[[8110,5535],[-39,-25]],[[5759,9718],[-51,11]],[[5698,9764],[39,25]],[[5737,9789],[51,-11]],[[5788,9778],[11,-35]],[[5799,9743],[-40,-25]],[[3030,6765],[-51,10]],[[2979,6775],[-11,36]],[[2968,6811],[40,25]],[[3008,6836],[50,-11]],[[3058,6825],[11,-35]],[[4398,5982],[-50,11]],[[4348,5993],[-11,35]],[[4337,6028],[40,25]],[[4427,6043],[11,-36]],[[4438,6007],[-40,-25]],[[3741,5055],[-11,36]],[[3730,5091],[39,25]],[[3769,5116],[50,-11]],[[3830,5070],[-39,-25]],[[4560,5915],[-11,36]],[[4549,5951],[40,25]],[[4589,5976],[50,-11]],[[4639,5965],[11,-35]],[[4650,5930],[-40,-25]],[[5103,3971],[-50,10]],[[5053,3981],[-11,36]],[[5082,4042],[50,-11]],[[5132,4031],[11,-35]],[[5143,3996],[-40,-25]],[[5095,5704],[-50,10]],[[5045,5714],[-11,36]],[[5034,5750],[39,25]],[[5073,5775],[50,-11]],[[5123,5764],[11,-35]],[[5134,5729],[-39,-25]],[[2020,6376],[-50,10]],[[1970,6386],[-11,36]],[[1959,6422],[39,25]],[[2048,6436],[11,-35]],[[2059,6401],[-39,-25]],[[9300,5649],[-50,11]],[[9239,5695],[40,25]],[[9279,5720],[50,-10]],[[9329,5710],[11,-36]],[[9340,5674],[-40,-25]],[[4879,5948],[-50,11]],[[4829,5959],[-11,35]],[[4818,5994],[40,25]],[[4858,6019],[50,-10]],[[4908,6009],[11,-36]],[[4919,5973],[-40,-25]],[[5615,4296],[-10,35]],[[5605,4331],[39,25]],[[5644,4356],[50,-10]],[[5694,4346],[11,-36]],[[5250,9525],[-50,10]],[[5200,9535],[-11,36],[40,25]],[[5229,9596],[50,-11]],[[5279,9585],[11,-35]],[[3352,5868],[-51,10]],[[3301,5878],[-10,35]],[[3291,5913],[39,26]],[[3330,5939],[50,-11]],[[3380,5928],[11,-35]],[[3391,5893],[-39,-25]],[[5088,4640],[-50,10]],[[5038,4650],[-10,36]],[[5028,4686],[39,25]],[[5067,4711],[50,-11]],[[5128,4665],[-40,-25]],[[3274,6581],[-50,11]],[[3224,6592],[-11,35]],[[3213,6627],[39,25]],[[3252,6652],[51,-10]],[[3303,6642],[11,-36]],[[3314,6606],[-40,-25]],[[2402,6662],[-50,11]],[[2352,6673],[-11,35]],[[2341,6708],[39,25]],[[2380,6733],[51,-10]],[[2431,6723],[10,-36]],[[2441,6687],[-39,-25]],[[6394,5298],[-51,10]],[[6343,5308],[-10,36]],[[6333,5344],[39,25]],[[6372,5369],[50,-11]],[[6422,5358],[11,-35]],[[6433,5323],[-39,-25]],[[7057,5124],[-50,11]],[[7007,5135],[-11,36]],[[7036,5196],[50,-11]],[[7086,5185],[11,-36]],[[7097,5149],[-40,-25]],[[6671,3439],[-50,11]],[[6621,3450],[-10,35]],[[6611,3485],[39,25]],[[6650,3510],[50,-10]],[[6700,3500],[11,-36]],[[6711,3464],[-40,-25]],[[8491,5521],[-50,11]],[[8441,5532],[-11,35]],[[8430,5567],[40,25]],[[8470,5592],[50,-11]],[[8520,5581],[11,-35]],[[8531,5546],[-40,-25]],[[3625,6974],[-51,10]],[[3574,6984],[-10,36]],[[3564,7020],[39,25]],[[3603,7045],[50,-11]],[[3653,7034],[11,-35]],[[5909,5499],[-50,11]],[[5888,5571],[50,-11]],[[5938,5560],[11,-36]],[[715,5881],[-50,11]],[[665,5892],[-11,35]],[[693,5952],[50,-10]],[[743,5942],[11,-35]],[[754,5907],[-39,-26]],[[6060,5468],[-50,10]],[[5999,5514],[40,25]],[[6039,5539],[50,-11]],[[6089,5528],[11,-35]],[[6100,5493],[-40,-25]],[[4460,3306],[-50,11]],[[4410,3317],[-11,35]],[[4399,3352],[40,25]],[[4489,3367],[10,-36]],[[4499,3331],[-39,-25]],[[4381,5420],[-50,11]],[[4331,5431],[-11,35]],[[4320,5466],[40,25]],[[4410,5481],[11,-36]],[[4421,5445],[-40,-25]],[[7342,5897],[-50,11]],[[7292,5908],[-11,35]],[[7281,5943],[40,25],[50,-10]],[[7371,5958],[11,-36]],[[7382,5922],[-40,-25]],[[6017,6076],[-50,10]],[[5967,6086],[-11,36]],[[5956,6122],[40,25]],[[5996,6147],[50,-11]],[[6046,6136],[11,-35]],[[6057,6101],[-40,-25]],[[7452,4908],[-51,10]],[[7401,4918],[-10,36]],[[7391,4954],[39,25]],[[7430,4979],[50,-11],[11,-35]],[[7491,4933],[-39,-25]],[[3931,7973],[-50,10]],[[3881,7983],[-11,35]],[[3870,8018],[40,25]],[[3910,8043],[50,-10]],[[3960,8033],[11,-35]],[[3941,3782],[-50,10]],[[3891,3792],[-11,36]],[[3880,3828],[39,25]],[[3969,3842],[11,-35]],[[3980,3807],[-39,-25]],[[6583,4825],[-50,10]],[[6533,4835],[-11,36]],[[6562,4896],[50,-11]],[[9608,5250],[-51,11]],[[9557,5261],[-10,35]],[[9547,5296],[39,25]],[[9586,5321],[51,-10]],[[9637,5311],[10,-36]],[[9647,5275],[-39,-25]],[[5450,5929],[-50,10]],[[5400,5939],[-11,36]],[[5428,6000],[51,-11]],[[5479,5989],[10,-35]],[[5489,5954],[-39,-25]],[[5221,4046],[-50,10]],[[5171,4056],[-10,36]],[[5161,4092],[39,25]],[[5200,4117],[50,-11]],[[5261,4071],[-40,-25]],[[5626,5193],[-11,35]],[[5615,5228],[40,25]],[[5655,5253],[50,-10]],[[5705,5243],[11,-36]],[[5716,5207],[-40,-25]],[[6739,8983],[-50,11]],[[6689,8994],[-11,35]],[[6678,9029],[40,25],[50,-10],[11,-36]],[[6779,9008],[-40,-25]],[[4565,5282],[-51,11]],[[4504,5328],[39,25]],[[4593,5343],[11,-36]],[[4604,5307],[-39,-25]],[[6118,5589],[-51,10]],[[6067,5599],[-10,36]],[[6057,5635],[39,25]],[[6096,5660],[50,-11]],[[6146,5649],[11,-35]],[[6157,5614],[-39,-25]],[[5608,4630],[-11,36]],[[5597,4666],[40,25]],[[5637,4691],[50,-11]],[[5698,4645],[-40,-25]],[[2863,6235],[-50,10]],[[2813,6245],[-11,36]],[[2802,6281],[39,25]],[[2902,6260],[-39,-25]],[[3526,4834],[-50,10]],[[3476,4844],[-11,36]],[[3465,4880],[40,25]],[[3505,4905],[50,-11]],[[3555,4894],[11,-35]],[[3566,4859],[-40,-25]],[[4048,5590],[-50,10]],[[3998,5600],[-11,36]],[[3987,5636],[39,25]],[[4026,5661],[50,-11]],[[4076,5650],[11,-35]],[[4087,5615],[-39,-25]],[[4074,3188],[-50,10]],[[4024,3198],[-11,36]],[[4053,3259],[50,-11]],[[4103,3248],[10,-35]],[[4113,3213],[-39,-25]],[[4115,4444],[-11,36]],[[4143,4505],[50,-10]],[[4204,4459],[-39,-25]],[[2275,6157],[-11,36]],[[2304,6218],[50,-11]],[[2354,6207],[11,-35]],[[7567,5150],[-50,11]],[[7546,5221],[50,-10]],[[7596,5211],[11,-36]],[[7607,5175],[-40,-25]],[[5630,3159],[-50,11]],[[5608,3231],[50,-11]],[[5658,3220],[11,-35]],[[5748,4634],[-50,11]],[[5698,4645],[-11,35]],[[5687,4680],[39,25]],[[5726,4705],[51,-10]],[[5777,4695],[10,-36]],[[5787,4659],[-39,-25]],[[4534,6619],[39,25]],[[4573,6644],[51,-11]],[[4624,6633],[10,-35]],[[4634,6598],[-39,-25],[-50,10]],[[4620,4172],[-50,11]],[[4570,4183],[-11,35]],[[4559,4218],[39,25]],[[4598,4243],[50,-10]],[[4648,4233],[11,-36]],[[4659,4197],[-39,-25]],[[4326,4367],[-11,35]],[[4315,4402],[39,26]],[[4354,4428],[51,-11]],[[4405,4417],[10,-36]],[[4415,4381],[-39,-25]],[[6353,4340],[-50,11]],[[6303,4351],[-10,35]],[[6293,4386],[39,25]],[[6332,4411],[50,-10]],[[6382,4401],[11,-36]],[[6393,4365],[-40,-25]],[[7709,8748],[-51,10]],[[7648,8794],[39,25]],[[7687,8819],[51,-11]],[[7738,8808],[11,-35]],[[7749,8773],[-40,-25]],[[5096,4305],[-50,11]],[[5035,4351],[39,25]],[[5124,4366],[11,-36]],[[5135,4330],[-39,-25]],[[4166,5665],[-50,10]],[[4116,5675],[-11,36]],[[4105,5711],[39,25]],[[4144,5736],[51,-11]],[[4205,5690],[-39,-25]],[[2952,6249],[-50,11]],[[2902,6260],[-11,35]],[[2931,6320],[50,-10]],[[2981,6310],[11,-35]],[[2992,6275],[-40,-26]],[[4306,3505],[-50,11]],[[4284,3576],[50,-10]],[[4334,3566],[11,-36]],[[4345,3530],[-39,-25]],[[4271,5011],[-50,10]],[[4221,5021],[-11,36]],[[4210,5057],[39,25]],[[4249,5082],[51,-11]],[[4300,5071],[10,-35]],[[4310,5036],[-39,-25]],[[6590,4490],[-50,11]],[[6540,4501],[-11,35]],[[6529,4536],[40,25]],[[6569,4561],[50,-10]],[[6619,4551],[11,-36]],[[6630,4515],[-40,-25]],[[6996,5171],[-50,10]],[[6946,5181],[-11,36]],[[6935,5217],[40,25]],[[6975,5242],[50,-11]],[[7025,5231],[11,-35]],[[7036,5196],[-40,-25]],[[6170,8836],[39,25]],[[6260,8851],[10,-36]],[[6270,8815],[-39,-25],[-51,11],[-10,35]],[[5687,6079],[-50,10]],[[5637,6089],[-11,36]],[[5626,6125],[39,25]],[[5665,6150],[51,-11]],[[5716,6139],[10,-35]],[[5726,6104],[-39,-25]],[[5086,3408],[-50,10]],[[5036,3418],[-11,36]],[[5025,3454],[39,25]],[[5064,3479],[50,-11]],[[5114,3468],[11,-35],[-39,-25]],[[4680,4592],[-11,36]],[[4669,4628],[40,25]],[[4709,4653],[50,-11]],[[4759,4642],[11,-35]],[[4770,4607],[-40,-25]],[[3629,6807],[-50,10]],[[3579,6817],[-11,36]],[[3568,6853],[39,25]],[[3607,6878],[50,-11]],[[3657,6867],[11,-35]],[[3668,6832],[-39,-25]],[[4932,3607],[-50,10]],[[4882,3617],[-11,36]],[[4871,3653],[39,25],[50,-11]],[[4960,3667],[11,-35]],[[4971,3632],[-39,-25]],[[6304,9638],[-51,11]],[[6242,9684],[40,25]],[[6282,9709],[50,-10]],[[6332,9699],[11,-36]],[[6343,9663],[-39,-25]],[[7767,8869],[-51,10]],[[7716,8879],[-10,36]],[[7706,8915],[39,25]],[[7745,8940],[51,-11],[11,-35]],[[7807,8894],[-40,-25]],[[7074,8814],[-50,10]],[[7024,8824],[-11,36]],[[7114,8839],[-40,-25]],[[6962,3878],[-50,10]],[[6901,3924],[40,25]],[[6941,3949],[50,-11],[11,-35]],[[7002,3903],[-40,-25]],[[5132,9450],[-51,10]],[[5081,9460],[-11,36]],[[5070,9496],[40,25],[50,-11]],[[5160,9510],[11,-35]],[[5171,9475],[-39,-25]],[[6421,3959],[-50,11]],[[6360,4005],[40,25]],[[6400,4030],[50,-10]],[[6461,3984],[-40,-25]],[[9152,5514],[-50,10]],[[9102,5524],[-11,36]],[[9091,5560],[40,25]],[[9181,5574],[11,-35]],[[9192,5539],[-40,-25]],[[7926,5207],[-50,11]],[[7876,5218],[-11,35]],[[7865,5253],[40,25]],[[7905,5278],[50,-10]],[[7955,5268],[11,-36]],[[7966,5232],[-40,-25]],[[4179,6393],[-50,11]],[[4129,6404],[-11,35]],[[4118,6439],[39,25]],[[4157,6464],[50,-10]],[[4207,6454],[11,-36]],[[5991,3050],[-50,10]],[[5941,3060],[-11,36]],[[5930,3096],[40,25]],[[5970,3121],[50,-11]],[[6030,3075],[-39,-25]],[[4657,2965],[-11,35]],[[4646,3000],[40,25]],[[4736,3015],[11,-36]],[[4747,2979],[-40,-25]],[[5579,9689],[-51,10]],[[5528,9699],[-11,36]],[[5517,9735],[40,25]],[[5557,9760],[50,-11]],[[5618,9714],[-39,-25]],[[6458,5084],[-50,11]],[[6408,5095],[-11,35]],[[6437,5155],[50,-10]],[[6487,5145],[11,-36]],[[6498,5109],[-40,-25]],[[6320,3047],[-50,10]],[[6270,3057],[-11,36]],[[6299,3118],[50,-11]],[[6349,3107],[11,-35]],[[6360,3072],[-40,-25]],[[5000,3226],[-50,10]],[[4950,3236],[-11,36]],[[4939,3272],[40,25]],[[5029,3286],[10,-35]],[[5039,3251],[-39,-25]],[[6472,8773],[-50,11]],[[6422,8784],[-11,35]],[[6411,8819],[40,25]],[[6451,8844],[50,-10]],[[6501,8834],[11,-36]],[[6512,8798],[-40,-25]],[[2961,5915],[-51,11]],[[2910,5926],[-10,35]],[[2900,5961],[39,25]],[[2939,5986],[50,-10]],[[2989,5976],[11,-35]],[[3000,5941],[-39,-26]],[[2764,7782],[39,25]],[[2803,7807],[51,-10]],[[2854,7797],[11,-36]],[[2865,7761],[-40,-25],[-50,11],[-11,35]],[[5128,4198],[-50,11]],[[5078,4209],[-11,36]],[[5067,4245],[40,25]],[[5107,4270],[50,-11]],[[5157,4259],[11,-36]],[[5168,4223],[-40,-25]],[[6992,8931],[-11,35]],[[6981,8966],[40,25],[50,-10],[11,-36]],[[2745,6160],[-50,10]],[[2695,6170],[-11,35]],[[2684,6205],[39,26]],[[2723,6231],[50,-11]],[[2773,6220],[11,-35]],[[2784,6185],[-39,-25]],[[8624,5393],[-11,35]],[[8613,5428],[40,25]],[[8653,5453],[50,-10]],[[8703,5443],[11,-36]],[[8714,5407],[-40,-25]],[[4051,4192],[-50,10]],[[4001,4202],[-11,36],[39,25],[50,-11]],[[4079,4252],[11,-35]],[[4090,4217],[-39,-25]],[[150,5732],[-50,10]],[[89,5778],[40,25],[50,-10]],[[190,5757],[-40,-25]],[[6397,5130],[-50,11]],[[6347,5141],[-11,36]],[[6336,5177],[40,25]],[[6376,5202],[50,-11]],[[6426,5191],[11,-36]],[[6437,5155],[-40,-25]],[[6815,3742],[-50,11]],[[6765,3753],[-11,36]],[[6754,3789],[40,24]],[[6794,3813],[50,-10]],[[6844,3803],[10,-36]],[[6854,3767],[-39,-25]],[[4532,5389],[-50,10]],[[4482,5399],[-11,36]],[[4471,5435],[39,25]],[[4510,5460],[51,-11]],[[4561,5449],[11,-35]],[[3912,3721],[39,25]],[[3951,3746],[51,-10]],[[4002,3736],[10,-36]],[[4012,3700],[-39,-25]],[[6849,5035],[40,25]],[[6889,5060],[50,-10]],[[6939,5050],[10,-36]],[[6949,5014],[-39,-25],[-50,11],[-11,35]],[[8937,9222],[-50,10]],[[8887,9232],[-11,36]],[[8876,9268],[40,25]],[[8916,9293],[50,-11],[11,-35],[-40,-25]],[[4097,6045],[-50,10]],[[4047,6055],[-11,36]],[[4036,6091],[39,25]],[[4075,6116],[51,-11]],[[4126,6105],[10,-35]],[[4136,6070],[-39,-25]],[[4582,3214],[-50,11]],[[4532,3225],[-11,35]],[[4521,3260],[39,25]],[[4560,3285],[50,-10]],[[4610,3275],[11,-36]],[[4621,3239],[-39,-25]],[[5454,4363],[-50,11]],[[5404,4374],[-11,35]],[[5483,4424],[10,-36]],[[5493,4388],[-39,-25]],[[6624,5782],[-50,11]],[[6574,5793],[-11,35]],[[6563,5828],[39,25]],[[6602,5853],[51,-10]],[[6653,5843],[10,-36]],[[6663,5807],[-39,-25]],[[5834,4816],[11,-36]],[[5845,4780],[-40,-25],[-50,11],[-11,36]],[[3226,4896],[-51,11]],[[3175,4907],[-10,35]],[[3165,4942],[39,25]],[[3204,4967],[50,-10]],[[3254,4957],[11,-36]],[[3188,7628],[-50,11]],[[3138,7639],[-11,35]],[[3127,7674],[40,25]],[[3167,7699],[50,-10]],[[3217,7689],[11,-36]],[[3228,7653],[-40,-25]],[[9274,5421],[-50,11],[-11,36]],[[9213,5468],[40,24]],[[9253,5492],[50,-10]],[[9314,5446],[-40,-25]],[[2201,7467],[-50,10]],[[2151,7477],[-11,36]],[[2140,7513],[40,25]],[[2230,7527],[11,-35]],[[2241,7492],[-40,-25]],[[8799,5122],[-51,11],[-10,35],[39,25]],[[8777,5193],[51,-10]],[[8828,5183],[10,-36]],[[8838,5147],[-39,-25]],[[3058,8053],[-51,11]],[[3007,8064],[-11,35]],[[2996,8099],[40,25]],[[3036,8124],[50,-10]],[[3086,8114],[11,-36]],[[3097,8078],[-39,-25]],[[3026,5703],[-50,10]],[[2976,5713],[-11,35]],[[2965,5748],[39,26]],[[3004,5774],[50,-11]],[[3054,5763],[11,-35]],[[3065,5728],[-39,-25]],[[7299,5573],[-11,36]],[[7288,5609],[40,25]],[[7328,5634],[50,-11]],[[7378,5623],[10,-35],[-39,-25],[-50,10]],[[5647,5122],[-50,10]],[[5586,5168],[40,25]],[[5626,5193],[50,-11]],[[5676,5182],[11,-35]],[[5687,5147],[-40,-25]],[[3686,6928],[-50,10]],[[3636,6938],[-11,36]],[[3625,6974],[39,25]],[[3664,6999],[50,-11]],[[3714,6988],[11,-35]],[[5161,3158],[-11,36]],[[5150,3194],[40,25]],[[5190,3219],[50,-10]],[[5240,3209],[11,-36],[-40,-25],[-50,10]],[[3969,3842],[-50,11]],[[3919,3853],[-11,35]],[[3908,3888],[39,26]],[[3998,3903],[10,-36]],[[4008,3867],[-39,-25]],[[4013,3234],[-50,10]],[[3963,3244],[-11,36]],[[3992,3305],[50,-11]],[[4042,3294],[11,-35]],[[4053,3259],[-40,-25]],[[4117,3045],[-10,36]],[[4107,3081],[39,25]],[[4146,3106],[50,-11]],[[4196,3095],[11,-35],[-40,-25],[-50,10]],[[9399,5161],[-50,11]],[[9349,5172],[-11,36]],[[9338,5208],[40,24]],[[9428,5222],[10,-36]],[[9438,5186],[-39,-25]],[[5733,3904],[-50,11]],[[5683,3915],[-10,36]],[[5673,3951],[39,25]],[[5712,3976],[50,-11]],[[5687,3281],[-50,10]],[[5637,3291],[-11,36]],[[5626,3327],[39,25]],[[5665,3352],[51,-11]],[[5716,3341],[10,-35]],[[5726,3306],[-39,-25]],[[7638,4602],[-51,10]],[[7587,4612],[-10,36]],[[7577,4648],[39,25]],[[7666,4662],[11,-35]],[[7677,4627],[-39,-25]],[[5540,3145],[-50,11],[-11,35]],[[5479,3191],[40,25]],[[5569,3206],[11,-36]],[[5580,3170],[-40,-25]],[[8190,5585],[-51,10]],[[8139,5595],[-10,36]],[[8129,5631],[39,25]],[[8168,5656],[50,-11]],[[8218,5645],[11,-35]],[[8229,5610],[-39,-25]],[[1742,8191],[50,-10]],[[1792,8181],[11,-36]],[[1803,8145],[-39,-25],[-50,11],[-11,35],[39,25]],[[8179,4520],[-50,11]],[[8118,4566],[40,25]],[[8158,4591],[50,-10]],[[8208,4581],[11,-36]],[[8219,4545],[-40,-25]],[[7149,4038],[-11,36]],[[7138,4074],[39,25]],[[7228,4088],[10,-35]],[[7238,4053],[-39,-25]],[[5246,5672],[-51,10]],[[5195,5682],[-11,36]],[[5184,5718],[40,25]],[[5224,5743],[50,-10]],[[5274,5733],[11,-36]],[[5285,5697],[-39,-25]],[[9103,4891],[-50,10]],[[9053,4901],[-11,36]],[[9042,4937],[40,25]],[[9082,4962],[50,-11]],[[9132,4951],[11,-35]],[[9143,4916],[-40,-25]],[[8216,4712],[-11,36]],[[8205,4748],[39,25]],[[8295,4762],[10,-35]],[[8305,4727],[-39,-25]],[[6607,9575],[39,25]],[[6646,9600],[51,-10]],[[6697,9590],[11,-36],[-40,-24],[-51,10],[-10,35]],[[7605,4708],[-50,11]],[[7545,4755],[39,25]],[[7584,4780],[50,-11]],[[7634,4769],[11,-36]],[[3937,3949],[-50,11]],[[3887,3960],[-11,35]],[[3915,4020],[50,-10]],[[3965,4010],[11,-36]],[[4902,4945],[-50,11]],[[4841,4991],[39,25]],[[4930,5006],[11,-36]],[[4941,4970],[-39,-25]],[[8854,5411],[-51,10]],[[8803,5421],[-10,36]],[[8793,5457],[39,25]],[[8832,5482],[51,-11]],[[8883,5471],[10,-36]],[[8893,5435],[-39,-24]],[[5137,6493],[-50,10]],[[5087,6503],[-11,36]],[[5076,6539],[40,25]],[[5116,6564],[50,-11]],[[5166,6553],[11,-35]],[[5177,6518],[-40,-25]],[[7349,3996],[-50,10]],[[7299,4006],[-11,36]],[[7288,4042],[40,25]],[[7328,4067],[50,-11]],[[7378,4056],[11,-35],[-40,-25]],[[5504,6217],[-51,10]],[[5453,6227],[-10,36]],[[5443,6263],[39,25]],[[5482,6288],[50,-11]],[[5532,6277],[11,-35]],[[5543,6242],[-39,-25]],[[4789,3304],[-50,10]],[[4739,3314],[-11,36]],[[4728,3350],[40,25]],[[4768,3375],[50,-11]],[[4818,3364],[10,-35]],[[4828,3329],[-39,-25]],[[3094,7780],[-50,11]],[[3044,7791],[-11,35]],[[3033,7826],[40,25]],[[3073,7851],[50,-10]],[[3123,7841],[11,-36]],[[4736,3015],[-50,10]],[[4686,3025],[-11,36]],[[4675,3061],[39,25]],[[4714,3086],[50,-10],[11,-36]],[[4775,3040],[-39,-25]],[[4425,5278],[-11,36]],[[4453,5339],[51,-11]],[[4504,5328],[10,-35]],[[4514,5293],[-39,-25]],[[9306,5314],[-50,11]],[[9245,5361],[40,25]],[[9285,5386],[50,-11]],[[9335,5375],[11,-36]],[[9346,5339],[-40,-25]],[[3291,4683],[-51,11]],[[3240,4694],[-10,35]],[[3230,4729],[39,25]],[[3269,4754],[50,-10]],[[3319,4744],[11,-36]],[[3330,4708],[-39,-25]],[[4127,3476],[-50,11]],[[4077,3487],[-11,35]],[[4066,3522],[40,25]],[[4106,3547],[50,-10]],[[3392,6657],[-50,10]],[[3342,6667],[-11,35]],[[3331,6702],[40,25]],[[3371,6727],[50,-10]],[[3421,6717],[11,-35]],[[7988,5627],[-10,36]],[[7978,5663],[39,25]],[[8017,5688],[51,-11]],[[8068,5677],[10,-35]],[[8078,5642],[-39,-25]],[[6559,8955],[-50,10]],[[6509,8965],[-11,36]],[[6498,9001],[39,24],[51,-10]],[[6588,9015],[11,-35]],[[6599,8980],[-40,-25]],[[6509,5540],[-51,10]],[[6458,5550],[-10,36]],[[6448,5586],[39,25]],[[6487,5611],[50,-11]],[[6537,5600],[11,-35]],[[6548,5565],[-39,-25]],[[7806,5766],[-11,36]],[[7834,5826],[51,-10]],[[7885,5816],[10,-36]],[[7895,5780],[-39,-25],[-50,11]],[[3490,5107],[-50,11]],[[3440,5118],[-11,35]],[[3518,5168],[11,-36]],[[3529,5132],[-39,-25]],[[4618,5570],[-50,11]],[[4568,5581],[-11,35]],[[4596,5641],[51,-10],[10,-36]],[[4657,5595],[-39,-25]],[[1825,5785],[-50,11]],[[1775,5796],[-11,35]],[[1764,5831],[40,25]],[[1804,5856],[50,-10]],[[1854,5846],[11,-36]],[[1865,5810],[-40,-25]],[[3601,7975],[-51,10],[-11,35],[40,25],[50,-10]],[[3629,8035],[11,-35]],[[3640,8000],[-39,-25]],[[5669,9704],[-51,10]],[[5618,9714],[-11,35]],[[5607,9749],[40,25]],[[5647,9774],[51,-10]],[[5698,9764],[10,-35]],[[5708,9729],[-39,-25]],[[6139,4585],[39,25]],[[6178,4610],[50,-10]],[[6228,4600],[11,-36]],[[6239,4564],[-40,-25]],[[3945,3614],[-51,11]],[[3894,3625],[-10,36]],[[3923,3686],[50,-11]],[[3973,3675],[11,-35]],[[3984,3640],[-39,-26]],[[4433,4478],[-50,10]],[[4383,4488],[-11,36]],[[4372,4524],[40,25]],[[4412,4549],[50,-11]],[[4473,4503],[-40,-25]],[[8103,5403],[-50,11]],[[8053,5414],[-11,35]],[[8042,5449],[39,25]],[[8081,5474],[51,-10]],[[8132,5464],[10,-36]],[[8142,5428],[-39,-25]],[[5483,4424],[-50,10]],[[5422,4470],[39,25]],[[5461,4495],[50,-11]],[[5511,4484],[11,-35]],[[5522,4449],[-39,-25]],[[865,5850],[-50,11]],[[815,5861],[-11,35]],[[804,5896],[40,25]],[[844,5921],[50,-10],[11,-35]],[[905,5876],[-40,-26]],[[4557,2986],[-50,10]],[[4507,2996],[-11,36]],[[4536,3057],[50,-10]],[[4586,3047],[10,-36]],[[4596,3011],[-39,-25]],[[5910,9687],[-50,10]],[[5860,9697],[-11,36]],[[5849,9733],[40,25]],[[5889,9758],[50,-11]],[[5939,9747],[11,-35]],[[5950,9712],[-40,-25]],[[7044,5793],[-50,11]],[[6994,5804],[-11,36]],[[6983,5840],[40,25]],[[7023,5865],[50,-11]],[[7073,5854],[11,-36]],[[3950,5909],[-50,11]],[[3900,5920],[-11,35]],[[3929,5980],[50,-10]],[[3990,5934],[-40,-25]],[[1617,7985],[40,25]],[[1657,8010],[50,-11],[11,-35],[-39,-25],[-51,10],[-11,36]],[[6260,8851],[-51,10]],[[6209,8861],[-11,36]],[[6198,8897],[40,25]],[[6238,8922],[51,-11]],[[6299,8876],[-39,-25]],[[2587,5295],[-50,11]],[[2537,5306],[-11,35]],[[2526,5341],[39,25],[50,-10],[11,-36],[-39,-25]],[[4240,6348],[-50,10]],[[4190,6358],[-11,35]],[[4179,6393],[39,25]],[[4218,6418],[51,-10],[10,-35]],[[6239,9851],[-51,10]],[[6188,9861],[-11,36],[40,25],[51,-11]],[[6278,9876],[-39,-25]],[[2470,7511],[-50,10]],[[2420,7521],[-11,36]],[[2409,7557],[40,25]],[[2449,7582],[50,-11]],[[2499,7571],[11,-35]],[[2510,7536],[-40,-25]],[[5630,4559],[-51,11]],[[5579,4570],[-10,35]],[[5569,4605],[39,25]],[[5608,4630],[50,-10]],[[5658,4620],[11,-36]],[[5669,4584],[-39,-25]],[[2870,6366],[-11,36]],[[2859,6402],[39,25]],[[2898,6427],[50,-11]],[[2959,6381],[-39,-25]],[[3673,4969],[-50,11]],[[3623,4980],[-11,35]],[[3612,5015],[39,25]],[[3651,5040],[50,-10]],[[1662,6317],[-51,10]],[[1611,6327],[-11,36],[40,25]],[[1640,6388],[50,-10]],[[1690,6378],[11,-36]],[[1701,6342],[-39,-25]],[[5561,4940],[-50,11]],[[5511,4951],[-11,35]],[[5540,5011],[50,-10]],[[5590,5001],[11,-36]],[[5601,4965],[-40,-25]],[[4557,5616],[-50,11]],[[4535,5687],[50,-10],[11,-36]],[[4596,5641],[-39,-25]],[[5146,4761],[-50,10]],[[5096,4771],[-11,36]],[[5085,4807],[39,25]],[[5124,4832],[50,-10]],[[5185,4786],[-39,-25]],[[7301,4940],[-50,10],[-11,36]],[[7240,4986],[40,25]],[[7280,5011],[50,-11]],[[7330,5000],[11,-35]],[[7341,4965],[-40,-25]],[[4195,3562],[-11,35]],[[4184,3597],[40,26]],[[4224,3623],[50,-11]],[[4274,3612],[10,-36]],[[4284,3576],[-39,-25]],[[5726,4239],[-50,11]],[[5665,4285],[40,25]],[[5705,4310],[50,-10]],[[5755,4300],[11,-36]],[[5766,4264],[-40,-25]],[[3998,3903],[-51,11]],[[3947,3914],[-10,35]],[[3937,3949],[39,25]],[[3976,3974],[50,-10]],[[4026,3964],[11,-36]],[[4037,3928],[-39,-25]],[[2732,6660],[-50,11]],[[2682,6671],[-11,35]],[[2671,6706],[39,25]],[[2710,6731],[51,-10]],[[2761,6721],[11,-36]],[[7077,4120],[-50,11]],[[7016,4166],[40,25]],[[7056,4191],[50,-10]],[[7117,4145],[-40,-25]],[[1845,6180],[-50,10]],[[1795,6190],[-11,35]],[[1784,6225],[39,26]],[[1823,6251],[50,-11]],[[1873,6240],[11,-35]],[[3697,3966],[-50,11],[-11,35],[39,25]],[[3675,4037],[50,-10]],[[3725,4027],[11,-36]],[[3736,3991],[-39,-25]],[[8808,4620],[-51,11]],[[8747,4666],[39,25]],[[8836,4680],[11,-35]],[[8847,4645],[-39,-25]],[[6243,5329],[-50,11]],[[6193,5340],[-11,36]],[[6182,5376],[39,25]],[[6272,5390],[10,-36]],[[6282,5354],[-39,-25]],[[4248,6013],[-50,11]],[[4198,6024],[-11,35]],[[4187,6059],[39,25]],[[4226,6084],[50,-10]],[[4276,6074],[11,-36]],[[4287,6038],[-39,-25]],[[6955,4213],[-50,10]],[[6905,4223],[-10,36]],[[6895,4259],[39,25]],[[6934,4284],[50,-11]],[[6984,4273],[11,-35]],[[6995,4238],[-40,-25]],[[3653,5805],[-50,10]],[[3603,5815],[-11,36]],[[3592,5851],[39,25]],[[3631,5876],[50,-11]],[[3681,5865],[11,-35]],[[5959,5023],[-10,35]],[[5949,5058],[39,25]],[[5988,5083],[50,-10]],[[6038,5073],[11,-36]],[[6049,5037],[-39,-25]],[[1605,6196],[-50,10]],[[1555,6206],[-11,36],[39,25]],[[1583,6267],[50,-11]],[[1633,6256],[11,-35]],[[1644,6221],[-39,-25]],[[4104,4480],[-50,11]],[[4054,4491],[-11,35]],[[4082,4551],[50,-10]],[[4132,4541],[11,-36]],[[4143,4505],[-39,-25]],[[4446,5207],[-50,11]],[[4396,5218],[-11,35]],[[4385,5253],[40,25]],[[4425,5278],[50,-10]],[[4475,5268],[11,-36]],[[4486,5232],[-40,-25]],[[9312,4980],[-50,10]],[[9262,4990],[-11,36]],[[9251,5026],[40,25]],[[9341,5040],[10,-36]],[[9351,5004],[-39,-24]],[[4985,3895],[-50,11]],[[4935,3906],[-11,36]],[[4924,3942],[40,25]],[[4964,3967],[50,-11]],[[5014,3956],[11,-36]],[[5476,3359],[-50,10]],[[5426,3369],[-11,36]],[[5415,3405],[39,25]],[[5454,3430],[50,-11]],[[5504,3419],[11,-35]],[[5515,3384],[-39,-25]],[[6120,4023],[-50,10]],[[6070,4033],[-11,36]],[[6059,4069],[40,25]],[[6149,4083],[11,-35]],[[6160,4048],[-40,-25]],[[4038,5159],[-11,36]],[[4066,5220],[51,-11]],[[4117,5209],[10,-35]],[[4127,5174],[-39,-25]],[[9343,5507],[-11,35]],[[9332,5542],[40,25]],[[9422,5556],[11,-35]],[[9433,5521],[-40,-25]],[[6575,3760],[-50,10]],[[6525,3770],[-11,36]],[[6514,3806],[40,25]],[[6554,3831],[50,-11]],[[6604,3820],[10,-35]],[[6614,3785],[-39,-25]],[[4524,3559],[-11,36]],[[4513,3595],[40,25]],[[4613,3574],[-39,-25]],[[5389,5975],[-50,10]],[[5339,5985],[-11,36]],[[5328,6021],[39,25]],[[5367,6046],[51,-11]],[[5418,6035],[10,-35]],[[5428,6000],[-39,-25]],[[4521,5890],[39,25]],[[4560,5915],[50,-10]],[[4610,5905],[11,-36],[-39,-25],[-51,11],[-10,35]],[[2774,4990],[-50,11],[-11,35]],[[2713,5036],[39,25]],[[2752,5061],[51,-10]],[[2803,5051],[10,-36]],[[2813,5015],[-39,-25]],[[4427,6043],[-50,10]],[[4377,6053],[-11,36]],[[4456,6103],[11,-35]],[[4467,6068],[-40,-25]],[[7795,5802],[-50,10]],[[7745,5812],[-11,36]],[[7734,5848],[40,25]],[[7774,5873],[50,-11]],[[7824,5862],[10,-36]],[[7834,5826],[-39,-24]],[[6213,9624],[-50,10]],[[6163,9634],[-11,36]],[[6152,9670],[40,25]],[[6192,9695],[50,-11]],[[6242,9684],[11,-35]],[[6253,9649],[-40,-25]],[[3790,3813],[-50,11],[-11,35],[40,25]],[[3769,3884],[50,-10]],[[3819,3874],[11,-36]],[[3830,3838],[-40,-25]],[[7497,4131],[-51,11]],[[7446,4142],[-10,36]],[[7436,4178],[39,25]],[[7475,4203],[50,-11],[11,-36],[-39,-25]],[[5179,3721],[50,-10]],[[5229,3711],[11,-36]],[[5240,3675],[-40,-25],[-50,11]],[[4778,3806],[-50,10]],[[4728,3816],[-11,36]],[[4717,3852],[39,25]],[[4756,3877],[50,-11]],[[4806,3866],[11,-35]],[[4817,3831],[-39,-25]],[[2297,6086],[-50,11]],[[2247,6097],[-11,35]],[[2236,6132],[39,25]],[[2275,6157],[50,-10]],[[2336,6111],[-39,-25]],[[5120,5931],[-50,11]],[[5070,5942],[-11,35]],[[5059,5977],[39,25]],[[5098,6002],[50,-10]],[[5148,5992],[11,-36]],[[5159,5956],[-39,-25]],[[8894,4802],[-50,10]],[[8844,4812],[-10,36],[39,25]],[[8873,4873],[50,-11]],[[8923,4862],[11,-36]],[[8934,4826],[-40,-24]],[[2594,6191],[-50,10]],[[2544,6201],[-11,36]],[[2533,6237],[39,25]],[[2572,6262],[51,-11]],[[2623,6251],[10,-35]],[[2633,6216],[-39,-25]],[[2907,6857],[-50,10]],[[2857,6867],[-11,35]],[[2846,6902],[39,25]],[[2885,6927],[51,-10]],[[2947,6882],[-40,-25]],[[7509,5029],[-50,10]],[[7459,5039],[-11,36]],[[7448,5075],[40,25]],[[7488,5100],[50,-11]],[[7538,5089],[11,-35]],[[2264,6193],[-50,10]],[[2214,6203],[-11,35]],[[2203,6238],[39,26]],[[2242,6264],[51,-11]],[[2293,6253],[11,-35]],[[2304,6218],[-40,-25]],[[3384,6990],[-50,11]],[[3334,7001],[-11,35]],[[3323,7036],[39,25]],[[3362,7061],[51,-10]],[[3413,7051],[11,-36]],[[3424,7015],[-40,-25]],[[5500,4986],[-50,11]],[[5439,5032],[40,25]],[[5529,5047],[11,-36]],[[5540,5011],[-40,-25]],[[4656,3898],[-50,11]],[[4606,3909],[-11,35]],[[4595,3944],[39,25]],[[4634,3969],[51,-10]],[[4685,3959],[10,-36]],[[4695,3923],[-39,-25]],[[5461,5427],[-50,11]],[[5411,5438],[-11,35]],[[5400,5473],[39,25]],[[5439,5498],[51,-10]],[[5490,5488],[10,-36]],[[5500,5452],[-39,-25]],[[6607,3653],[-50,11]],[[6557,3664],[-11,35]],[[6546,3699],[40,25]],[[6586,3724],[50,-10]],[[6636,3714],[11,-36]],[[6647,3678],[-40,-25]],[[8836,4680],[-50,11]],[[8786,4691],[-10,36]],[[8815,4752],[50,-11]],[[8865,4741],[11,-36]],[[8876,4705],[-40,-25]],[[2512,5078],[51,-10]],[[2563,5068],[11,-36]],[[2574,5032],[-40,-25],[-50,10],[-11,36]],[[6322,5845],[-50,11]],[[6351,5906],[11,-36]],[[6362,5870],[-40,-25]],[[2436,8082],[-11,35]],[[2425,8117],[39,25]],[[2464,8142],[51,-10]],[[2515,8132],[11,-35]],[[2526,8097],[-40,-25]],[[5288,6461],[-50,11]],[[5238,6472],[-11,35]],[[5227,6507],[40,25]],[[5267,6532],[50,-10]],[[5317,6522],[11,-36]],[[5328,6486],[-40,-25]],[[4027,5195],[-50,10]],[[3977,5205],[-11,36]],[[3966,5241],[39,25]],[[4005,5266],[51,-11]],[[4056,5255],[10,-35]],[[4066,5220],[-39,-25]],[[2709,7959],[-11,36]],[[2698,7995],[40,25]],[[2738,8020],[50,-11]],[[2788,8009],[11,-35]],[[2799,7974],[-39,-25]],[[3693,4133],[-50,11]],[[3643,4144],[-11,35]],[[3632,4179],[39,25]],[[3671,4204],[50,-10]],[[3732,4158],[-39,-25]],[[2904,5794],[-50,11],[-11,35]],[[2882,5865],[50,-10]],[[2932,5855],[11,-36]],[[2943,5819],[-39,-25]],[[4812,4931],[-50,10]],[[4762,4941],[-11,36]],[[4791,5002],[50,-11]],[[4841,4991],[11,-35]],[[4852,4956],[-40,-25]],[[3584,6185],[-50,10]],[[3534,6195],[-11,36]],[[3523,6231],[39,25]],[[3562,6256],[50,-11]],[[3612,6245],[11,-35]],[[4446,5673],[-11,35]],[[4435,5708],[39,25],[50,-10],[11,-36]],[[4535,5687],[-39,-25]],[[1889,8327],[-11,35]],[[1878,8362],[39,25]],[[1917,8387],[50,-10]],[[1967,8377],[11,-35]],[[2561,6297],[-50,11]],[[2511,6308],[-11,35]],[[2500,6343],[40,25]],[[2540,6368],[50,-10]],[[2601,6322],[-40,-25]],[[4650,2833],[-50,10]],[[4600,2843],[-11,36]],[[4679,2894],[10,-36]],[[4689,2858],[-39,-25]],[[3346,6500],[-11,35]],[[3335,6535],[40,26]],[[3375,6561],[50,-11]],[[6753,5821],[-11,36]],[[6742,5857],[40,25]],[[6782,5882],[50,-11]],[[6832,5871],[11,-35]],[[6843,5836],[-40,-25]],[[3735,6154],[-51,10]],[[3673,6199],[40,26]],[[3713,6225],[50,-11]],[[3763,6214],[11,-35]],[[3774,6179],[-39,-25]],[[3734,7847],[-11,36]],[[3723,7883],[40,25]],[[3763,7908],[50,-10]],[[3813,7898],[11,-36]],[[3824,7862],[-40,-25],[-50,10]],[[4894,5280],[-50,10]],[[4844,5290],[-11,36]],[[4833,5326],[40,25]],[[4873,5351],[50,-11]],[[4923,5340],[11,-35]],[[6249,3595],[-50,11]],[[6199,3606],[-11,36]],[[6188,3642],[40,25]],[[6278,3656],[10,-36]],[[6288,3620],[-39,-25]],[[7952,5435],[-50,11]],[[7902,5446],[-11,35]],[[7931,5506],[50,-10]],[[7981,5496],[11,-36]],[[7992,5460],[-40,-25]],[[3205,5732],[-50,10]],[[3155,5742],[-11,36]],[[3144,5778],[39,25]],[[3183,5803],[51,-11]],[[3234,5792],[10,-35]],[[3244,5757],[-39,-25]],[[5730,4072],[-50,10]],[[5680,4082],[-11,36]],[[5669,4118],[39,25]],[[5708,4143],[51,-11]],[[5759,4132],[10,-35]],[[5769,4097],[-39,-25]],[[3462,6277],[-51,10]],[[3411,6287],[-11,36]],[[3400,6323],[40,25]],[[3440,6348],[50,-11]],[[3490,6337],[11,-35]],[[3501,6302],[-39,-25]],[[4664,3563],[-51,11]],[[4613,3574],[-10,35]],[[4642,3634],[50,-10]],[[4692,3624],[11,-36]],[[4703,3588],[-39,-25]],[[4009,5099],[-10,35]],[[3999,5134],[39,25]],[[4038,5159],[50,-10]],[[4088,5149],[11,-36]],[[4099,5113],[-39,-25]],[[6729,3560],[-50,11]],[[6679,3571],[-11,36]],[[6668,3607],[39,25]],[[6707,3632],[51,-11]],[[6758,3621],[10,-36],[-39,-25]],[[4112,5842],[-11,36]],[[4101,5878],[39,25]],[[4140,5903],[51,-11]],[[4191,5892],[10,-35]],[[4201,5857],[-39,-25]],[[4473,6665],[-51,10]],[[4422,6675],[-10,36],[39,25],[50,-11]],[[4501,6725],[11,-35]],[[4512,6690],[-39,-25]],[[8718,4606],[-50,10]],[[8657,4652],[39,25]],[[8696,4677],[51,-11]],[[8747,4666],[10,-35]],[[8757,4631],[-39,-25]],[[4317,5633],[-51,11]],[[4266,5644],[-10,35]],[[4295,5704],[50,-10]],[[4345,5694],[11,-36]],[[4356,5658],[-39,-25]],[[9486,5343],[-50,10]],[[9436,5353],[-11,36]],[[9425,5389],[40,25]],[[9465,5414],[50,-11]],[[9515,5403],[11,-35]],[[9526,5368],[-40,-25]],[[6278,3656],[-50,11]],[[6228,3667],[-11,35]],[[6217,3702],[39,25]],[[6256,3727],[50,-10]],[[6306,3717],[11,-36]],[[6317,3681],[-39,-25]],[[1878,6073],[-50,11]],[[1828,6084],[-11,35]],[[1817,6119],[39,25]],[[1906,6134],[11,-36]],[[1917,6098],[-39,-25]],[[9788,5279],[-51,10]],[[9737,5289],[-10,36]],[[9727,5325],[39,25]],[[9766,5350],[51,-11]],[[9817,5339],[10,-36],[-39,-24]],[[3685,5698],[-50,11]],[[3635,5709],[-11,35]],[[3624,5744],[40,25]],[[3714,5759],[11,-36]],[[3725,5723],[-40,-25]],[[8590,8962],[-40,-25],[-51,11],[-10,35],[40,25],[50,-10]],[[6871,5430],[-50,11]],[[6821,5441],[-11,35]],[[6810,5476],[40,25]],[[6850,5501],[50,-10]],[[6900,5491],[11,-36]],[[6911,5455],[-40,-25]],[[3811,4209],[39,25]],[[3900,4223],[11,-35],[-39,-26],[-50,11]],[[3766,4817],[-50,10]],[[3716,4827],[-11,36]],[[3705,4863],[40,25]],[[3745,4888],[50,-11]],[[3795,4877],[11,-35]],[[3806,4842],[-40,-25]],[[4679,2894],[-50,10]],[[4618,2940],[39,25]],[[4657,2965],[50,-11]],[[4707,2954],[11,-35]],[[4718,2919],[-39,-25]],[[6074,4799],[-50,10]],[[6024,4809],[-11,36]],[[6013,4845],[40,25]],[[6053,4870],[50,-11]],[[6103,4859],[11,-35]],[[6114,4824],[-40,-25]],[[3884,3661],[-50,10],[-11,36]],[[3823,3707],[39,25]],[[3862,3732],[50,-11]],[[3912,3721],[11,-35]],[[3923,3686],[-39,-25]],[[5849,8803],[-11,36]],[[5838,8839],[40,25]],[[5878,8864],[50,-11],[11,-35],[-40,-25],[-50,10]],[[3018,4807],[-50,10],[-11,36]],[[2957,4853],[39,25]],[[2996,4878],[51,-11]],[[3047,4867],[10,-35]],[[3057,4832],[-39,-25]],[[6466,9572],[-11,35]],[[6455,9607],[40,25]],[[6495,9632],[50,-11]],[[6545,9621],[11,-35]],[[6556,9586],[-40,-25],[-50,11]],[[3602,4585],[-10,35]],[[3592,4620],[39,26]],[[3631,4646],[50,-11]],[[3681,4635],[11,-36]],[[3692,4599],[-40,-25]],[[3429,5153],[-50,11]],[[3379,5164],[-11,35]],[[3368,5199],[39,25]],[[3407,5224],[50,-10]],[[3468,5178],[-39,-25]],[[4485,3534],[39,25]],[[4524,3559],[50,-10]],[[4574,3549],[11,-36]],[[7968,4598],[-51,11],[-10,36]],[[7907,4645],[39,25]],[[7946,4670],[50,-11]],[[7996,4659],[11,-36]],[[8007,4623],[-39,-25]],[[5582,9522],[-50,11]],[[5532,9533],[-11,35]],[[5521,9568],[40,25]],[[5561,9593],[50,-10]],[[5611,9583],[11,-36]],[[4407,3018],[-50,10],[-11,36],[39,25]],[[4385,3089],[50,-11]],[[4446,3043],[-39,-25]],[[4496,3032],[-50,11]],[[4446,3043],[-11,35]],[[4435,3078],[40,25]],[[4475,3103],[50,-10]],[[4525,3093],[11,-36]],[[4536,3057],[-40,-25]],[[5741,3569],[-50,11]],[[5680,3616],[39,25]],[[5719,3641],[50,-11]],[[5769,3630],[11,-35]],[[5780,3595],[-39,-26]],[[9364,5435],[-50,11]],[[9314,5446],[-11,36]],[[9303,5482],[40,25]],[[9343,5507],[50,-11]],[[9393,5496],[11,-36]],[[9404,5460],[-40,-25]],[[8567,4638],[-50,10]],[[8517,4648],[-11,36]],[[8506,4684],[40,25]],[[8596,4698],[11,-35]],[[6800,5978],[-50,11]],[[6750,5989],[-11,35]],[[6739,6024],[40,25],[50,-10]],[[6829,6039],[11,-36]],[[6840,6003],[-40,-25]],[[6874,5263],[-50,11]],[[6824,5274],[-10,35]],[[6814,5309],[39,25]],[[6853,5334],[50,-10]],[[6903,5324],[11,-36]],[[6914,5288],[-40,-25]],[[5335,6152],[-11,36]],[[5324,6188],[40,25]],[[5364,6213],[50,-11]],[[5414,6202],[11,-35],[-40,-25]],[[4310,3338],[-50,10]],[[4260,3348],[-11,36]],[[4249,3384],[39,25]],[[4288,3409],[50,-10]],[[4338,3399],[11,-36]],[[4349,3363],[-39,-25]],[[2887,6462],[-50,11]],[[2837,6473],[-11,35]],[[2826,6508],[39,25]],[[2865,6533],[51,-10]],[[2916,6523],[10,-36]],[[2926,6487],[-39,-25]],[[7164,8828],[-50,11]],[[7114,8839],[-11,35]],[[7143,8899],[50,-10]],[[7204,8853],[-40,-25]],[[6092,5361],[-50,11]],[[6042,5372],[-11,35]],[[6031,5407],[40,25]],[[6071,5432],[50,-10]],[[6121,5422],[11,-36]],[[6132,5386],[-40,-25]],[[6379,4568],[-50,11]],[[6329,4579],[-11,35]],[[6357,4639],[50,-10]],[[6407,4629],[11,-36]],[[6418,4593],[-39,-25]],[[4124,4875],[-50,11]],[[4074,4886],[-11,35]],[[4153,4936],[11,-36]],[[4164,4900],[-40,-25]],[[5683,9037],[-50,10],[-11,36]],[[5622,9083],[40,25]],[[5662,9108],[50,-11]],[[5712,9097],[11,-35]],[[5723,9062],[-40,-25]],[[3747,6882],[-50,10]],[[3697,6892],[-11,36]],[[3686,6928],[39,25]],[[3725,6953],[51,-11]],[[3776,6942],[11,-35],[-40,-25]],[[6319,6013],[-50,10]],[[6269,6023],[-11,36]],[[6258,6059],[39,25]],[[6297,6084],[51,-11]],[[6348,6073],[10,-35]],[[6358,6038],[-39,-25]],[[6872,3863],[-50,11]],[[6812,3910],[39,25]],[[6851,3935],[50,-11]],[[6901,3924],[11,-36]],[[6912,3888],[-40,-25]],[[4384,4022],[-50,10]],[[4362,4093],[50,-11]],[[4412,4082],[11,-35]],[[4423,4047],[-39,-25]],[[5863,9531],[-10,35]],[[5892,9591],[51,-11]],[[5943,9580],[11,-35],[-40,-25],[-51,11]],[[6225,4767],[-51,11],[-10,35]],[[6164,4813],[39,25]],[[6253,4828],[11,-36]],[[6264,4792],[-39,-25]],[[2002,6280],[-11,35]],[[1991,6315],[40,25]],[[2031,6340],[50,-10]],[[2081,6330],[11,-35]],[[2092,6295],[-40,-25]],[[4154,6166],[-50,10]],[[4104,6176],[-11,36]],[[4093,6212],[40,25]],[[4133,6237],[50,-11]],[[4183,6226],[11,-35]],[[4194,6191],[-40,-25]],[[7718,5118],[-50,11]],[[7668,5129],[-11,35]],[[7657,5164],[39,25]],[[7696,5189],[51,-10]],[[7757,5143],[-39,-25]],[[5131,5430],[-50,10]],[[5081,5440],[-11,36]],[[5070,5476],[39,25]],[[5109,5501],[51,-11]],[[5160,5490],[10,-35]],[[5170,5455],[-39,-25]],[[4021,4597],[-11,36]],[[4010,4633],[40,25]],[[4050,4658],[50,-11]],[[4100,4647],[11,-35]],[[4111,4612],[-40,-25]],[[3132,5049],[-50,10]],[[3082,5059],[-11,36]],[[3071,5095],[39,25]],[[3110,5120],[50,-11]],[[3160,5109],[11,-35]],[[3171,5074],[-39,-25]],[[2680,5143],[-50,10]],[[2630,5153],[-11,36]],[[2619,5189],[40,25]],[[2659,5214],[50,-11],[11,-35]],[[2720,5168],[-40,-25]],[[3587,7712],[-11,35]],[[3576,7747],[40,25]],[[3616,7772],[50,-10],[11,-35],[-40,-25],[-50,10]],[[7993,4826],[-50,11]],[[7932,4873],[40,24]],[[7972,4897],[50,-10]],[[8022,4887],[11,-36]],[[7055,5758],[-11,35]],[[7044,5793],[40,25]],[[7084,5818],[50,-10]],[[7134,5808],[11,-36]],[[7145,5772],[-40,-25]],[[4734,4414],[-50,11]],[[4684,4425],[-11,36]],[[4673,4461],[40,25]],[[4713,4486],[50,-11]],[[4763,4475],[10,-35]],[[4930,5006],[-50,10]],[[4880,5016],[-11,36]],[[4869,5052],[40,25]],[[4909,5077],[50,-11]],[[4959,5066],[11,-35]],[[4970,5031],[-40,-25]],[[3844,5333],[-50,10]],[[3794,5343],[-11,36]],[[3783,5379],[39,25]],[[3822,5404],[51,-11]],[[3712,4994],[-11,36]],[[3701,5030],[40,25]],[[3741,5055],[50,-10]],[[3791,5045],[11,-36]],[[3802,5009],[-40,-25]],[[1972,5921],[-51,10]],[[1921,5931],[-10,36]],[[1911,5967],[39,25]],[[1950,5992],[50,-10]],[[2011,5946],[-39,-25]],[[5493,5321],[-50,10]],[[5443,5331],[-11,36]],[[5432,5367],[40,25]],[[5472,5392],[50,-11]],[[5522,5381],[11,-35]],[[5533,5346],[-40,-25]],[[4827,4262],[-50,10]],[[4777,4272],[-11,36]],[[4766,4308],[40,25]],[[4806,4333],[50,-11]],[[4867,4287],[-40,-25]],[[4416,3915],[-50,11]],[[4366,3926],[-11,35]],[[4355,3961],[40,25]],[[4395,3986],[50,-10]],[[4445,3976],[11,-36]],[[4456,3940],[-40,-25]],[[4189,4662],[-50,10]],[[4139,4672],[-11,36]],[[4128,4708],[40,25]],[[4229,4687],[-40,-25]],[[3649,5972],[-50,10]],[[3599,5982],[-11,36]],[[3588,6018],[39,25]],[[3627,6043],[50,-11]],[[3677,6032],[11,-35]],[[3688,5997],[-39,-25]],[[5654,9441],[51,-10]],[[5705,9431],[11,-36],[-40,-25],[-51,11],[-10,35],[39,25]],[[5018,3789],[-51,10]],[[4967,3799],[-10,36]],[[4957,3835],[39,25]],[[5046,3849],[11,-35]],[[5057,3814],[-39,-25]],[[5308,9645],[-50,11]],[[5258,9656],[-11,35]],[[5247,9691],[39,25]],[[5286,9716],[51,-10]],[[5337,9706],[11,-36]],[[5348,9670],[-40,-25]],[[3661,6700],[-50,11]],[[3611,6711],[-11,35]],[[3600,6746],[40,25]],[[3640,6771],[50,-10]],[[3690,6761],[11,-36]],[[3701,6725],[-40,-25]],[[5558,3708],[-50,11],[-11,35],[40,25]],[[5537,3779],[50,-10]],[[5587,3769],[10,-36]],[[5597,3733],[-39,-25]],[[4456,6103],[-51,11]],[[4395,6149],[39,25]],[[4434,6174],[50,-10]],[[4484,6164],[11,-36]],[[4495,6128],[-39,-25]],[[8578,5702],[-50,11]],[[8528,5713],[-11,36]],[[8517,5749],[40,25]],[[8557,5774],[50,-11]],[[8607,5763],[11,-36]],[[8618,5727],[-40,-25]],[[7804,5300],[-50,10]],[[7754,5310],[-11,36]],[[7743,5346],[40,25]],[[7783,5371],[50,-11]],[[7844,5325],[-40,-25]],[[4751,4977],[-50,10]],[[4701,4987],[-11,36]],[[4690,5023],[40,25]],[[4730,5048],[50,-11]],[[4780,5037],[11,-35]],[[4791,5002],[-40,-25]],[[5167,5156],[-50,10]],[[5117,5166],[-11,36]],[[5106,5202],[39,25]],[[5145,5227],[51,-10]],[[5196,5217],[10,-36]],[[5206,5181],[-39,-25]],[[5006,4291],[-50,10]],[[4945,4337],[40,25]],[[4985,4362],[50,-11]],[[5035,4351],[11,-35]],[[5046,4316],[-40,-25]],[[240,5747],[-50,10]],[[190,5757],[-11,36]],[[179,5793],[39,25]],[[218,5818],[50,-11]],[[268,5807],[11,-35]],[[279,5772],[-39,-25]],[[2985,6143],[-50,10]],[[2935,6153],[-11,36]],[[2924,6189],[39,25]],[[2963,6214],[51,-10]],[[3014,6204],[10,-36]],[[3024,6168],[-39,-25]],[[4043,4526],[-50,11]],[[3993,4537],[-11,35]],[[3982,4572],[39,25]],[[4021,4597],[50,-10]],[[4071,4587],[11,-36]],[[4082,4551],[-39,-25]],[[4414,5314],[-50,10]],[[4364,5324],[-11,36]],[[4353,5360],[39,25]],[[4392,5385],[51,-11]],[[4443,5374],[10,-35]],[[4453,5339],[-39,-25]],[[5691,3113],[-51,11]],[[5640,3124],[-10,35]],[[5630,3159],[39,26]],[[5669,3185],[50,-11]],[[5719,3174],[11,-36]],[[5730,3138],[-39,-25]],[[4951,2770],[39,25]],[[4990,2795],[50,-11]],[[5040,2784],[11,-36],[-40,-25],[-50,11],[-10,36]],[[1727,6104],[-50,11]],[[1677,6115],[-11,35]],[[1666,6150],[39,25]],[[1705,6175],[51,-10]],[[1756,6165],[10,-36]],[[1766,6129],[-39,-25]],[[5409,9625],[-11,35]],[[5398,9660],[40,25]],[[5438,9685],[50,-10]],[[5488,9675],[11,-36]],[[5499,9639],[-39,-25]],[[2016,8069],[-11,35]],[[2005,8104],[39,25]],[[2044,8129],[50,-10]],[[2094,8119],[11,-36]],[[2105,8083],[-39,-25],[-50,11]],[[8776,4727],[-51,10]],[[8725,4737],[-10,36]],[[8715,4773],[39,25]],[[8754,4798],[51,-11]],[[8805,4787],[10,-35]],[[8815,4752],[-39,-25]],[[3900,4223],[-50,11]],[[3850,4234],[-11,35]],[[3839,4269],[40,25],[50,-10],[11,-36],[-40,-25]],[[3696,4432],[-11,36]],[[3685,4468],[39,25]],[[3724,4493],[50,-11]],[[3774,4482],[11,-35]],[[3785,4447],[-39,-25],[-50,10]],[[4795,4368],[-50,11]],[[4745,4379],[-11,35]],[[4734,4414],[39,26]],[[4773,4440],[51,-11]],[[4824,4429],[10,-36]],[[4834,4393],[-39,-25]],[[4403,3185],[-50,11]],[[4353,3196],[-11,35]],[[4342,3231],[39,25]],[[4381,3256],[51,-10]],[[4432,3246],[10,-36]],[[4442,3210],[-39,-25]],[[4273,4078],[-11,36]],[[4262,4114],[39,25]],[[4301,4139],[50,-10]],[[4351,4129],[11,-36]],[[4362,4093],[-39,-25]],[[2614,6585],[-50,11]],[[2564,6596],[-11,35]],[[2553,6631],[39,25]],[[2592,6656],[51,-10]],[[2643,6646],[10,-36]],[[2653,6610],[-39,-25]],[[3702,6260],[-50,10]],[[3652,6270],[-11,36]],[[3641,6306],[39,25]],[[3680,6331],[51,-10]],[[3731,6321],[10,-36]],[[3741,6285],[-39,-25]],[[4063,4921],[-50,11]],[[4013,4932],[-11,35]],[[4002,4967],[40,25]],[[4042,4992],[50,-10]],[[4103,4946],[-40,-25]],[[2443,6222],[-50,10]],[[2393,6232],[-11,36]],[[2382,6268],[40,25]],[[2422,6293],[50,-10]],[[2472,6283],[11,-36]],[[2483,6247],[-40,-25]],[[3714,5759],[-50,10]],[[3664,5769],[-11,36]],[[3653,5805],[39,25]],[[3692,5830],[51,-11]],[[3743,5819],[10,-35]],[[3753,5784],[-39,-25]],[[2651,6312],[-50,10]],[[2601,6322],[-11,36]],[[2590,6358],[39,25]],[[2679,6372],[11,-35]],[[2690,6337],[-39,-25]],[[4254,4449],[-50,10]],[[4204,4459],[-11,36]],[[4193,4495],[40,25]],[[4283,4509],[11,-35]],[[4294,4474],[-40,-25]],[[6714,8756],[-51,11]],[[6653,8802],[39,25]],[[6692,8827],[51,-10]],[[6743,8817],[10,-36]],[[6753,8781],[-39,-25]],[[3213,7856],[-51,10]],[[3162,7866],[-10,35]],[[3152,7901],[39,25]],[[3191,7926],[50,-10]],[[3252,7881],[-39,-25]],[[4580,4613],[-50,11]],[[4530,4624],[-11,35]],[[4519,4659],[39,25]],[[4558,4684],[50,-10]],[[4608,4674],[11,-36]],[[4619,4638],[-39,-25]],[[6080,3064],[-50,11]],[[6030,3075],[-10,35]],[[6020,3110],[39,25]],[[6109,3125],[11,-36]],[[6120,3089],[-40,-25]],[[2939,7978],[-50,11]],[[2889,7989],[-11,35]],[[2878,8024],[39,25]],[[2917,8049],[51,-10]],[[2968,8039],[11,-36]],[[2979,8003],[-40,-25]],[[3445,5715],[-50,11]],[[3395,5726],[-11,35]],[[3384,5761],[40,25]],[[3424,5786],[50,-10]],[[3485,5740],[-40,-25]],[[5637,4225],[-50,10]],[[5587,4235],[-11,36]],[[5576,4271],[39,25]],[[5615,4296],[50,-11]],[[5665,4285],[11,-35]],[[5676,4250],[-39,-25]],[[8378,5111],[-50,11]],[[8328,5122],[-10,36]],[[8318,5158],[39,25]],[[8357,5183],[50,-11]],[[8407,5172],[11,-36]],[[8418,5136],[-40,-25]],[[2024,6209],[-50,10]],[[1974,6219],[-11,36]],[[1963,6255],[39,25]],[[2002,6280],[50,-10]],[[2052,6270],[11,-36]],[[2063,6234],[-39,-25]],[[6648,4611],[-51,11]],[[6597,4622],[-10,35]],[[6587,4657],[39,25]],[[6626,4682],[50,-10]],[[6676,4672],[11,-36]],[[6687,4636],[-39,-25]],[[6106,3759],[-11,36]],[[6095,3795],[40,25]],[[6135,3820],[50,-11]],[[6185,3809],[10,-36]],[[6195,3773],[-39,-25]],[[6695,5234],[-50,11]],[[6634,5280],[40,25]],[[6724,5295],[11,-36]],[[6735,5259],[-40,-25]],[[5178,4654],[-50,11]],[[5128,4665],[-11,35]],[[5117,4700],[39,25]],[[5156,4725],[51,-10]],[[5207,4715],[10,-36]],[[5217,4679],[-39,-25]],[[6783,3849],[-50,11]],[[6733,3860],[-11,35]],[[6722,3895],[39,25]],[[6761,3920],[51,-10]],[[6812,3910],[10,-36]],[[6822,3874],[-39,-25]],[[3372,5032],[-50,11]],[[3322,5043],[-11,35]],[[3311,5078],[39,25]],[[3350,5103],[50,-10]],[[3400,5093],[11,-36]],[[3411,5057],[-39,-25]],[[2048,6436],[-50,11]],[[1998,6447],[-11,35]],[[1987,6482],[39,25]],[[2026,6507],[51,-10]],[[2077,6497],[10,-35]],[[2087,6462],[-39,-26]],[[7170,3967],[-50,11],[-11,35]],[[7109,4013],[40,25]],[[7149,4038],[50,-10]],[[7199,4028],[11,-36]],[[7210,3992],[-40,-25]],[[9181,5574],[-50,11]],[[9131,5585],[-10,36]],[[9121,5621],[39,25]],[[9210,5635],[11,-36]],[[9221,5599],[-40,-25]],[[7317,5669],[-50,11]],[[7267,5680],[-11,35]],[[7256,5715],[39,25]],[[7295,5740],[51,-10]],[[7346,5730],[10,-36]],[[7356,5694],[-39,-25]],[[2408,5266],[-50,10],[-11,36],[39,25]],[[2386,5337],[50,-11]],[[2436,5326],[11,-35]],[[2447,5291],[-39,-25]],[[8260,5037],[-51,10]],[[8209,5047],[-10,36]],[[8199,5083],[39,25]],[[8238,5108],[51,-11]],[[8289,5097],[10,-36]],[[2133,6618],[-50,10]],[[2083,6628],[-11,36]],[[2072,6664],[40,25]],[[2112,6689],[50,-10]],[[2162,6679],[11,-36]],[[2173,6643],[-40,-25]],[[6533,4369],[-51,10]],[[6482,4379],[-10,36]],[[6472,4415],[39,25]],[[6511,4440],[50,-11]],[[6561,4429],[11,-35]],[[6572,4394],[-39,-25]],[[8523,5414],[-50,11]],[[8473,5425],[-11,35]],[[8462,5460],[40,25]],[[8502,5485],[50,-10]],[[8552,5475],[11,-36]],[[8563,5439],[-40,-25]],[[2731,7888],[-50,11]],[[2681,7899],[-11,35]],[[2670,7934],[39,25]],[[2709,7959],[51,-10]],[[2760,7949],[11,-35]],[[2771,7914],[-40,-26]],[[8247,5706],[-50,10]],[[8197,5716],[-11,36]],[[8186,5752],[40,25]],[[8276,5766],[11,-35]],[[8287,5731],[-40,-25]],[[5089,3707],[-11,36]],[[5078,3743],[40,25]],[[5118,3768],[50,-11]],[[5168,3757],[11,-36]],[[5179,3721],[-40,-25]],[[3889,5955],[-50,11]],[[3839,5966],[-11,35]],[[3828,6001],[40,25]],[[3868,6026],[50,-10]],[[3918,6016],[11,-36]],[[3929,5980],[-40,-25]],[[4133,5771],[-50,11]],[[4083,5782],[-11,35]],[[4072,5817],[40,25]],[[4112,5842],[50,-10]],[[4162,5832],[11,-36]],[[4173,5796],[-40,-25]],[[5497,5153],[-50,11]],[[5447,5164],[-11,35]],[[5436,5199],[39,25]],[[5475,5224],[50,-10]],[[5525,5214],[11,-36]],[[3877,5226],[-51,11]],[[3826,5237],[-10,35]],[[3816,5272],[39,25]],[[3905,5287],[11,-36]],[[3916,5251],[-39,-25]],[[3880,5059],[-50,11]],[[3830,5070],[-11,35]],[[3819,5105],[40,25]],[[3859,5130],[50,-10]],[[3909,5120],[11,-36]],[[3920,5084],[-40,-25]],[[4572,4948],[-50,10]],[[4511,4994],[40,25]],[[4551,5019],[50,-11]],[[4601,5008],[11,-35]],[[4612,4973],[-40,-25]],[[7397,4619],[40,25]],[[7437,4644],[50,-10]],[[7487,4634],[11,-36]],[[7498,4598],[-40,-25],[-50,11],[-11,35]],[[8413,4837],[-50,11]],[[8363,4848],[-10,35]],[[8353,4883],[39,25]],[[8392,4908],[50,-10]],[[8442,4898],[11,-36]],[[8453,4862],[-40,-25]],[[5773,3929],[-11,36]],[[5762,3965],[40,25]],[[5802,3990],[50,-11]],[[5852,3979],[10,-35]],[[5862,3944],[-39,-25]],[[7753,4844],[-50,11]],[[7692,4890],[40,25]],[[7732,4915],[50,-11]],[[7782,4904],[10,-35]],[[7792,4869],[-39,-25]],[[5465,3861],[-50,11],[-11,35]],[[5404,3907],[39,25]],[[5443,3932],[51,-10]],[[5494,3922],[10,-36]],[[5504,3886],[-39,-25]],[[3682,7095],[-50,10]],[[3621,7141],[39,25],[50,-11]],[[3710,7155],[11,-35]],[[3721,7120],[-39,-25]],[[6477,5647],[-51,10]],[[6426,5657],[-10,36]],[[6416,5693],[39,25]],[[6455,5718],[50,-11]],[[6505,5707],[11,-35]],[[6516,5672],[-39,-25]],[[5343,5352],[-51,11]],[[5292,5363],[-10,35]],[[5321,5423],[50,-10]],[[5371,5413],[11,-36]],[[5382,5377],[-39,-25]],[[5853,9566],[-51,10]],[[5791,9612],[40,25]],[[5831,9637],[50,-11]],[[5881,9626],[11,-35]],[[5892,9591],[-39,-25]],[[4444,6604],[40,25]],[[4484,6629],[50,-10]],[[4534,6619],[11,-36]],[[4545,6583],[-40,-25],[-50,11],[-11,35]],[[6573,5327],[-50,10]],[[6523,5337],[-11,36]],[[6512,5373],[40,25]],[[6552,5398],[50,-11]],[[6602,5387],[11,-35]],[[6613,5352],[-40,-25]],[[5382,4911],[-50,11],[-11,35]],[[5321,4957],[40,25]],[[5411,4972],[11,-36]],[[3952,3280],[-50,10]],[[3902,3290],[-10,36]],[[3892,3326],[39,25]],[[3931,3351],[50,-11]],[[3981,3340],[11,-35]],[[3992,3305],[-40,-25]],[[1910,8256],[-50,10]],[[1860,8266],[-11,36]],[[1849,8302],[40,25]],[[1889,8327],[50,-11]],[[1950,8281],[-40,-25]],[[4589,2879],[-50,11]],[[4539,2890],[-10,35]],[[4529,2925],[39,25]],[[4568,2950],[50,-10]],[[4618,2940],[11,-36]],[[4629,2904],[-40,-25]],[[8237,4641],[-50,11]],[[8176,4687],[40,25]],[[8216,4712],[50,-10]],[[8266,4702],[10,-36]],[[8276,4666],[-39,-25]],[[6435,3289],[-50,11]],[[6385,3300],[-11,35]],[[6374,3335],[39,25]],[[6413,3360],[51,-10]],[[6464,3350],[10,-36]],[[6474,3314],[-39,-25]],[[8952,4923],[-50,10]],[[8902,4933],[-11,36]],[[8891,4969],[40,25]],[[8931,4994],[50,-11]],[[8981,4983],[11,-35]],[[8992,4948],[-40,-25]],[[3535,5730],[-50,10]],[[3485,5740],[-11,36]],[[3474,5776],[39,25]],[[3513,5801],[50,-11]],[[3563,5790],[11,-35]],[[3574,5755],[-39,-25]],[[2679,6372],[-50,11]],[[2629,6383],[-11,35]],[[2658,6443],[50,-10]],[[2708,6433],[11,-36]],[[2719,6397],[-40,-25]],[[5766,3798],[-50,10]],[[5716,3808],[-11,36]],[[5705,3844],[39,25]],[[5794,3858],[11,-35]],[[5805,3823],[-39,-25]],[[3893,5788],[-50,11]],[[3843,5799],[-11,35]],[[3832,5834],[39,25]],[[3871,5859],[51,-10]],[[3922,5849],[11,-36]],[[3933,5813],[-40,-25]],[[8651,4987],[-50,10]],[[8601,4997],[-11,36]],[[8590,5033],[40,25]],[[8630,5058],[50,-11]],[[8680,5047],[11,-35]],[[8691,5012],[-40,-25]],[[4205,3993],[-50,10]],[[4155,4003],[-11,36]],[[4144,4039],[39,25]],[[4183,4064],[50,-11]],[[4244,4018],[-39,-25]],[[8436,5232],[-50,11]],[[8386,5243],[-11,36]],[[8375,5279],[40,25]],[[8415,5304],[50,-11]],[[8465,5293],[11,-36]],[[8476,5257],[-40,-25]],[[8366,5781],[-50,10]],[[8305,5827],[40,25],[50,-11]],[[8395,5841],[11,-35]],[[8406,5806],[-40,-25]],[[5669,5517],[-50,10]],[[5619,5527],[-11,36]],[[5608,5563],[39,25]],[[5647,5588],[51,-11]],[[5708,5542],[-39,-25]],[[6605,5220],[-50,10]],[[6555,5230],[-11,36]],[[6544,5266],[40,25]],[[6584,5291],[50,-11]],[[6634,5280],[11,-35]],[[6645,5245],[-40,-25]],[[5124,4366],[-50,10]],[[5074,4376],[-10,36]],[[5064,4412],[39,25]],[[5103,4437],[50,-11]],[[5153,4426],[11,-35]],[[5164,4391],[-40,-25]],[[7808,5132],[-51,11]],[[7757,5143],[-10,36]],[[7747,5179],[39,25]],[[7786,5204],[50,-11]],[[7836,5193],[11,-36]],[[7847,5157],[-39,-25]],[[1906,6134],[-50,10]],[[1856,6144],[-11,36]],[[1845,6180],[39,25]],[[1884,6205],[51,-11]],[[1935,6194],[10,-35]],[[1945,6159],[-39,-25]],[[6351,5906],[-50,11]],[[6290,5952],[40,25]],[[6330,5977],[50,-10]],[[6380,5967],[11,-36]],[[6391,5931],[-40,-25]],[[9422,5556],[-50,11]],[[9372,5567],[-11,36]],[[9361,5603],[40,25]],[[9451,5617],[11,-36]],[[9462,5581],[-40,-25]],[[4136,4373],[-50,11]],[[4086,4384],[-11,35]],[[4075,4419],[40,25]],[[4115,4444],[50,-10]],[[4165,4434],[11,-36]],[[4176,4398],[-40,-25]],[[2997,6871],[-50,11]],[[2947,6882],[-11,35]],[[2936,6917],[39,25]],[[2975,6942],[50,-10],[11,-36]],[[3036,6896],[-39,-25]],[[5061,3646],[-11,36]],[[5050,3682],[39,25]],[[5089,3707],[50,-11]],[[5139,3696],[11,-35]],[[5150,3661],[-39,-25],[-50,10]],[[3180,6734],[-50,10]],[[3119,6779],[40,26]],[[3159,6805],[50,-11]],[[3209,6794],[11,-35]],[[3220,6759],[-40,-25]],[[2810,5947],[-50,10]],[[2760,5957],[-11,36]],[[2749,5993],[39,25]],[[2839,6007],[10,-35]],[[2849,5972],[-39,-25]],[[4441,4143],[-50,11]],[[4391,4154],[-11,35]],[[4380,4189],[39,25]],[[4419,4214],[50,-10]],[[4469,4204],[11,-36]],[[4480,4168],[-39,-25]],[[2952,7478],[-51,10]],[[2901,7488],[-10,36]],[[2891,7524],[39,25],[50,-10],[11,-36],[-39,-25]],[[7076,5687],[-50,10]],[[7026,5697],[-11,36]],[[7015,5733],[40,25]],[[7055,5758],[50,-11]],[[7105,5747],[11,-35]],[[7116,5712],[-40,-25]],[[6988,4106],[-51,11]],[[6937,4117],[-10,35]],[[6927,4152],[39,25]],[[6966,4177],[50,-11]],[[7016,4166],[11,-35]],[[7027,4131],[-39,-25]],[[4123,3644],[-50,10]],[[4073,3654],[-11,36]],[[4062,3690],[40,25]],[[4102,3715],[50,-11]],[[4152,3704],[11,-35]],[[4163,3669],[-40,-25]],[[3169,4775],[-51,11]],[[3118,4786],[-10,35]],[[3108,4821],[39,25]],[[3147,4846],[50,-10]],[[3197,4836],[11,-36]],[[3208,4800],[-39,-25]],[[4397,4752],[-50,10]],[[4347,4762],[-11,36]],[[4336,4798],[39,25]],[[4375,4823],[50,-11]],[[4436,4777],[-39,-25]],[[6163,3413],[-50,11]],[[6113,3424],[-11,36],[40,25]],[[6142,3485],[50,-11]],[[6192,3474],[10,-36]],[[4523,4492],[-50,11]],[[4473,4503],[-11,35]],[[4462,4538],[39,25]],[[4501,4563],[50,-10]],[[4551,4553],[11,-36]],[[4562,4517],[-39,-25]],[[7255,8843],[-51,10]],[[7204,8853],[-11,36]],[[7193,8889],[40,25]],[[7233,8914],[51,-11]],[[7284,8903],[10,-35],[-39,-25]],[[4719,5083],[-50,11]],[[4669,5094],[-11,35]],[[4658,5129],[39,26]],[[4697,5155],[51,-11]],[[4748,5144],[10,-36]],[[4758,5108],[-39,-25]],[[7843,4858],[39,25]],[[7882,4883],[50,-10]],[[7932,4873],[11,-36]],[[7943,4837],[-39,-25],[-51,11],[-10,35]],[[3396,5260],[-50,10]],[[3346,5270],[-11,36]],[[3335,5306],[40,25]],[[3375,5331],[50,-11],[11,-35]],[[3436,5285],[-40,-25]],[[2230,7527],[-50,11]],[[2180,7538],[-11,35]],[[2169,7573],[39,25]],[[2208,7598],[50,-10]],[[2258,7588],[11,-36]],[[2269,7552],[-39,-25]],[[5952,4891],[-50,11]],[[5902,4902],[-11,35]],[[5891,4937],[40,25]],[[5981,4952],[11,-36]],[[5992,4916],[-40,-25]],[[3877,6456],[-50,11]],[[3827,6467],[-11,35]],[[3816,6502],[40,25]],[[3856,6527],[50,-10],[11,-36]],[[3917,6481],[-40,-25]],[[5834,4816],[-50,11]],[[5812,4887],[51,-10]],[[5863,4877],[10,-36]],[[5873,4841],[-39,-25]],[[7157,4637],[-50,10]],[[7107,4647],[-11,36]],[[7096,4683],[40,25],[50,-11],[10,-35],[-39,-25]],[[2850,6736],[-50,10]],[[2800,6746],[-11,35]],[[2828,6806],[51,-10]],[[2879,6796],[11,-35]],[[6705,4732],[-50,11]],[[6655,4743],[-11,35]],[[6684,4803],[50,-10]],[[6734,4793],[11,-36]],[[5357,6081],[-51,11]],[[5306,6092],[-10,35]],[[5296,6127],[39,25]],[[5335,6152],[50,-10]],[[5385,6142],[11,-36]],[[5396,6106],[-39,-25]],[[3287,4850],[-51,11]],[[3236,4861],[-10,35]],[[3226,4896],[39,25]],[[3265,4921],[50,-10]],[[6661,9863],[-51,10]],[[6610,9873],[-10,36]],[[6600,9909],[39,25],[51,-11]],[[6690,9923],[11,-35]],[[6701,9888],[-40,-25]],[[7666,4662],[-50,11]],[[7616,4673],[-11,35]],[[7605,4708],[40,25]],[[7645,4733],[50,-10]],[[7695,4723],[11,-36]],[[7706,4687],[-40,-25]],[[5393,4409],[-50,11]],[[5332,4455],[40,25]],[[5372,4480],[50,-10]],[[5422,4470],[11,-36]],[[5433,4434],[-40,-25]],[[4610,3741],[-11,36]],[[4599,3777],[39,25]],[[4638,3802],[50,-11]],[[4688,3791],[11,-35]],[[4699,3756],[-39,-25],[-50,10]],[[7355,5228],[-50,11]],[[7305,5239],[-11,35]],[[7334,5299],[50,-10]],[[7384,5289],[11,-36]],[[7395,5253],[-40,-25]],[[5260,5003],[-50,11]],[[5210,5014],[-11,35]],[[5199,5049],[40,25]],[[5239,5074],[50,-10]],[[5300,5028],[-40,-25]],[[4366,6089],[-50,10]],[[4316,6099],[-11,36]],[[4305,6135],[39,25]],[[4344,6160],[51,-11]],[[4395,6149],[10,-35]],[[4405,6114],[-39,-25]],[[6350,8865],[-51,11]],[[6299,8876],[-10,35]],[[6289,8911],[39,25]],[[6328,8936],[51,-10]],[[6379,8926],[10,-36]],[[6389,8890],[-39,-25]],[[8270,5001],[-10,36]],[[8260,5037],[39,24]],[[8299,5061],[50,-10]],[[8349,5051],[11,-36]],[[7650,5499],[-50,11]],[[7600,5510],[-10,35]],[[7590,5545],[39,25],[50,-11]],[[7679,5559],[11,-35]],[[7690,5524],[-40,-25]],[[1413,5904],[-11,35]],[[1402,5939],[39,25],[51,-10]],[[1492,5954],[10,-36]],[[1502,5918],[-39,-25],[-50,11]],[[6088,4129],[-50,11]],[[6038,4140],[-11,36]],[[6027,4176],[40,25]],[[6067,4201],[50,-11]],[[6117,4190],[11,-36]],[[8359,4549],[-51,10]],[[8308,4559],[-10,36]],[[8298,4595],[39,25]],[[8337,4620],[51,-11]],[[8388,4609],[10,-35]],[[8398,4574],[-39,-25]],[[4456,3474],[-50,10]],[[4406,3484],[-11,36]],[[4395,3520],[40,25]],[[4435,3545],[50,-11]],[[4485,3534],[11,-35]],[[5110,5035],[-51,10]],[[5059,5045],[-10,36]],[[5049,5081],[39,25]],[[5088,5106],[50,-11]],[[5138,5095],[11,-35]],[[5149,5060],[-39,-25]],[[3571,5456],[-50,11]],[[3521,5467],[-11,35]],[[3510,5502],[40,25]],[[3600,5517],[11,-36]],[[3611,5481],[-40,-25]],[[7993,4826],[40,25]],[[8033,4851],[50,-10]],[[8083,4841],[11,-36]],[[8094,4805],[-40,-25],[-50,11],[-11,35]],[[9268,5756],[-50,11]],[[9218,5767],[-10,35],[39,25],[51,-11]],[[9298,5816],[10,-35]],[[9308,5781],[-40,-25]],[[5981,4952],[-50,10]],[[5931,4962],[-11,36]],[[5920,4998],[39,25]],[[5959,5023],[51,-11]],[[6010,5012],[10,-35]],[[6020,4977],[-39,-25]],[[6507,4141],[-50,10]],[[6457,4151],[-11,36]],[[6446,4187],[40,25]],[[6486,4212],[50,-11]],[[6536,4201],[11,-35]],[[6547,4166],[-40,-25]],[[9027,4673],[-11,36]],[[9016,4709],[40,25]],[[9056,4734],[50,-11]],[[9106,4723],[11,-35],[-40,-25],[-50,10]],[[5794,3858],[-50,11]],[[5744,3869],[-11,35]],[[5733,3904],[40,25]],[[5773,3929],[50,-10]],[[5823,3919],[11,-36]],[[5834,3883],[-40,-25]],[[4256,5679],[-51,11]],[[4205,5690],[-10,35]],[[4195,5725],[39,25]],[[4234,5750],[50,-10]],[[4284,5740],[11,-36]],[[4295,5704],[-39,-25]],[[8089,4506],[-50,10]],[[8039,4516],[-11,36]],[[8028,4552],[40,25]],[[8068,4577],[50,-11]],[[8118,4566],[11,-35]],[[8129,4531],[-40,-25]],[[7570,4983],[-50,10],[-11,36]],[[7509,5029],[40,25]],[[7549,5054],[50,-11]],[[7599,5043],[11,-35]],[[7610,5008],[-40,-25]],[[9875,5460],[-51,11]],[[9824,5471],[-10,35]],[[9814,5506],[40,25]],[[9854,5531],[50,-10]],[[9904,5521],[10,-36],[-39,-25]],[[6944,3782],[-11,35]],[[6933,3817],[40,25]],[[6973,3842],[50,-10]],[[7023,3832],[11,-36],[-40,-25],[-50,11]],[[3732,4158],[-11,36]],[[3721,4194],[40,25]],[[3761,4219],[50,-10]],[[3811,4209],[11,-36]],[[3822,4173],[-40,-25],[-50,10]],[[2061,5936],[-50,10]],[[2011,5946],[-11,36]],[[2000,5982],[39,25]],[[2039,6007],[51,-11]],[[2090,5996],[10,-35]],[[2100,5961],[-39,-25]],[[5651,3555],[-50,11]],[[5601,3566],[-11,35]],[[5630,3626],[50,-10]],[[5680,3616],[11,-36]],[[5691,3580],[-40,-25]],[[5522,3982],[-50,11]],[[5472,3993],[-11,35]],[[5461,4028],[40,25]],[[5501,4053],[50,-10]],[[5551,4043],[11,-36]],[[5562,4007],[-40,-25]],[[3592,7080],[-50,10]],[[3542,7090],[-11,36]],[[3531,7126],[39,25],[51,-10]],[[3621,7141],[11,-36]],[[3632,7105],[-40,-25]],[[6026,9928],[-51,11]],[[5975,9939],[-10,35]],[[5965,9974],[39,25],[51,-10],[11,-36]],[[6066,9953],[-40,-25]],[[654,5927],[-50,10]],[[604,5937],[-11,36]],[[593,5973],[39,25],[50,-10]],[[682,5988],[11,-36]],[[693,5952],[-39,-25]],[[5046,3849],[-50,11]],[[4996,3860],[-11,35]],[[4985,3895],[40,25]],[[5025,3920],[50,-10]],[[5075,3910],[10,-36]],[[5085,3874],[-39,-25]],[[3299,6809],[-51,10]],[[3248,6819],[-11,36]],[[3237,6855],[40,25]],[[3277,6880],[50,-11]],[[3327,6869],[11,-35]],[[3338,6834],[-39,-25]],[[7663,4830],[-50,10]],[[7613,4840],[-11,36]],[[7602,4876],[40,25]],[[7642,4901],[50,-11]],[[7692,4890],[11,-35]],[[7703,4855],[-40,-25]],[[1313,5924],[-51,11]],[[1251,5970],[40,25],[50,-10],[11,-36]],[[1352,5949],[-39,-25]],[[4769,5539],[-51,10]],[[4718,5549],[-10,36]],[[4708,5585],[39,25],[50,-11]],[[4797,5599],[11,-35]],[[6724,5295],[-50,10]],[[6674,5305],[-11,36]],[[6663,5341],[39,25]],[[6702,5366],[51,-11]],[[6753,5355],[10,-35]],[[6763,5320],[-39,-25]],[[3238,5625],[-51,11]],[[3187,5636],[-10,35]],[[3177,5671],[39,25]],[[3216,5696],[50,-10]],[[3266,5686],[11,-36],[-39,-25]],[[5350,5018],[-50,10]],[[5300,5028],[-11,36]],[[5289,5064],[39,25]],[[5328,5089],[51,-11]],[[5379,5078],[10,-35]],[[6127,3688],[-50,10]],[[6077,3698],[-11,36]],[[6066,3734],[40,25]],[[6106,3759],[50,-11]],[[6156,3748],[11,-35]],[[6167,3713],[-40,-25]],[[3384,4531],[-50,10]],[[3334,4541],[-11,36]],[[3323,4577],[39,25]],[[3362,4602],[51,-11]],[[3413,4591],[10,-35]],[[3423,4556],[-39,-25]],[[4486,4766],[-50,11]],[[4436,4777],[-11,35]],[[4425,4812],[40,25]],[[4465,4837],[50,-10]],[[4515,4827],[11,-36]],[[4526,4791],[-40,-25]],[[6275,5223],[-50,10]],[[6225,5233],[-11,36]],[[6214,5269],[40,25]],[[6254,5294],[50,-11]],[[6304,5283],[11,-35]],[[6315,5248],[-40,-25]],[[6766,4686],[-50,11]],[[6716,4697],[-11,35]],[[6705,4732],[40,25]],[[6745,4757],[50,-10]],[[6795,4747],[11,-36]],[[6806,4711],[-40,-25]],[[6920,4487],[-50,11]],[[6870,4498],[-11,35]],[[6859,4533],[40,25]],[[6899,4558],[50,-11]],[[6959,4512],[-39,-25]],[[8276,5766],[-50,11]],[[8226,5777],[-11,36]],[[8255,5838],[50,-11]],[[8305,5827],[11,-36]],[[8316,5791],[-40,-25]],[[4362,6256],[-50,10]],[[4312,6266],[-11,36]],[[4341,6327],[50,-11]],[[4391,6316],[11,-35]],[[4402,6281],[-40,-25]],[[8215,5813],[-50,10]],[[8165,5823],[-11,36]],[[8154,5859],[40,25],[50,-11],[11,-35]],[[8255,5838],[-40,-25]],[[3892,4558],[-50,10]],[[3842,4568],[-11,36]],[[3831,4604],[40,25]],[[3871,4629],[50,-11]],[[3921,4618],[11,-35]],[[3932,4583],[-40,-25]],[[6253,4828],[-50,10]],[[6203,4838],[-11,36]],[[6192,4874],[40,25]],[[6232,4899],[50,-11]],[[6282,4888],[11,-35]],[[6293,4853],[-40,-25]],[[5988,3217],[-51,11]],[[5937,3228],[-10,35]],[[5927,3263],[39,25]],[[5966,3288],[50,-10]],[[6016,3278],[11,-36]],[[6027,3242],[-39,-25]],[[6521,3471],[-50,11]],[[6471,3482],[-11,35]],[[6460,3517],[40,25]],[[6500,3542],[50,-10]],[[6550,3532],[10,-36]],[[6560,3496],[-39,-25]],[[3767,6047],[-50,11]],[[3717,6058],[-11,35]],[[3706,6093],[39,25]],[[3745,6118],[51,-10]],[[3796,6108],[10,-36]],[[3806,6072],[-39,-25]],[[9210,5635],[-50,11]],[[9160,5646],[-10,35]],[[9150,5681],[39,25]],[[9189,5706],[50,-11]],[[9239,5695],[11,-35]],[[9250,5660],[-40,-25]],[[6749,5523],[-50,10]],[[6699,5533],[-11,36]],[[6688,5569],[40,25]],[[6728,5594],[50,-11]],[[6778,5583],[11,-35]],[[6789,5548],[-40,-25]],[[7228,4088],[-51,11]],[[7177,4099],[-10,36]],[[7206,4160],[50,-11]],[[7256,4149],[11,-36]],[[7267,4113],[-39,-25]],[[1223,5909],[-50,11],[-11,35],[39,25],[50,-10]],[[1251,5970],[11,-35]],[[1262,5935],[-39,-26]],[[5590,3601],[-50,11],[-11,35],[40,25]],[[5569,3672],[50,-10]],[[5619,3662],[11,-36]],[[5630,3626],[-40,-25]],[[4110,6773],[-50,11]],[[4060,6784],[-11,35]],[[4049,6819],[39,25],[51,-10],[10,-36]],[[4149,6798],[-39,-25]],[[7477,5136],[-50,10]],[[7427,5146],[-11,36]],[[7416,5182],[40,25]],[[7506,5196],[11,-35]],[[7517,5161],[-40,-25]],[[7990,4994],[-50,10]],[[7940,5004],[-11,36]],[[7929,5040],[40,25]],[[7969,5065],[50,-11]],[[8019,5054],[11,-35]],[[8030,5019],[-40,-25]],[[6624,8742],[-51,10]],[[6573,8752],[-11,36]],[[6562,8788],[40,25]],[[6602,8813],[51,-11]],[[6653,8802],[10,-35]],[[6663,8767],[-39,-25]],[[6238,3164],[-11,36]],[[6227,3200],[40,25]],[[6267,3225],[50,-11]],[[6317,3214],[10,-35]],[[6327,3179],[-39,-25]],[[3278,5185],[-50,10]],[[3228,5195],[-11,36]],[[3217,5231],[40,25]],[[3257,5256],[50,-11]],[[3307,5245],[11,-35]],[[3318,5210],[-40,-25]],[[9552,4962],[-50,10]],[[9502,4972],[-10,36]],[[9492,5008],[39,25]],[[9581,5022],[11,-35]],[[9592,4987],[-40,-25]],[[3645,6139],[-50,10]],[[3595,6149],[-11,36]],[[3584,6185],[39,25]],[[3623,6210],[50,-11]],[[3673,6199],[11,-35]],[[3684,6164],[-39,-25]],[[6232,4432],[-51,11]],[[6181,4443],[-10,36]],[[6210,4504],[50,-11]],[[6260,4493],[11,-36]],[[6271,4457],[-39,-25]],[[6297,5618],[-50,10]],[[6247,5628],[-11,36]],[[6236,5664],[40,25]],[[6276,5689],[50,-11]],[[6326,5678],[10,-35]],[[6336,5643],[-39,-25]],[[4593,2712],[-50,10]],[[4543,2722],[-11,36]],[[4532,2758],[40,25]],[[4572,2783],[50,-11]],[[4622,2772],[10,-35]],[[4632,2737],[-39,-25]],[[7042,4394],[-50,11]],[[6992,4405],[-11,36]],[[6981,4441],[39,25]],[[7020,4466],[51,-11]],[[7071,4455],[10,-36]],[[7081,4419],[-39,-25]],[[3575,5289],[-50,11]],[[3525,5300],[-11,35]],[[3514,5335],[40,25]],[[3554,5360],[50,-10]],[[3604,5350],[11,-36]],[[3615,5314],[-40,-25]],[[9216,5300],[-50,11]],[[9166,5311],[-11,35],[40,25],[50,-10]],[[9245,5361],[11,-36]],[[9256,5325],[-40,-25]],[[6250,5461],[-11,36]],[[6239,5497],[40,25]],[[6279,5522],[50,-11]],[[6329,5511],[11,-35]],[[6340,5476],[-40,-25]],[[8610,5596],[-50,10]],[[8560,5606],[-11,36]],[[8549,5642],[40,25]],[[8589,5667],[50,-11]],[[8639,5656],[11,-35]],[[8650,5621],[-40,-25]],[[2407,8021],[-11,36]],[[2396,8057],[40,25]],[[2436,8082],[50,-10]],[[2486,8072],[11,-36]],[[2497,8036],[-39,-25]],[[3091,6719],[-51,10]],[[3040,6729],[-10,36]],[[3030,6765],[39,25]],[[3069,6790],[50,-11]],[[3119,6779],[11,-35]],[[3130,6744],[-39,-25]],[[4807,6495],[39,25]],[[4846,6520],[51,-10]],[[4897,6510],[10,-36]],[[4907,6474],[-39,-25],[-50,11],[-11,35]],[[6623,4850],[-11,35]],[[6612,4885],[40,25]],[[6652,4910],[50,-10]],[[6702,4900],[10,-36]],[[6712,4864],[-39,-25]],[[2387,6101],[-51,10]],[[2336,6111],[-11,36]],[[2325,6147],[40,25]],[[2365,6172],[50,-11]],[[2415,6161],[11,-35]],[[2426,6126],[-39,-25]],[[7298,5107],[-50,11]],[[7248,5118],[-11,35]],[[7237,5153],[39,25]],[[7276,5178],[51,-10]],[[7327,5168],[10,-36]],[[7337,5132],[-39,-25]],[[6259,3093],[-50,10]],[[6209,3103],[-10,36]],[[6199,3139],[39,25]],[[6238,3164],[50,-10]],[[6288,3154],[11,-36]],[[6299,3118],[-40,-25]],[[8010,5556],[-50,11]],[[7960,5567],[-11,35],[39,25]],[[7988,5627],[51,-10]],[[8039,5617],[10,-36]],[[8049,5581],[-39,-25]],[[2793,6614],[-50,11]],[[2743,6625],[-11,35]],[[2732,6660],[40,25]],[[2772,6685],[50,-10]],[[2822,6675],[11,-35]],[[2833,6640],[-40,-26]],[[4283,4509],[-50,11]],[[4233,4520],[-11,35]],[[4261,4580],[50,-10]],[[4311,4570],[11,-36]],[[4322,4534],[-39,-25]],[[4411,2850],[-50,11]],[[4361,2861],[-11,35]],[[4350,2896],[39,25]],[[4389,2921],[50,-10]],[[4439,2911],[11,-36]],[[4450,2875],[-39,-25]],[[4603,3609],[-50,11]],[[4553,3620],[-11,36]],[[4542,3656],[39,25],[50,-11]],[[4631,3670],[11,-36]],[[4642,3634],[-39,-25]],[[5508,5118],[-11,35]],[[5497,5153],[39,25]],[[5536,5178],[50,-10]],[[5586,5168],[11,-36]],[[5597,5132],[-39,-25]],[[7465,4238],[-51,11]],[[7414,4249],[-10,35]],[[7404,4284],[39,25]],[[7443,4309],[50,-10]],[[7493,4299],[11,-36],[-39,-25]],[[5920,3598],[-51,11]],[[5869,3609],[-10,36]],[[5859,3645],[39,25]],[[5898,3670],[50,-11]],[[5948,3659],[11,-36]],[[5959,3623],[-39,-25]],[[4852,4490],[-50,10]],[[4802,4500],[-11,36]],[[4791,4536],[40,25]],[[4881,4550],[11,-35]],[[4892,4515],[-40,-25]],[[5820,5485],[-51,11]],[[5769,5496],[-10,35]],[[5848,5546],[11,-36]],[[5859,5510],[-39,-25]],[[7167,4135],[-50,10]],[[7117,4145],[-11,36]],[[7106,4181],[39,25]],[[7145,4206],[51,-11]],[[7196,4195],[10,-35]],[[7206,4160],[-39,-25]],[[6267,4158],[-50,11]],[[6217,4169],[-11,35]],[[6206,4204],[40,25]],[[6246,4229],[50,-10]],[[6296,4219],[11,-36]],[[4479,5100],[-50,11]],[[4429,5111],[-11,35]],[[4418,5146],[39,26]],[[4457,5172],[50,-11]],[[4518,5125],[-39,-25]],[[6480,9834],[-50,10]],[[6430,9844],[-11,36]],[[6419,9880],[40,25]],[[6459,9905],[50,-11]],[[6509,9894],[11,-35]],[[6520,9859],[-40,-25]],[[2429,7951],[-50,10]],[[2379,7961],[-11,35]],[[2368,7996],[39,25]],[[2407,8021],[51,-10]],[[2458,8011],[11,-35]],[[2469,7976],[-40,-25]],[[5009,5522],[-50,10]],[[4959,5532],[-11,36]],[[4948,5568],[39,25]],[[4987,5593],[51,-11]],[[5038,5582],[10,-35]],[[5048,5547],[-39,-25]],[[3318,6439],[-11,36]],[[3307,6475],[39,25]],[[3346,6500],[50,-10]],[[3407,6454],[-39,-25]],[[9341,5040],[-50,11]],[[9291,5051],[-11,35]],[[9280,5086],[40,25]],[[9320,5111],[50,-10]],[[9370,5101],[10,-36]],[[9380,5065],[-39,-25]],[[6332,3945],[-51,10]],[[6271,3991],[39,25]],[[6310,4016],[50,-11]],[[6360,4005],[11,-35]],[[6371,3970],[-39,-25]],[[6166,3246],[-50,11]],[[6116,3257],[-10,35]],[[6106,3292],[39,25]],[[6145,3317],[50,-10]],[[6206,3271],[-40,-25]],[[4955,5234],[-50,10]],[[4905,5244],[-11,36]],[[4894,5280],[40,25]],[[4934,5305],[50,-11]],[[4995,5259],[-40,-25]],[[5282,5398],[-51,11]],[[5231,5409],[-10,35]],[[5221,5444],[39,25]],[[5260,5469],[50,-10]],[[5310,5459],[11,-36]],[[5321,5423],[-39,-25]],[[3095,5323],[-50,10]],[[3045,5333],[-11,35],[40,26],[50,-11]],[[3124,5383],[11,-35]],[[5235,4775],[-50,11]],[[5185,4786],[-11,36]],[[5174,4822],[40,25]],[[5214,4847],[50,-11],[11,-36],[-40,-25]],[[6272,5390],[-51,11]],[[6221,5401],[-10,35]],[[6211,5436],[39,25]],[[6250,5461],[50,-10]],[[6300,5451],[11,-36]],[[6311,5415],[-39,-25]],[[4835,3927],[-50,11]],[[4785,3938],[-11,35]],[[4774,3973],[39,25]],[[4813,3998],[50,-10]],[[4863,3988],[11,-36]],[[4874,3952],[-39,-25]],[[4837,5159],[-50,10]],[[4787,5169],[-11,36]],[[4816,5230],[50,-11]],[[4866,5219],[11,-35]],[[4877,5184],[-40,-25]],[[8949,5090],[-50,11]],[[8899,5101],[-10,35]],[[8889,5136],[39,25]],[[8928,5161],[50,-10]],[[8978,5151],[11,-36]],[[8989,5115],[-40,-25]],[[8292,4930],[-51,10]],[[8231,4976],[39,25]],[[8270,5001],[51,-11]],[[8331,4955],[-39,-25]],[[5304,4395],[-51,10]],[[5253,4405],[-10,36]],[[5243,4441],[39,25]],[[5282,4466],[50,-11]],[[5332,4455],[11,-35]],[[5343,4420],[-39,-25]],[[4830,5493],[-51,10]],[[4779,5503],[-10,36]],[[4769,5539],[39,25]],[[4808,5564],[50,-11]],[[4858,5553],[11,-35]],[[4869,5518],[-39,-25]],[[4218,4722],[-50,11]],[[4168,4733],[-11,35]],[[4157,4768],[39,26]],[[4196,4794],[50,-11]],[[4246,4783],[11,-36]],[[6929,5551],[-50,11]],[[6879,5562],[-11,35]],[[6868,5597],[39,25]],[[6907,5622],[51,-10]],[[6958,5612],[10,-36]],[[6968,5576],[-39,-25]],[[6475,4248],[-50,10]],[[6425,4258],[-11,36]],[[6414,4294],[40,25]],[[6454,4319],[50,-11]],[[6504,4308],[11,-35]],[[6515,4273],[-40,-25]],[[5970,5453],[-50,11]],[[5920,5464],[-11,35]],[[5909,5499],[40,25]],[[5949,5524],[50,-10]],[[5999,5514],[11,-36]],[[6010,5478],[-40,-25]],[[9753,5553],[-50,10]],[[9703,5563],[-11,36]],[[9692,5599],[40,25]],[[9732,5624],[50,-11]],[[9782,5613],[11,-35]],[[9793,5578],[-40,-25]],[[3543,7854],[-50,10]],[[3482,7899],[40,26],[50,-11]],[[3572,7914],[11,-35]],[[3583,7879],[-40,-25]],[[8596,4698],[-50,11]],[[8546,4709],[-11,36]],[[8535,4745],[40,25]],[[8575,4770],[50,-11]],[[8625,4759],[11,-36]],[[8636,4723],[-40,-25]],[[3574,4524],[-11,36]],[[3563,4560],[39,25]],[[3602,4585],[50,-11]],[[3652,4574],[11,-35]],[[3663,4539],[-39,-25]],[[2549,6798],[-51,10]],[[2498,6808],[-11,36]],[[2487,6844],[40,25]],[[2527,6869],[50,-11]],[[2577,6858],[11,-35]],[[2588,6823],[-39,-25]],[[5568,6004],[-50,10]],[[5518,6014],[-11,36]],[[5507,6050],[40,25]],[[5547,6075],[50,-11]],[[5597,6064],[11,-35]],[[5529,5047],[-50,10]],[[5479,5057],[-11,36]],[[5468,5093],[40,25]],[[5508,5118],[50,-11]],[[5558,5107],[11,-35]],[[5569,5072],[-40,-25]],[[5859,5044],[-50,10]],[[5809,5054],[-11,36]],[[5798,5090],[40,25]],[[5838,5115],[50,-11]],[[5888,5104],[10,-35]],[[5898,5069],[-39,-25]],[[8202,4915],[-50,11]],[[8152,4926],[-11,36]],[[8141,4962],[40,25]],[[8181,4987],[50,-11]],[[8231,4976],[10,-36]],[[8241,4940],[-39,-25]],[[6128,5087],[-50,11]],[[6078,5098],[-11,35]],[[6067,5133],[40,25]],[[6107,5158],[50,-10]],[[6157,5148],[10,-36]],[[6167,5112],[-39,-25]],[[6242,3930],[-50,11]],[[6192,3941],[-11,35]],[[6181,3976],[40,25]],[[6221,4001],[50,-10]],[[6271,3991],[10,-36]],[[6281,3955],[-39,-25]],[[3600,5517],[-50,10]],[[3550,5527],[-11,36]],[[3539,5563],[39,25]],[[3578,5588],[50,-11]],[[3628,5577],[11,-35]],[[3639,5542],[-39,-25]],[[335,4831],[-11,35]],[[324,4866],[40,25]],[[364,4891],[50,-10]],[[414,4881],[11,-35],[-39,-25],[-51,10]],[[8590,8962],[-11,36]],[[8579,8998],[40,25]],[[8619,9023],[50,-11]],[[8669,9012],[11,-36],[-40,-24],[-50,10]],[[3993,7927],[-51,10]],[[3942,7937],[-11,36]],[[3931,7973],[40,25]],[[3971,7998],[50,-11],[11,-35],[-39,-25]],[[3883,5358],[-10,35]],[[3873,5393],[39,25]],[[3912,5418],[50,-10]],[[3962,5408],[11,-36]],[[3973,5372],[-39,-25]],[[7785,4737],[-50,11]],[[7735,4748],[-11,35]],[[7724,4783],[40,25]],[[7764,4808],[50,-10],[11,-36]],[[7825,4762],[-40,-25]],[[5726,5638],[-50,10]],[[5676,5648],[-11,36]],[[5665,5684],[40,25]],[[5705,5709],[50,-11]],[[5755,5698],[11,-35]],[[5766,5663],[-40,-25]],[[5848,5546],[-50,10]],[[5787,5592],[40,25]],[[5827,5617],[50,-11]],[[5877,5606],[11,-35]],[[5888,5571],[-40,-25]],[[6149,4083],[-50,11]],[[6099,4094],[-11,35]],[[6088,4129],[40,25]],[[6128,4154],[50,-10]],[[6178,4144],[10,-36]],[[6188,4108],[-39,-25]],[[6328,4112],[-50,11]],[[6278,4123],[-11,35]],[[6267,4158],[40,25]],[[6307,4183],[50,-10]],[[6357,4173],[11,-36]],[[6368,4137],[-40,-25]],[[9428,5222],[-50,10]],[[9378,5232],[-11,36]],[[9367,5268],[40,25]],[[9407,5293],[50,-11]],[[9457,5282],[10,-35]],[[9467,5247],[-39,-25]],[[4568,5115],[-50,10]],[[4518,5125],[-11,36]],[[4507,5161],[40,25]],[[4547,5186],[50,-10]],[[4597,5176],[11,-36]],[[4608,5140],[-40,-25]],[[5869,3142],[-50,11]],[[5819,3153],[-10,35]],[[5809,3188],[39,25]],[[5848,3213],[50,-10]],[[5898,3203],[11,-36]],[[5909,3167],[-40,-25]],[[6256,3260],[-50,11]],[[6206,3271],[-11,36]],[[6195,3307],[39,25]],[[6234,3332],[51,-11]],[[6285,3321],[10,-36]],[[6295,3285],[-39,-25]],[[3289,6379],[-11,35]],[[3278,6414],[40,25]],[[3318,6439],[50,-10]],[[3368,6429],[11,-35]],[[3379,6394],[-40,-25]],[[7294,5274],[-50,11]],[[7244,5285],[-10,35]],[[7234,5320],[39,25]],[[7273,5345],[50,-10]],[[7323,5335],[11,-36]],[[7334,5299],[-40,-25]],[[8822,5517],[-51,11]],[[8771,5528],[-10,36]],[[8761,5564],[39,25]],[[8800,5589],[51,-11]],[[8851,5578],[10,-36]],[[8861,5542],[-39,-25]],[[4031,5028],[-50,10]],[[3981,5038],[-11,36]],[[3970,5074],[39,25]],[[4009,5099],[51,-11]],[[4060,5088],[10,-35]],[[4070,5053],[-39,-25]],[[2920,5126],[-50,11]],[[2870,5137],[-11,35]],[[2859,5172],[40,25],[50,-10]],[[2949,5187],[11,-36]],[[2960,5151],[-40,-25]],[[3156,5277],[-50,10]],[[3106,5287],[-11,36]],[[3095,5323],[40,25]],[[3135,5348],[50,-11]],[[3196,5302],[-40,-25]],[[5744,4802],[-50,10],[-11,36]],[[5683,4848],[40,25]],[[5773,4862],[11,-35]],[[5784,4827],[-40,-25]],[[5431,9554],[-51,10]],[[5380,9564],[-11,36],[40,25]],[[5409,9625],[51,-11]],[[5460,9614],[10,-35]],[[5470,9579],[-39,-25]],[[4301,6302],[-50,10]],[[4251,6312],[-11,36]],[[4240,6348],[39,25]],[[4279,6373],[51,-11]],[[4330,6362],[11,-35]],[[4341,6327],[-40,-25]],[[4666,4795],[-51,11]],[[4615,4806],[-10,35]],[[4605,4841],[39,25]],[[4644,4866],[50,-10]],[[4694,4856],[11,-36]],[[4188,3430],[-50,11]],[[4138,3441],[-11,35]],[[4127,3476],[40,25]],[[4217,3491],[10,-36]],[[4227,3455],[-39,-25]],[[3348,4804],[-51,11]],[[3297,4815],[-10,35]],[[3287,4850],[39,25]],[[3376,4865],[11,-35]],[[3387,4830],[-39,-26]],[[3518,5168],[-50,10]],[[3468,5178],[-11,36]],[[3457,5214],[40,25]],[[3497,5239],[50,-10]],[[3547,5229],[11,-36]],[[3558,5193],[-40,-25]],[[7103,8874],[-50,11]],[[7042,8920],[40,25]],[[7082,8945],[50,-10]],[[7132,8935],[11,-36]],[[7143,8899],[-40,-25]],[[2308,6814],[-50,11]],[[2258,6825],[-11,35]],[[2247,6860],[39,25]],[[2286,6885],[51,-10]],[[2337,6875],[11,-36]],[[2348,6839],[-40,-25]],[[6644,4778],[-50,11]],[[6594,4789],[-11,36]],[[6583,4825],[40,25]],[[6623,4850],[50,-11]],[[6673,4839],[11,-36]],[[6684,4803],[-40,-25]],[[5622,6292],[-50,10]],[[5572,6302],[-11,36]],[[5561,6338],[40,25]],[[5601,6363],[50,-11]],[[5651,6352],[11,-35]],[[5662,6317],[-40,-25]],[[3009,6371],[-50,10]],[[2959,6381],[-11,35]],[[2948,6416],[40,25]],[[2988,6441],[50,-10]],[[3049,6396],[-40,-25]],[[5264,3903],[-10,36]],[[5254,3939],[39,25]],[[5293,3964],[50,-11]],[[5343,3953],[11,-35]],[[5354,3918],[-39,-25],[-51,10]],[[7041,5961],[-51,10]],[[6990,5971],[-10,36]],[[6980,6007],[39,25],[51,-11]],[[7070,6021],[10,-35]],[[7080,5986],[-39,-25]],[[3478,6838],[-50,10]],[[3428,6848],[-11,36]],[[3417,6884],[39,25]],[[3456,6909],[51,-10]],[[3507,6899],[10,-36]],[[3517,6863],[-39,-25]],[[2406,6495],[-50,11]],[[2356,6506],[-11,35]],[[2345,6541],[40,25]],[[2385,6566],[50,-10]],[[2435,6556],[11,-36]],[[2446,6520],[-40,-25]],[[6629,4048],[-50,11]],[[6568,4095],[40,25]],[[6608,4120],[50,-11]],[[6658,4109],[11,-36]],[[6669,4073],[-40,-25]],[[8786,9253],[-51,11]],[[8735,9264],[-10,36]],[[8725,9300],[39,24],[51,-10]],[[8815,9314],[11,-36]],[[8826,9278],[-40,-25]],[[7894,5314],[-50,11]],[[7844,5325],[-11,35]],[[7833,5360],[40,25]],[[7873,5385],[50,-10]],[[7923,5375],[11,-36]],[[7934,5339],[-40,-25]],[[3876,3995],[-50,11]],[[3826,4006],[-11,35]],[[3815,4041],[39,25]],[[3854,4066],[50,-10]],[[3904,4056],[11,-36]],[[3915,4020],[-39,-25]],[[2843,5840],[-51,11]],[[2792,5851],[-10,35]],[[2782,5886],[39,25]],[[2821,5911],[50,-10]],[[2871,5901],[11,-36]],[[2882,5865],[-39,-25]],[[3734,4923],[-50,11]],[[3684,4934],[-11,35]],[[3673,4969],[39,25]],[[3712,4994],[50,-10]],[[3762,4984],[11,-36]],[[3773,4948],[-39,-25]],[[9451,5617],[-50,11]],[[9401,5628],[-11,35]],[[9390,5663],[40,25]],[[9430,5688],[50,-10]],[[9480,5678],[11,-36]],[[9491,5642],[-40,-25]],[[6329,9865],[-51,11]],[[6278,9876],[-10,35]],[[6268,9911],[39,25]],[[6307,9936],[51,-10]],[[6358,9926],[11,-36]],[[6369,9890],[-40,-25]],[[3905,5287],[-50,10]],[[3855,5297],[-11,36]],[[3844,5333],[39,25]],[[3883,5358],[51,-11]],[[3934,5347],[10,-35]],[[3944,5312],[-39,-25]],[[6211,5902],[-11,36]],[[6200,5938],[40,25]],[[6240,5963],[50,-11]],[[6290,5952],[11,-35]],[[6301,5917],[-40,-25]],[[4534,3990],[-50,11]],[[4484,4001],[-11,35]],[[4473,4036],[40,25]],[[4513,4061],[50,-10]],[[4563,4051],[10,-36]],[[4573,4015],[-39,-25]],[[1556,8030],[11,-35]],[[1567,7995],[-39,-25],[-51,10],[-11,36],[40,25],[50,-11]],[[4881,4550],[-50,11]],[[4831,4561],[-11,35]],[[4820,4596],[39,25]],[[4859,4621],[50,-10]],[[4909,4611],[11,-36]],[[4920,4575],[-39,-25]],[[8645,5322],[-50,10]],[[8595,5332],[-11,36]],[[8584,5368],[40,25]],[[8624,5393],[50,-11]],[[8674,5382],[11,-36]],[[8685,5346],[-40,-24]],[[7580,4481],[-50,10]],[[7530,4491],[-11,36],[39,25]],[[7558,4552],[51,-11]],[[7609,4541],[10,-36]],[[4192,3263],[-50,10]],[[4142,3273],[-11,36]],[[4170,3334],[50,-11]],[[4220,3323],[11,-35]],[[3376,4865],[-50,10]],[[3326,4875],[-11,36]],[[3315,4911],[39,25]],[[3354,4936],[50,-10]],[[3404,4926],[11,-36]],[[3415,4890],[-39,-25]],[[3930,6744],[-50,11]],[[3880,6755],[-11,35]],[[3869,6790],[40,25]],[[3909,6815],[50,-10]],[[3959,6805],[11,-36]],[[3970,6769],[-40,-25]],[[4153,4936],[-50,10]],[[4103,4946],[-11,36]],[[4092,4982],[39,25]],[[4131,5007],[51,-11]],[[4182,4996],[10,-35]],[[4192,4961],[-39,-25]],[[4279,4676],[-50,11]],[[4229,4687],[-11,35]],[[4218,4722],[39,25]],[[4257,4747],[50,-10]],[[4307,4737],[11,-36]],[[4318,4701],[-39,-25]],[[4131,3309],[-50,10]],[[4081,3319],[-11,36]],[[4070,3355],[40,25]],[[4110,3380],[50,-11]],[[4160,3369],[10,-35]],[[4170,3334],[-39,-25]],[[6075,6197],[-51,11]],[[6024,6208],[-10,35]],[[6014,6243],[39,25]],[[6053,6268],[50,-11]],[[6103,6257],[11,-35]],[[6114,6222],[-39,-25]],[[5838,6047],[-51,11]],[[5787,6058],[-10,35]],[[5777,6093],[39,25]],[[5816,6118],[50,-10]],[[5866,6108],[11,-36]],[[4410,5481],[-50,10]],[[4360,5491],[-11,36]],[[4349,5527],[39,25]],[[4388,5552],[51,-11]],[[4439,5541],[10,-35]],[[4449,5506],[-39,-25]],[[5411,4972],[-50,10]],[[5361,4982],[-11,36]],[[5350,5018],[39,25]],[[5389,5043],[50,-11]],[[5439,5032],[11,-35]],[[5450,4997],[-39,-25]],[[7516,4694],[-50,11]],[[7466,4705],[-11,35]],[[7494,4765],[51,-10]],[[7545,4755],[10,-36]],[[7555,4719],[-39,-25]],[[7455,4740],[-50,11]],[[7394,4787],[40,25]],[[7434,4812],[50,-11]],[[7484,4801],[10,-36]],[[7494,4765],[-39,-25]],[[8628,4591],[-50,11]],[[8578,4602],[-11,36]],[[8567,4638],[40,25]],[[8607,4663],[50,-11]],[[8657,4652],[11,-36]],[[8668,4616],[-40,-25]],[[6522,4871],[-50,10]],[[6472,4881],[-11,36]],[[6461,4917],[40,25]],[[6501,4942],[50,-11]],[[6551,4931],[11,-35]],[[6562,4896],[-40,-25]],[[6376,6134],[-50,10]],[[6326,6144],[-11,36]],[[6315,6180],[40,25],[50,-11],[11,-35],[-40,-25]],[[2789,6781],[-50,11]],[[2739,6792],[-11,35]],[[2728,6827],[39,25]],[[2767,6852],[51,-10]],[[2818,6842],[10,-36]],[[2828,6806],[-39,-25]],[[6511,3973],[-50,11]],[[6461,3984],[-11,36]],[[6450,4020],[39,25]],[[6539,4034],[11,-36]],[[6550,3998],[-39,-25]],[[4467,5602],[-50,10]],[[4417,5612],[-11,36]],[[4406,5648],[40,25]],[[4446,5673],[50,-11]],[[4496,5662],[11,-35]],[[4507,5627],[-40,-25]],[[5045,5248],[-50,11]],[[4995,5259],[-11,35]],[[4984,5294],[39,25]],[[5023,5319],[51,-10]],[[5074,5309],[10,-36]],[[5084,5273],[-39,-25]],[[4917,4276],[-50,11]],[[4867,4287],[-11,35]],[[4856,4322],[39,25]],[[4895,4347],[50,-10]],[[4945,4337],[11,-36]],[[4956,4301],[-39,-25]],[[6224,3367],[-50,11]],[[6174,3378],[-11,35]],[[6163,3413],[39,25]],[[6202,3438],[50,-10]],[[6252,3428],[11,-36]],[[6263,3392],[-39,-25]],[[5312,9479],[-51,10]],[[5261,9489],[-11,36]],[[5250,9525],[40,25]],[[5290,9550],[51,-11]],[[5341,9539],[10,-35]],[[5351,9504],[-39,-25]],[[4222,4555],[-50,11]],[[4172,4566],[-11,35]],[[4161,4601],[39,25]],[[4200,4626],[50,-10]],[[4250,4616],[11,-36]],[[4261,4580],[-39,-25]],[[2891,6295],[-50,11]],[[2841,6306],[-11,35]],[[2830,6341],[40,25]],[[2870,6366],[50,-10]],[[2920,6356],[11,-36]],[[2931,6320],[-40,-25]],[[7891,5481],[-50,11]],[[7841,5492],[-11,36]],[[7830,5528],[40,24],[50,-10]],[[7920,5542],[11,-36]],[[7931,5506],[-40,-25]],[[5569,3206],[-50,10]],[[5519,3216],[-11,36]],[[5508,3252],[39,25]],[[5547,3277],[51,-11]],[[5598,3266],[10,-35]],[[5608,3231],[-39,-25]],[[9158,5179],[-50,11]],[[9108,5190],[-11,35]],[[9097,5225],[40,25]],[[9137,5250],[50,-10]],[[9187,5240],[11,-36]],[[9198,5204],[-40,-25]],[[4578,3381],[-50,11]],[[4606,3442],[11,-36]],[[4617,3406],[-39,-25]],[[4593,5343],[-50,10]],[[4543,5353],[-11,36]],[[4532,5389],[40,25]],[[4572,5414],[50,-11]],[[4622,5403],[11,-35]],[[4633,5368],[-40,-25]],[[5773,4862],[-50,11]],[[5723,4873],[-11,35]],[[5712,4908],[39,25]],[[5751,4933],[51,-10]],[[5802,4923],[10,-36]],[[5812,4887],[-39,-25]],[[3727,6488],[-51,10]],[[3676,6498],[-11,35]],[[3665,6533],[40,25]],[[3705,6558],[50,-10]],[[3755,6548],[11,-35]],[[3766,6513],[-39,-25]],[[4253,3217],[-50,10]],[[4203,3227],[-11,36]],[[4192,3263],[39,25]],[[4231,3288],[50,-11]],[[4281,3277],[11,-35]],[[4292,3242],[-39,-25]],[[7461,4406],[-50,10]],[[7411,4416],[-11,36]],[[7400,4452],[40,25]],[[7440,4477],[50,-11]],[[7490,4466],[11,-35]],[[7501,4431],[-40,-25]],[[4483,4933],[-51,11]],[[4432,4944],[-10,35]],[[4461,5004],[50,-10]],[[4511,4994],[11,-36]],[[4522,4958],[-39,-25]],[[5762,9551],[-50,11]],[[5712,9562],[-11,35]],[[5701,9597],[40,25]],[[5741,9622],[50,-10]],[[5791,9612],[11,-36]],[[5802,9576],[-40,-25]],[[5289,4131],[-10,36]],[[5279,4167],[39,25]],[[5318,4192],[50,-11]],[[5368,4181],[11,-35]],[[5379,4146],[-39,-25]],[[7010,4501],[-51,11]],[[6959,4512],[-10,35]],[[6949,4547],[39,25]],[[6988,4572],[50,-10]],[[7038,4562],[11,-36]],[[7049,4526],[-39,-25]],[[6227,8957],[-50,11]],[[6177,8968],[-11,35]],[[6166,9003],[40,25],[50,-10]],[[6256,9018],[11,-36]],[[6267,8982],[-40,-25]],[[5024,4853],[-50,11]],[[4974,4864],[-11,35]],[[4963,4899],[39,25]],[[5002,4924],[50,-10]],[[5052,4914],[11,-36]],[[5063,4878],[-39,-25]],[[8007,5723],[-51,11]],[[7956,5734],[-10,36]],[[7946,5770],[39,25]],[[7985,5795],[51,-11]],[[8036,5784],[10,-36]],[[8046,5748],[-39,-25]],[[4489,3367],[-50,10]],[[4439,3377],[-11,36]],[[4428,3413],[39,25]],[[4517,3428],[11,-36]],[[4528,3392],[-39,-25]],[[9161,5012],[-50,10]],[[9111,5022],[-11,36]],[[9100,5058],[40,25]],[[9140,5083],[50,-11]],[[9190,5072],[11,-35]],[[9201,5037],[-40,-25]],[[6955,8739],[-50,11]],[[6905,8750],[-11,35]],[[6894,8785],[40,25]],[[6934,8810],[50,-10]],[[6984,8800],[11,-36]],[[6995,8764],[-40,-25]],[[7135,4241],[-50,11]],[[7085,4252],[-11,36]],[[7074,4288],[39,25]],[[7113,4313],[50,-11]],[[7163,4302],[11,-36]],[[7174,4266],[-39,-25]],[[1950,8281],[-11,35]],[[1939,8316],[39,26]],[[1978,8342],[51,-11],[11,-35],[-40,-25],[-50,10]],[[5311,4060],[-50,11]],[[5261,4071],[-11,35]],[[5250,4106],[39,25]],[[5289,4131],[51,-10]],[[5340,4121],[10,-36]],[[5350,4085],[-39,-25]],[[5411,3572],[-50,11]],[[5361,3583],[-11,36],[40,25],[50,-11],[11,-36]],[[5451,3597],[-40,-25]],[[2094,5829],[-50,11]],[[2044,5840],[-11,35]],[[2033,5875],[39,25]],[[2072,5900],[50,-10]],[[2122,5890],[11,-36]],[[2133,5854],[-39,-25]],[[4175,6560],[-50,11]],[[4125,6571],[-11,35]],[[4114,6606],[39,25]],[[4153,6631],[51,-10]],[[4204,6621],[10,-36]],[[4214,6585],[-39,-25]],[[2768,7615],[-50,11]],[[2718,7626],[-11,35]],[[2707,7661],[39,25],[51,-10],[11,-35],[-40,-26]],[[5855,5211],[-50,11]],[[5805,5222],[-11,35]],[[5794,5257],[40,25]],[[5834,5282],[50,-10]],[[5884,5272],[11,-36]],[[5895,5236],[-40,-25]],[[3620,4681],[-50,11]],[[3570,4692],[-11,35]],[[3559,4727],[39,25]],[[3598,4752],[50,-10]],[[3648,4742],[11,-36]],[[3659,4706],[-39,-25]],[[3453,6611],[-50,10]],[[3403,6621],[-11,36]],[[3392,6657],[40,25]],[[3432,6682],[50,-11]],[[3482,6671],[11,-35]],[[3493,6636],[-40,-25]],[[7506,5196],[-50,11]],[[7456,5207],[-11,35]],[[7445,5242],[40,25]],[[7485,5267],[50,-10]],[[7535,5257],[11,-36]],[[7546,5221],[-40,-25]],[[2911,6690],[-50,10]],[[2861,6700],[-11,36]],[[2850,6736],[40,25]],[[2890,6761],[50,-11]],[[2940,6750],[11,-35]],[[2951,6715],[-40,-25]],[[7365,4726],[-50,11]],[[7315,4737],[-11,35],[40,25]],[[7344,4797],[50,-10]],[[7394,4787],[11,-36]],[[7405,4751],[-40,-25]],[[6006,5179],[-50,11]],[[5956,5190],[-11,36]],[[5945,5226],[40,25]],[[5985,5251],[50,-11]],[[6035,5240],[11,-36]],[[6046,5204],[-40,-25]],[[5734,5303],[-51,11]],[[5683,5314],[-10,35]],[[5673,5349],[39,25]],[[5712,5374],[50,-10]],[[5762,5364],[11,-36]],[[5773,5328],[-39,-25]],[[8295,4762],[-51,11]],[[8244,4773],[-10,36]],[[8234,4809],[39,25]],[[8273,4834],[51,-11]],[[8324,4823],[10,-36]],[[8334,4787],[-39,-25]],[[5899,6001],[-51,10]],[[5848,6011],[-10,36]],[[5838,6047],[39,25]],[[5877,6072],[50,-11]],[[5927,6061],[11,-35]],[[5938,6026],[-39,-25]],[[4606,3442],[-50,11]],[[4546,3488],[39,25]],[[4585,3513],[50,-10]],[[4635,3503],[11,-36]],[[4646,3467],[-40,-25]],[[7619,8733],[-51,11],[-11,35],[40,25]],[[7597,8804],[51,-10]],[[7648,8794],[10,-36]],[[7658,8758],[-39,-25]],[[4422,4979],[-51,11]],[[4371,4990],[-10,35]],[[4361,5025],[39,25]],[[4400,5050],[50,-10]],[[4450,5040],[11,-36]],[[4461,5004],[-39,-25]],[[6318,4614],[-50,11]],[[6268,4625],[-11,35]],[[6257,4660],[39,25]],[[6296,4685],[51,-10]],[[6347,4675],[10,-36]],[[6357,4639],[-39,-25]],[[3246,5291],[-50,11]],[[3196,5302],[-11,35]],[[3185,5337],[39,25]],[[3224,5362],[50,-10]],[[3274,5352],[11,-36]],[[3285,5316],[-39,-25]],[[3156,7735],[-51,10]],[[3105,7745],[-11,35]],[[3094,7780],[40,25]],[[3134,7805],[50,-10]],[[3184,7795],[11,-35]],[[3195,7760],[-39,-25]],[[2419,5994],[-50,11]],[[2369,6005],[-11,35]],[[2358,6040],[39,25]],[[2397,6065],[51,-10]],[[2448,6055],[11,-35]],[[2459,6020],[-40,-26]],[[3596,4453],[-51,11]],[[3545,4464],[-10,35]],[[3535,4499],[39,25]],[[3574,4524],[50,-10]],[[3624,4514],[11,-36]],[[3635,4478],[-39,-25]],[[4040,5924],[-50,10]],[[3990,5934],[-11,36]],[[3979,5970],[39,25]],[[4018,5995],[50,-11]],[[4068,5984],[11,-35]],[[4079,5949],[-39,-25]],[[2473,5053],[-50,10]],[[2423,5063],[-11,36]],[[2412,5099],[39,25],[51,-10]],[[2502,5114],[10,-36]],[[2512,5078],[-39,-25]],[[5643,9477],[-50,10]],[[5593,9487],[-11,35]],[[5582,9522],[40,25]],[[5622,9547],[50,-10]],[[5672,9537],[11,-35]],[[5683,9502],[-40,-25]],[[5471,6323],[-50,11]],[[5421,6334],[-11,35]],[[5410,6369],[40,25]],[[5450,6394],[50,-10]],[[5500,6384],[11,-36]],[[5511,6348],[-40,-25]],[[4517,3428],[-50,10]],[[4467,3438],[-11,36]],[[4456,3474],[40,25]],[[4496,3499],[50,-11]],[[4546,3488],[10,-35]],[[4556,3453],[-39,-25]],[[4348,4296],[-51,10]],[[4297,4306],[-10,36]],[[4287,4342],[39,25]],[[4326,4367],[50,-11]],[[4376,4356],[11,-35]],[[4387,4321],[-39,-25]],[[3454,7839],[-51,10]],[[3403,7849],[-11,36]],[[3392,7885],[40,25],[50,-11]],[[3482,7899],[11,-35]],[[3493,7864],[-39,-25]],[[6110,4525],[-50,10]],[[6060,4535],[-11,36]],[[6049,4571],[39,25]],[[6088,4596],[51,-11]],[[6139,4585],[10,-35]],[[7840,5026],[-51,10]],[[7789,5036],[-10,36]],[[7779,5072],[39,25]],[[7818,5097],[50,-11]],[[7868,5086],[11,-35]],[[7879,5051],[-39,-25]],[[6063,3901],[-50,11]],[[6013,3912],[-11,36]],[[6002,3948],[39,25]],[[6041,3973],[51,-11]],[[6092,3962],[10,-36]],[[6102,3926],[-39,-25]],[[2557,6464],[-50,10]],[[2507,6474],[-11,36]],[[2496,6510],[39,25]],[[2535,6535],[51,-10]],[[2586,6525],[11,-36]],[[3812,5439],[-51,11]],[[3761,5450],[-11,35]],[[3750,5485],[40,25]],[[3790,5510],[50,-10]],[[3840,5500],[11,-36]],[[3851,5464],[-39,-25]],[[4217,3491],[-50,10]],[[4167,3501],[-11,36]],[[4156,3537],[39,25]],[[4195,3562],[50,-11]],[[4245,3551],[11,-35]],[[4256,3516],[-39,-25]],[[2609,7980],[-51,10]],[[2558,7990],[-11,36]],[[2547,8026],[40,25]],[[2587,8051],[50,-11]],[[2637,8040],[11,-35]],[[2648,8005],[-39,-25]],[[4702,4521],[-50,11]],[[4652,4532],[-11,35]],[[4641,4567],[39,25]],[[4680,4592],[50,-10]],[[4730,4582],[11,-36]],[[4741,4546],[-39,-25]],[[2570,5963],[-50,11]],[[2520,5974],[-11,35]],[[2509,6009],[39,25]],[[2548,6034],[50,-10]],[[2598,6024],[11,-36]],[[2609,5988],[-39,-25]],[[7651,4399],[-10,35]],[[7680,4459],[50,-10]],[[7730,4449],[11,-36]],[[7741,4413],[-39,-25],[-51,11]],[[4757,3410],[-50,11]],[[4707,3421],[-11,36]],[[4696,3457],[39,25]],[[4735,3482],[50,-11]],[[4785,3471],[11,-36]],[[4796,3435],[-39,-25]],[[5579,5968],[-11,36]],[[5568,6004],[40,25]],[[5608,6029],[50,-11]],[[5658,6018],[11,-35]],[[5669,5983],[-40,-25],[-50,10]],[[7641,4434],[-50,11]],[[7591,4445],[-11,36]],[[7580,4481],[39,24]],[[7619,4505],[51,-10],[10,-36]],[[7680,4459],[-39,-25]],[[3099,6385],[-50,11]],[[3049,6396],[-11,35]],[[3038,6431],[39,25]],[[3077,6456],[50,-10]],[[3127,6446],[11,-36]],[[3138,6410],[-39,-25]],[[5845,9899],[-50,11],[-11,35],[40,25],[50,-10]],[[5874,9960],[11,-36]],[[5885,9924],[-40,-25]],[[4776,5205],[-50,10]],[[4726,5215],[-11,36]],[[4715,5251],[40,25]],[[4755,5276],[50,-11]],[[4805,5265],[11,-35]],[[4816,5230],[-40,-25]],[[6171,4479],[-50,10]],[[6121,4489],[-11,36]],[[6110,4525],[39,25]],[[6149,4550],[50,-11]],[[6199,4539],[11,-35]],[[6210,4504],[-39,-25]],[[8314,5325],[-50,11]],[[8264,5336],[-10,35]],[[8254,5371],[39,25]],[[8293,5396],[50,-10]],[[8343,5386],[11,-36]],[[8354,5350],[-40,-25]],[[5042,4017],[-50,10]],[[4992,4027],[-10,36]],[[4982,4063],[39,25]],[[5021,4088],[50,-11]],[[5071,4077],[11,-35]],[[5082,4042],[-40,-25]],[[2527,7632],[-50,10]],[[2477,7642],[-11,36]],[[2466,7678],[40,25]],[[2506,7703],[50,-11]],[[2556,7692],[11,-35]],[[2567,7657],[-40,-25]],[[7108,5580],[-50,11]],[[7058,5591],[-11,35]],[[7047,5626],[40,25]],[[7087,5651],[50,-10]],[[7137,5641],[11,-36]],[[7148,5605],[-40,-25]],[[89,5778],[11,-36]],[[100,5742],[-39,-25],[-50,10],[-11,36],[39,25],[50,-10]],[[2618,6418],[-50,11]],[[2568,6429],[-11,35]],[[2557,6464],[40,25]],[[2597,6489],[50,-10]],[[2647,6479],[11,-36]],[[2658,6443],[-40,-25]],[[3458,6444],[-51,10]],[[3407,6454],[-11,36]],[[3396,6490],[40,25]],[[3486,6504],[11,-35]],[[3497,6469],[-39,-25]],[[9581,5022],[-50,11]],[[9531,5033],[-10,36]],[[9521,5069],[39,24]],[[9560,5093],[50,-10]],[[9610,5083],[11,-36]],[[9621,5047],[-40,-25]],[[8108,8365],[-50,11],[-11,35],[40,25],[50,-11],[11,-35],[-40,-25]],[[6775,5750],[-51,11]],[[6724,5761],[-10,35]],[[6714,5796],[39,25]],[[6753,5821],[50,-10]],[[6803,5811],[11,-36]],[[6814,5775],[-39,-25]],[[2839,6007],[-51,11]],[[2788,6018],[-11,35]],[[2777,6053],[40,25]],[[2817,6078],[50,-10]],[[2867,6068],[11,-36]],[[2878,6032],[-39,-25]],[[5759,5531],[-51,11]],[[5708,5542],[-10,35]],[[5698,5577],[39,25]],[[5737,5602],[50,-10]],[[5787,5592],[11,-36]],[[5798,5556],[-39,-25]],[[6539,4034],[-50,11]],[[6489,4045],[-10,35]],[[6479,4080],[39,25]],[[6518,4105],[50,-10]],[[6568,4095],[11,-36]],[[6579,4059],[-40,-25]],[[6677,5138],[-11,36]],[[6666,5174],[40,25]],[[6706,5199],[50,-11]],[[6756,5188],[11,-36]],[[6767,5152],[-40,-25],[-50,11]],[[6233,5831],[-51,11]],[[6182,5842],[-10,35]],[[6172,5877],[39,25]],[[6211,5902],[50,-10]],[[6261,5892],[11,-36]],[[6272,5856],[-39,-25]],[[6281,3489],[-50,10]],[[6231,3499],[-11,36]],[[6220,3535],[40,25]],[[6260,3560],[50,-11]],[[6310,3549],[11,-35]],[[6321,3514],[-40,-25]],[[5142,4928],[-50,11]],[[5092,4939],[-11,35]],[[5081,4974],[39,25]],[[5120,4999],[51,-10]],[[5171,4989],[10,-36]],[[5181,4953],[-39,-25]],[[3311,6308],[-50,10]],[[3261,6318],[-11,36]],[[3250,6354],[39,25]],[[3289,6379],[50,-10]],[[3339,6369],[11,-36]],[[3350,6333],[-39,-25]],[[8381,4944],[-50,11]],[[8331,4955],[-10,35]],[[8321,4990],[39,25]],[[8360,5015],[50,-10]],[[8410,5005],[11,-36]],[[8421,4969],[-40,-25]],[[7003,4836],[-50,11]],[[6953,4847],[-11,35]],[[6942,4882],[40,25],[50,-10],[11,-36],[-40,-25]],[[4727,4749],[-51,11]],[[4676,4760],[-10,35]],[[4666,4795],[39,25]],[[4705,4820],[50,-10]],[[4755,4810],[11,-36]],[[4766,4774],[-39,-25]],[[6109,3125],[-50,10]],[[6059,3135],[-11,36]],[[6048,3171],[40,25]],[[6088,3196],[50,-11]],[[6138,3185],[10,-35]],[[6148,3150],[-39,-25]],[[5382,4911],[40,25]],[[5422,4936],[50,-10]],[[5472,4926],[11,-36]],[[5483,4890],[-40,-25],[-50,10],[-11,36]],[[5029,3286],[-50,11]],[[4979,3297],[-11,36]],[[4968,3333],[39,25]],[[5007,3358],[50,-11]],[[5057,3347],[11,-36]],[[5068,3311],[-39,-25]],[[7013,8860],[-50,10]],[[6963,8870],[-11,36]],[[6952,8906],[40,25]],[[6992,8931],[50,-11]],[[7042,8920],[11,-35]],[[7053,8885],[-40,-25]],[[3303,7870],[-51,11]],[[3252,7881],[-11,35]],[[3241,7916],[40,25]],[[3281,7941],[50,-10],[11,-36]],[[3342,7895],[-39,-25]],[[4294,4007],[-50,11]],[[4244,4018],[-11,35]],[[4233,4053],[40,25]],[[4273,4078],[50,-10]],[[4323,4068],[11,-36]],[[4334,4032],[-40,-25]],[[8147,4627],[-50,11]],[[8097,4638],[-11,35]],[[8086,4673],[40,25]],[[8126,4698],[50,-11]],[[8176,4687],[11,-35]],[[8187,4652],[-40,-25]],[[4237,3886],[-50,11]],[[4187,3897],[-11,35]],[[4176,3932],[40,25]],[[4216,3957],[50,-10]],[[4266,3947],[11,-36]],[[4277,3911],[-40,-25]],[[3486,6504],[-50,11]],[[3436,6515],[-11,35]],[[3425,6550],[39,25]],[[3464,6575],[51,-10]],[[3515,6565],[10,-36]],[[3525,6529],[-39,-25]],[[2485,5782],[-51,10]],[[2434,5792],[-10,36]],[[2424,5828],[39,25]],[[2463,5853],[50,-11]],[[2513,5842],[11,-35]],[[2524,5807],[-39,-25]],[[2503,7405],[40,25]],[[2543,7430],[50,-11]],[[2593,7419],[11,-35]],[[2604,7384],[-40,-25],[-50,10],[-11,36]],[[5354,3451],[-50,11],[-11,35],[40,25]],[[5333,3522],[50,-10]],[[5383,3512],[10,-36]],[[5393,3476],[-39,-25]]]}